"registro_id","url","title","word_count"
"1","https://www.boatos.org/brasil/37-mil-detentos-vao-sair-roubar-indulto-de-natal.html","37 mil detentos vão sair para roubar no indulto de Natal #boato","655"
"2","https://www.boatos.org/brasil/52-anos-nova-idade-idoso-rio-de-janeiro.html","52 anos é a nova idade do idoso no Rio de Janeiro #boato","922"
"3","https://www.boatos.org/brasil/57-anos-nova-idade-idoso-rio-de-janeiro.html","57 anos é a nova idade do idoso no Rio de Janeiro #boato","825"
"4","https://www.boatos.org/brasil/7-boatos-divulgar-videos-bizarros.html","7 boatos que só serviram para ajudar a divulgar vídeos bizarros na web","810"
"5","https://www.boatos.org/brasil/7-boatos-informacoes-erradas-imprensa.html","7 boatos que nasceram de informações erradas da imprensa – Parte 1","1308"
"6","https://www.boatos.org/brasil/7-boatos-nasceram-na-imprensa-parte-2.html","7 boatos que nasceram de informações erradas na imprensa – Parte 2","1413"
"7","https://www.boatos.org/brasil/7-boatos-sobre-cachorros.html","7 boatos sobre cachorros que circulam na internet","1173"
"8","https://www.boatos.org/brasil/7-fake-news-beneficios.html","Bolsa gay, prostituição, corno etc… 7 fake news sobre benefícios que já circularam na web","731"
"9","https://www.boatos.org/brasil/87-mil-reprovaram-redacao-enem-usar-pronome-neutro.html","87 mil reprovaram na redação do Enem por usar pronome neutro #boato","483"
"10","https://www.boatos.org/brasil/9-pessoas-morreram-em-uti-bebe-foi-encontrado-boiando-e-ha-2-000-mortos-em-canoas-no-rio-grande-do-sul.html","É falso que 9 morreram em UTI e há 2.000 corpos boiando em Canoas; relato de bebê boiando carece de provas","861"
"11","https://www.boatos.org/brasil/abono-extra-r-2-mil-para-aposentados-bpc-inss-liberado-governo.html","Abono extra de R$ 2 mil para aposentados do BPC e INSS é liberado pelo governo #boato","713"
"12","https://www.boatos.org/brasil/acai-tera-venda-proibida-brasil-partir-2024.html","É falso que o açaí terá a venda proibida no Brasil em 2024","479"
"13","https://www.boatos.org/brasil/adelio-bispo-covid-19-foto-sendo-internado.html","Adélio Bispo está com Covid-19 e foto mostra ele sendo internado #boato","527"
"14","https://www.boatos.org/brasil/adenilton-pereira-dos-santos-esta-internado-no-hospital-com-morte-encefalica-e-precisa-de-cirurgia.html","Boato sobre homem em morte encefálica e cirurgia urgente circula nas redes como de hospitais de diversos locais do Brasil","591"
"15","https://www.boatos.org/brasil/ajude-caua-de-2-anos-que-tem-autismo-e-dois-tipos-de-cancer-em-vaquinha-online.html","Golpe da falsa vaquinha cita caso de Cauã, com 2 anos, dois tipos de câncer e autismo","743"
"16","https://www.boatos.org/brasil/alcool-gel-causa-incendio-carro-calor.html","Garrafa de álcool em gel causa incêndio em carro por causa do calor #boato","786"
"17","https://www.boatos.org/brasil/alerta-maximo-frio-extremo-temperaturas-mais-baixas-ultimos-50-anos.html","Alerta máximo de frio extremo com temperaturas mais baixas dos últimos 50 anos #boato","699"
"18","https://www.boatos.org/brasil/alexandre-de-moraes-stf-multou-balneario-camboriu-em-r-10-mil-cada-morador-de-rua-recolhido.html","Ministro do STF, Alexandre de Moraes, não multou Balneário Camboriú em R$ 10 mil, após situação com moradores de rua","1207"
"19","https://www.boatos.org/brasil/aluno-unb-anus-protesto.html","Aluno da UnB sofre rompimento em parte íntima durante protesto contra o MEC #boato","690"
"20","https://www.boatos.org/brasil/alunos-do-ensino-fundamental-foram-condenados-a-indenizar-professor-em-r-12-mil-por-causa-de-figurinhas-de-whatsapp.html","Não é verdade que alunos do Ensino Fundamental tenham sido condenados a indenizar professor em R$ 12 mil por causa de figurinhas de WhatsApp","764"
"21","https://www.boatos.org/brasil/ambev-ferias-coletivas-para-fabricacao-cerveja-novo-coronavirus.html","Ambev dá férias coletivas e para fabricação de cerveja por causa do novo coronavírus #boato","488"
"22","https://www.boatos.org/brasil/ana-de-8-anos-tem-epidermolise-bolhosa-e-gravou-video-pedindo-doacoes-em-vaquinha-online.html","Criminosos usam vídeo falso de menina Ana, que teria epidermólise bolhosa, para pedir doações em vaquinha online","868"
"23","https://www.boatos.org/brasil/analise-entenda-o-caso-suposto-serial-killer-da-moto-em-goiania.html","Análise: entenda o caso do suposto serial killer da moto em Goiânia","1195"
"24","https://www.boatos.org/brasil/andreas-von-richthofen-cracolandia.html","Andreas von Richthofen, irmão de Suzane, foi encontrado na cracolândia #boato","635"
"25","https://www.boatos.org/brasil/aninha-moura-passando-aids.html","Aninha Moura diz no WhatsApp que está passando aids para geral #boato","568"
"26","https://www.boatos.org/brasil/anuncio-de-vaga-de-emprego-no-trafico-em-morro-no-rio-de-janeiro.html","“Anúncio de vaga” em tráfico no Rio de Janeiro é uma sátira","588"
"27","https://www.boatos.org/brasil/araras-filmadas-lagoa-rodrigo-freitas-rio-de-janeiro-pandemia.html","Araras são filmadas na Lagoa Rodrigo de Freitas, no Rio de Janeiro, durante pandemia #boato","953"
"28","https://www.boatos.org/brasil/arnaldo-jabor-criticando-carnaval.html","Arnaldo Jabor escreve texto criticando o carnaval #boato","681"
"29","https://www.boatos.org/brasil/arnaldo-jabor-lei-caminhao-de-lixo.html","Arnaldo Jabor faz texto “A Lei do Caminhão de Lixo” #boato","664"
"30","https://www.boatos.org/brasil/assassino-de-criancas-creche-blumenau-foi-espancado-prisao-boato.html","Assassino de crianças em creche de Blumenau foi espancado na prisão #boato","631"
"31","https://www.boatos.org/brasil/aviao-que-caiu-em-vinhedo-foi-sabotado.html","Não há provas nem lógica na hipótese de que avião que caiu em Vinhedo foi sabotado","656"
"32","https://www.boatos.org/brasil/avo-esta-vendendo-colares-para-a-neta-que-cria-sozinho-desde-2017.html","Golpe inventa história sobre avô que está vendendo colares para a neta que cria sozinho desde 2017","1136"
"33","https://www.boatos.org/brasil/bala-chumbinho-baleia-azul.html","Bala com chumbinho da Baleia Azul é entregue em escola, alerta “tia” #boato","698"
"34","https://www.boatos.org/brasil/bala-matou-menina-agatha-felix-fuzil-traficante-laudo.html","Bala que matou a menina Ágatha Félix saiu do fuzil de um traficante, aponta laudo #boato","902"
"35","https://www.boatos.org/brasil/balas-ursinho-droga-brasil.html","Balas de ursinho com droga levam crianças ao óbito no Brasil #boato","698"
"36","https://www.boatos.org/brasil/balela-vitima-quebra-os-dentes-de-assaltante-e-tem-que-pagar-protese.html","Balela: vítima quebra os dentes de assaltante e tem que pagar prótese","643"
"37","https://www.boatos.org/brasil/bandeira-china-hasteada-lugar-brasileira-votuporanga-sebastianopolis-do-sul-sao-paulo.html","Bandeira da China foi hasteada no lugar da brasileira entre Votuporanga e Sebastianópolis do Sul (São Paulo) #boato","787"
"38","https://www.boatos.org/brasil/bandido-auxilio-reclusao-assalto.html","Bandido ganha R$ 4 mil de auxílio-reclusão e comete assalto, mostra vídeo #boato","445"
"39","https://www.boatos.org/brasil/bandidos-carro-cpfl-assaltos-cidades-sao-paulo.html","Bandidos usam carro da CPFL para realizar assaltos em cidades de São Paulo #boato","1447"
"40","https://www.boatos.org/brasil/bandidos-distribuindo-mascaras-com-produtos-quimicos-casa-para-assaltar.html","Bandidos estão distribuindo máscaras com produtos químicos de casa em casa para assaltar #boato","830"
"41","https://www.boatos.org/brasil/bandidos-estao-colocando-drogas-em-papel-higienico-para-dopar-mulheres-em-bares.html","É falso que papel higiênico esteja sendo adulterado com drogas para dopar mulheres em bares","535"
"42","https://www.boatos.org/brasil/bandidos-estao-usando-papel-nova-droga-funciona-pelo-toque-realizar-sequestros.html","Bandidos estão usando papel com nova droga que funciona pelo toque para realizar sequestros #boato","829"
"43","https://www.boatos.org/brasil/bandidos-roupas-profissionais-saude-van-bombeiros-assaltos.html","Bandidos com roupas de profissionais de saúde e van vermelha Fiat dos bombeiros estão realizando assaltos #boato","823"
"44","https://www.boatos.org/brasil/bar-amarelinho-rio-de-janeiro-faliu-fechou-portas-definitivamente.html","Bar Amarelinho, no Rio de Janeiro, faliu e fechou as portas definitivamente #boato","688"
"45","https://www.boatos.org/brasil/bar-brahma-centro-de-sao-paulo-fechar-definitivamente-isolamento-social.html","Bar Brahma, no Centro de São Paulo, vai fechar definitivamente por causa do isolamento social #boato","678"
"46","https://www.boatos.org/brasil/bebe-nasce-rabo-santarem-para-foto.html","Bebê nasce com rabo na cidade de Santarém (Pará), mostra foto #boato","499"
"47","https://www.boatos.org/brasil/bloco-de-carnaval-bradesco-bangu-2021.html","Bloco de carnaval no Bradesco de Bangu é filmado em 2021 #boato","620"
"48","https://www.boatos.org/brasil/boato-fazenda-angolana-fornece-beagles-instituto-royal.html","Boato diz que Fazenda Angolana fornece beagles para Instituto Royal","520"
"49","https://www.boatos.org/brasil/bolsonaro-chega-a-teresina-e-recebido-por-multidao-hoje-em-2022.html","Bolsonaro chega a Teresina e é recebido por multidão hoje, em 2022 #boato","584"
"50","https://www.boatos.org/brasil/bolsonaro-comemorou-morte-paulo-gustavo-por-covid-19.html","Bolsonaro comemorou morte de Paulo Gustavo por Covid-19 #boato","742"
"51","https://www.boatos.org/brasil/bolsonaro-ganha-selo-honestidade-durante-reuniao-g20.html","Bolsonaro ganha selo de honestidade durante reunião do G20 #boato","717"
"52","https://www.boatos.org/brasil/bombeiros-defesa-civil-retirem-eletrodomesticos-tomadas-calor.html","Bombeiros e Defesa Civil alertam para que pessoas retirem eletrodomésticos das tomadas por causa do calor #boato","578"
"53","https://www.boatos.org/brasil/brasil-esta-alerta-vermelho-greve-caminhoneiros-falta-remedios-guerra-com-china.html","Brasil está em alerta vermelho com greve de caminhoneiros, falta de remédios e guerra com a China #boato","1432"
"54","https://www.boatos.org/brasil/brasil-fecha-fronteiras-paises-america-do-sul-2022.html","Brasil fecha fronteiras com países da América do Sul em 2022 #boato","405"
"55","https://www.boatos.org/brasil/brasileiros-deportados-por-trump-cometeram-crimes-nos-eua.html","Não é possível dizer que brasileiros deportados cometeram crimes nos EUA e foram algemados por isso","920"
"56","https://www.boatos.org/brasil/bruno-de-11-anos-pediu-comida-em-vez-de-brinquedo-e-recebe-doacoes-em-site-de-vaquinha.html","Golpistas usam vídeo antigo de Bruno, de 11 anos, que pediu comida em vez de brinquedo para criar vaquinha falsa","804"
"57","https://www.boatos.org/brasil/bruno-guimaraes-buhler-audio.html","Bruno Guimarães Buhler (CORE) foi morto por causa de denúncia em áudio #boato","859"
"58","https://www.boatos.org/brasil/burundanga-bandidos-trafico-orgaos.html","Burundanga está sendo usada por bandidos em tráfico de órgãos #boato","705"
"59","https://www.boatos.org/brasil/cachorro-desfigura-ladrao.html","Cachorro desfigura rosto de ladrão que tentou invadir casa #boato","549"
"60","https://www.boatos.org/brasil/cachorro-salva-bebe-que-mae-jogou-apos-nascimento-diz-historia-falsa.html","Cachorro salva bebê que mãe jogou após nascimento #boato","520"
"61","https://www.boatos.org/brasil/caco-barcellos-agredido-povo-2020-ataques-globo-bolsonaro.html","Caco Barcellos foi agredido pelo povo em 2020 por causa de ataques da Globo a Bolsonaro #boato","591"
"62","https://www.boatos.org/brasil/caixa-bloqueou-auxilio-emergencial-pessoas-compraram-eletronicos.html","Caixa bloqueou Auxílio Emergencial de 187 mil pessoas que compraram eletrônicos após receber benefício #boato","716"
"63","https://www.boatos.org/brasil/caixoes-da-fema-chegaram-ao-brasil-para-mortos-das-enchentes-no-rio-grande-do-sul.html","É falso que “caixões da Fema” chegaram ao Brasil para enterro de mortos no RS","1049"
"64","https://www.boatos.org/brasil/caminhoneiro-morto-bala-borracha-prf.html","Caminhoneiro é morto por tiro de bala de borracha da PRF na BR-101 (Bahia) #boato","727"
"65","https://www.boatos.org/brasil/caminhoneiro-tiro-procura-familia.html","Caminhoneiro que tomou tiro na boca procura a família; compartilhe #boato","489"
"66","https://www.boatos.org/brasil/caminhoneiros-ceagesp-ceasa-sao-paulo-jogam-alimentos-quarentena.html","Ceagesp (Ceasa de São Paulo) joga alimentos fora por causa da quarentena, mostra vídeo #boato","623"
"67","https://www.boatos.org/brasil/caminhoneiros-greve-geral-maio-2020-contra-stf-governadores-defender-bolsonaro.html","Caminhoneiros farão greve geral em maio de 2020 contra o STF, governadores e para defender Bolsonaro #boato","566"
"68","https://www.boatos.org/brasil/caminhoneiros-todo-brasil-farao-greve-quarentena-coronavirus.html","Caminhoneiros de todo Brasil farão greve por causa da quarentena do coronavírus #boato","855"
"69","https://www.boatos.org/brasil/caminhoneiros-vao-fazer-greve-72-horas-stf-voto-impresso.html","Caminhoneiros vão fazer greve em 72 horas contra STF e por voto impresso #boato","832"
"70","https://www.boatos.org/brasil/capes-abriu-selecao-para-intercambio-em-mocambique-auxilio-financeiro.html","Programa da Capes de intercâmbio para Moçambique já foi concluído","411"
"71","https://www.boatos.org/brasil/caranguejo-gigante-praia-brasil-atacando-banhistas.html","Caranguejo gigante é encontrado em praia do Brasil e está atacando banhistas #boato","646"
"72","https://www.boatos.org/brasil/carimbadores-estao-colocando-sangue-com-hiv-em-papel-higienico-para-infectar-as-pessoas.html","Não há provas de que pessoas estejam colocando sangue em papel higiênico para infectar pessoas com HIV","568"
"73","https://www.boatos.org/brasil/cariocas-fazem-romaria-presidente-dutra-para-se-vacinar-sao-paulo.html","Cariocas fazem romaria na Presidente Dutra para se vacinar em São Paulo #boato","409"
"74","https://www.boatos.org/brasil/carreta-furacao-familia-incendio.html","Carreta Furacão salva família de incêndio em MG #boato","661"
"75","https://www.boatos.org/brasil/carta-aberta-empresarios-ribeirao-preto-sp-descumprimento-decreto.html","Carta aberta dos empresários de Ribeirão Preto (SP) fala em descumprimento de decreto #boato","1250"
"76","https://www.boatos.org/brasil/casa-sao-francisco-pede-doacoes-para-idosos-no-natal-em-site-anunciado-em-redes-sociais.html","Golpe cita doações para Casa São Francisco realizar Natal para idosos","908"
"77","https://www.boatos.org/brasil/cavalo-caramelo-morreu-apos-ser-resgatado-de-telhado-de-casa-no-rs.html","Mensagens que apontam que o cavalo Caramelo morreu é falsa","467"
"78","https://www.boatos.org/brasil/cbn-cnh-cancelada-ipva-atrasado.html","Rádio CBN anuncia que CNH será cancelada por causa de IPVA atrasado #boato","1069"
"79","https://www.boatos.org/brasil/ceagesp-reaproveitar-peixes-frutas-contaminados-chuva-sp.html","Ceagesp vai reaproveitar peixes e frutas contaminados pela chuva em SP #boato","680"
"80","https://www.boatos.org/brasil/cedae-alerta-ninguem-consumir-agua-torneira-filtro.html","Cedae alerta que ninguém deve consumir água da torneira ou de filtro #boato","740"
"81","https://www.boatos.org/brasil/cedae-vai-facer-manutencao-guandu-24-09-cortar-fornecimento-agua.html","Cedae vai fazer manutenção em Guandu em 24/09 e cortar fornecimento de água #boato","836"
"82","https://www.boatos.org/brasil/cedae-vai-fazer-manutencao-rio-24-de-setembro-2023.html","Fake news sobre “manutenção da Cedae” no dia 24 de setembro volta a circular em 2023","664"
"83","https://www.boatos.org/brasil/celso-mello-antecipou-aposentadoria-invalidez-stf-nao-pagar-imposto.html","Celso de Mello se aposentou por invalidez no STF para não pagar Imposto de Renda #boato","842"
"84","https://www.boatos.org/brasil/celular-carregando-explodiu-rosto.html","Celular carregando explodiu no rosto de um rapaz #boato","602"
"85","https://www.boatos.org/brasil/champinha-fugiu-unidade-prisional.html","Criminoso Champinha fugiu de unidade prisional na data de hoje #boato","563"
"86","https://www.boatos.org/brasil/china-acabou-estoque-de-plastico-brasil.html","China acabou com estoque de plástico do Brasil e comprou a Braskem #boato","834"
"87","https://www.boatos.org/brasil/china-comprou-cooperativas-do-parana-durante-pandemia.html","China comprou cooperativas I.Riedi e Moinho Iguaçu, do Paraná, durante pandemia #boato","1071"
"88","https://www.boatos.org/brasil/china-comprou-sabesp-cptm-comgas-anel-mineradora-band-globo.html","China comprou a Sabesp, CPTM, Comgas, Anel, mineradora, Band e Globo #boato","708"
"89","https://www.boatos.org/brasil/china-construiu-cidade-floresta-roubar-niobio-brasil.html","China construiu cidade no meio da floresta para roubar nióbio do Brasil #boato","820"
"90","https://www.boatos.org/brasil/chineses-comprando-hoteis-porto-seguro-faliram-quarentena.html","Chineses estão comprando os hotéis de Porto Seguro que faliram na quarentena #boato","477"
"91","https://www.boatos.org/brasil/chocolates-bombons-e-doces-envenenados-estao-matando-criancas-em-escolas-de-diversas-cidades-do-brasil.html","É falso que chocolates, bombons e doces envenenados estão matando crianças em escolas de diversas cidades do Brasil","780"
"92","https://www.boatos.org/brasil/chuva-toxica-vai-atingir-o-brasil-por-conta-da-fumaca-das-queimadas.html","Texto exagera ao cravar que chuva tóxica vá cair no Brasil nos próximos dias","696"
"93","https://www.boatos.org/brasil/cinco-sextas-sabados-domingos-boato.html","A cada 823 anos um mês tem 5 sextas, 5 sábados e 5 domingos #boato","499"
"94","https://www.boatos.org/brasil/comida-da-cadeia-e-melhor-que-comida-da-escola-afirma-hoax.html","Comida da cadeia é melhor que comida da escola, afirma hoax","459"
"95","https://www.boatos.org/brasil/comunismo-foi-instalado-supermercado-garibaldi-rio-grande-sul.html","Comunismo foi instalado em supermercado de Garibaldi (Rio Grande do Sul) #boato","888"
"96","https://www.boatos.org/brasil/concurso-do-sus-2025-oferece-vagas-com-salario-de-r11-mil-em-anuncio-online.html","É golpe a promessa de vagas no SUS 2025 com salários de até R$11 mil que circula por anúncios em redes sociais","579"
"97","https://www.boatos.org/brasil/conta-energia-eletrica-com-codigo-pix-e-um-golpe.html","Conta de energia elétrica com código PIX é um golpe #boato","737"
"98","https://www.boatos.org/brasil/corpo-foi-encontrado-em-caixa-dagua-da-copasa-em-contagem-e-agua-esta-contaminada.html","É falso que um corpo tenha sido encontrado em caixa d’água da Copasa e contaminou água em Contagem","782"
"99","https://www.boatos.org/brasil/corpo-homem-vaca-achados-estacao-cedae-nao-beber-agua-torneira.html","Corpo de homem e vaca são achados em estação da Cedae e não se deve beber água da torneira #boato","717"
"100","https://www.boatos.org/brasil/crianca-morre-ovo-cobra.html","Criança morre após comer ovo de cobra achando que era ovo de codorna #boato","753"
"101","https://www.boatos.org/brasil/crianca-registrada-nome-alquingel-homenagem-covid-19-espirito-santo.html","Criança é registrada com nome Alquingel em homenagem à Covid-19 no Espírito Santo #boato","597"
"102","https://www.boatos.org/brasil/davi-henrique-filho-do-caminhoneiro-marcos-tem-cancer-e-precisa-de-doacoes-em-vaquinha.html","Golpe cita Davi Henrique, filho do caminhoneiro Marcos, que teria câncer e precisaria de doações em vaquinha","814"
"103","https://www.boatos.org/brasil/delegado-alex-abdalla-quem-for-preso-descumprir-isolamento-social-processar-governador-policial.html","Delegado Alex Abdalla diz que quem for preso por descumprir o isolamento social pode processar o governador e o policial #boato","877"
"104","https://www.boatos.org/brasil/delegado-morre-filho-pegar-arma.html","Delegado morre após filho pegar arma sem ele perceber #boato","467"
"105","https://www.boatos.org/brasil/desembargador-ivo-sartori-trf-4-fala-intervencao-militar-brasil.html","Desembargador Ivo Sartori do TRF-4 fala sobre intervenção militar no Brasil #boato","847"
"106","https://www.boatos.org/brasil/dnit-vai-contratar-120-profissionais-trabalhar-ampliacao-rodovias.html","DNIT vai contratar 120 profissionais para trabalhar na ampliação de rodovias #boato","608"
"107","https://www.boatos.org/brasil/doacao-250-cadeiras-rodas-de-uma-igreja-centro-convencoes-rio-mar-na-barra-rio.html","Doação de 250 cadeiras de rodas de uma igreja no Centro de Convenções Rio Mar, na Barra (Rio) #boato","1053"
"108","https://www.boatos.org/brasil/doacao-cinco-filhotes-caes-orfaos-teresopolis.html","Doação de cinco filhotes de cães que ficaram órfãos em Teresópolis #boato","529"
"109","https://www.boatos.org/brasil/doacao-de-200-latas-de-leite-nan.html","Doação de 200 latas de leite NAN que vão vencer em MG #boato","424"
"110","https://www.boatos.org/brasil/doacao-filhotes-perderam-mae.html","Doação de filhotes de labrador que perderam a mãe; repassem! #boato","554"
"111","https://www.boatos.org/brasil/dois-municipios-do-maranhao-com-9-mil-habitantes-tem-101-mil-aposentados.html","Acusação de que 2 municípios do Maranhão têm 101 mil aposentados mortos que votaram em Lula é falsa","1284"
"112","https://www.boatos.org/brasil/dono-lava-jato-morto-guarda-municipal-quarentena-coronavirus.html","Dono de lava jato de Maringá é morto pela Guarda Civil por não respeitar quarentena do coronavírus #boato","612"
"113","https://www.boatos.org/brasil/dono-stadt-jever-critica-cerveja-ambev-audio-whatsapp.html","Dono do Stadt Jever critica cerveja Ambev em áudio no WhatsApp #boato","917"
"114","https://www.boatos.org/brasil/droga-strawberry-quick-escolas.html","Nova droga Strawberry Quick está sendo distribuída em escolas #boato","707"
"115","https://www.boatos.org/brasil/elisa-mirela-guedes-de-lima-esta-internada-precisa-de-sangue-ab-negativo.html","Elisa Mirela Guedes de Lima está internada e precisa de sangue AB negativo #boato","634"
"116","https://www.boatos.org/brasil/em-altamira-homem-errou-quatro-tiros-no-atual-da-ex-e-depois-se-matou.html","Vídeo sobre ataque em Altamira tem desfecho falso e distorce caso real","528"
"117","https://www.boatos.org/brasil/embraer-pede-video-intervencao-militar-brasil.html","Embraer pede, em vídeo, intervenção militar no Brasil #boato","772"
"118","https://www.boatos.org/brasil/empresarios-de-belo-horizonte-juiz-de-fora-vicosa-curitiba-fortaleza-escrevem-carta-aberta-pregando-desobediencia-lockdown.html","Empresários de Belo Horizonte, Juiz de Fora, Viçosa, Curitiba e Fortaleza escrevem carta aberta pregando desobediência ao lockdown #boato","3135"
"119","https://www.boatos.org/brasil/empresarios-santos-uberaba-escrevem-carta-aberta-contra-lockdown.html","Empresários de Santos (SP) e Uberaba (MG) escrevem carta aberta contra o lockdown #boato","1615"
"120","https://www.boatos.org/brasil/enfermeira-flagrada-paciente-covid-19-hospital-amazonas-video.html","Enfermeira é flagrada com paciente com Covid-19 em hospital do Amazonas, mostra vídeo #boato","979"
"121","https://www.boatos.org/brasil/engemax-engmax-construtora-vagas-de-emprego-nova-fabrica.html","Engemax (Engmax) Construtora tem vagas de emprego para nova fábrica #boato","583"
"122","https://www.boatos.org/brasil/estudante-de-medicina-fez-operacao-em-namorado-em-guarapari.html","Estudante de medicina fez “operação em namorado” em Guarapari (ES) #boato","588"
"123","https://www.boatos.org/brasil/exame-raio-x-barata-peito.html","Exame de raio-X mostra barata no peito de um homem de Rondônia #boato","536"
"124","https://www.boatos.org/brasil/exercito-brasileiro-convoca-reservistas-lutar-ucrania.html","Exército Brasileiro convoca reservistas para lutar na Ucrânia #boato","497"
"125","https://www.boatos.org/brasil/exercito-matou-dezenas-bandidos-rio.html","Exército matou dezenas de bandidos no Rio de Janeiro #boato","709"
"126","https://www.boatos.org/brasil/faca-aco-niobio-corta-barra.html","Faca de aço com nióbio corta barra de aço, mostra vídeo #boato","684"
"127","https://www.boatos.org/brasil/fbi-cia-descobrem-professor-espiao-governo-chines-brasil.html","FBI e CIA descobrem que professor é espião do governo chinês no Brasil #boato","1236"
"128","https://www.boatos.org/brasil/fevereiro-tem-4-domingos-4-segundas-4-tercas-etc-uma-vez-cada-823-anos.html","Fevereiro tem 4 domingos, 4 segundas, 4 terças etc. uma vez a cada 823 anos #boato","461"
"129","https://www.boatos.org/brasil/filho-bombeiro-que-se-acidentou-pede-oracoes-em-redes-sociais.html","Pedido de oração para filho bombeiro acidentado é fake com foto gerada por IA","783"
"130","https://www.boatos.org/brasil/filho-bonner-fatima-bebado-carteira.html","Filho de Bonner e Fátima dirigia bêbado e sem habilitação #boato","415"
"131","https://www.boatos.org/brasil/filtros-mann-carta-ministerio-saude-criticando-mascaras-china.html","Filtros Mann envia carta ao Ministério da Saúde criticando compra de máscaras da China #boato","1225"
"132","https://www.boatos.org/brasil/fogo-de-chao-chama-globo-cnn-de-globolixo-cnnlixo-resposta-puxadinho.html","Fogo de Chão chama Globo e CNN de “#GloboLixo” e “#CNNLixo” em resposta sobre “puxadinho” #boato","1089"
"133","https://www.boatos.org/brasil/foto-antiga-praia-ipanema-publicada-estadao-atual-boato.html","Foto antiga da praia de Ipanema foi publicada no Estadão como se fosse atual #boato","530"
"134","https://www.boatos.org/brasil/fotos-animais-feridos-mortos-queimadas-amazonia.html","Fotos mostram animais feridos ou mortos por causa de queimadas na Amazônia #boato","856"
"135","https://www.boatos.org/brasil/fotos-mostram-mofo-shopping-brasil-ar-condicionado-desligado.html","Fotos mostram mofo em shopping no Brasil que ficou com o ar-condicionado desligado #boato","427"
"136","https://www.boatos.org/brasil/frente-fria-historica-vai-chegar-ao-brasil-e-vai-nevar-em-fevereiro-de-2026.html","Fake news de canal no Tiktok aponta que frente fria histórica vai chegar ao Brasil e vai nevar em fevereiro de 2026","776"
"137","https://www.boatos.org/brasil/funcionario-da-enel-e-espancado-e-morto-por-populares-em-niteroi.html","Funcionário da Enel não morreu após ter sido agredido por populares em Niterói (RJ)","665"
"138","https://www.boatos.org/brasil/fundadores-lupa-agencia-censurar-direita-facebook.html","Foto mostra fundadores da Lupa, que é uma agência criada para censurar a direita no Facebook #boato","1304"
"139","https://www.boatos.org/brasil/furacao-porto-seguro-eunapolis-video.html","Furacão atingiu Porto Seguro e Eunápolis (Bahia) hoje, mostra vídeo #boato","637"
"140","https://www.boatos.org/brasil/gael-de-8-meses-caiu-da-cama-teve-morte-encefalica.html","Em apuração: Gael de 8 meses caiu da cama e teve morte encefálica","805"
"141","https://www.boatos.org/brasil/garota-virgem-engravida-vacina.html","Garota virgem engravida após tomar vacina contra febre amarela (gripe) #boato","828"
"142","https://www.boatos.org/brasil/gilberto-salvou-familia-de-carro-em-chamas-e-precisa-de-vaquinha.html","Golpe usa história falsa de Gilberto, que teria salvo família de carro em chamas e precisa de vaquinha","892"
"143","https://www.boatos.org/brasil/gilmar-mendes-sera-investigado-em-portugal-por-conta-de-patrimonio.html","Gilmar Mendes não está sendo investigado em Portugal","896"
"144","https://www.boatos.org/brasil/ginecologista-nega-atender-travesti.html","Ginecologista se nega a atender travesti e é preso por homofobia #boato","600"
"145","https://www.boatos.org/brasil/globo-imagens-tragedia-lampedusa-2013-bergamo-2020.html","Globo usou imagens da tragédia de Lampedusa em 2013 como se fossem de Bergamo em 2020 #boato","446"
"146","https://www.boatos.org/brasil/golpe-da-vacina-pix-numero-95004-1117-esta-sendo-aplicado-2024.html","É falso que haja um “golpe da vacina e do Pix”","561"
"147","https://www.boatos.org/brasil/governo-bolsa-crack-usuarios-drogas.html","Governo está pagando Bolsa Crack de R$ 1.500 para todos os viciados #boato","808"
"148","https://www.boatos.org/brasil/governo-bolsa-usuario-drogados.html","Governo paga Bolsa Usuário de R$ 1.000 pelo resto da vida para drogados #boato","793"
"149","https://www.boatos.org/brasil/governo-federal-proibicao-de-aulas-presenciais.html","Governo Federal decreta proibição de aulas presenciais em todo Brasil #boato","749"
"150","https://www.boatos.org/brasil/governo-lei-proibe-saida-pessoas-rua-30-04-multa-r-1-443-prisao-30-dias.html","Governo cria lei que proíbe saída de pessoas na rua até 30/04, prevê multa de R$ 1.443 e prisão por 30 dias #boato","604"
"151","https://www.boatos.org/brasil/governo-pm-ceara-proibiram-bandeira-brasil-estado.html","Governo do Ceará e PM proibiram a bandeira do Brasil no estado #boato","812"
"152","https://www.boatos.org/brasil/grande-marca-frango-retirada-mercados-contaminacao-2023.html","Notícia que aponta que marca de frango foi retirada dos mercados por suspeita de contaminação é antiga","681"
"153","https://www.boatos.org/brasil/guga-chacra-chorou-ao-vivo-globo-saber-vitoria-milei.html","É falso que Guga Chacra tenha chorado ao vivo por causa da vitória de Milei na Argentina","512"
"154","https://www.boatos.org/brasil/habibs-faliu-vai-fechar-lojas-anuncia-que-passa-o-ponto.html","Habib’s faliu, vai fechar lojas e anuncia que “passa o ponto” delas #boato","526"
"155","https://www.boatos.org/brasil/hidroxicloroquina-inventada-medico-paraense-gaspar-vianna.html","Hidroxicloroquina foi inventada pelo médico paraense Gaspar Vianna #boato","1037"
"156","https://www.boatos.org/brasil/historia-falsa-bebe-icaro-de-2-anos-foi-sequestrado-em-sorocaba.html","História falsa: bebê Ícaro, de 2 anos, foi sequestrado em Sorocaba","485"
"157","https://www.boatos.org/brasil/historia-falsa-mulher-passa-veneno-para-matar-marido.html","História falsa: mulher passa veneno para matar marido","554"
"158","https://www.boatos.org/brasil/hoax-bandidos-usam-droga-burundanga-escopolamina-para-assaltos.html","Bandidos usam droga burundanga (escopolamina) para assaltos #boato","955"
"159","https://www.boatos.org/brasil/hoax-compartilhe-historia-de-clarissa-ou-algo-ruim-acontecera.html","Hoax: compartilhe a história de Clarissa ou algo ruim acontecerá","738"
"160","https://www.boatos.org/brasil/hoax-mae-joga-filho-no-lixo-em-caucaia-cachorro-acha-e-leva-para-pm.html","Mãe joga bebê no lixo em Caucaia, cachorro acha e leva para PM #boato","398"
"161","https://www.boatos.org/brasil/homem-ameaca-matar-30-criancas.html","Homem ameaça matar 30 crianças em cidades do Brasil #boato","699"
"162","https://www.boatos.org/brasil/homem-auxilio-doenca-inss-corno.html","Homem traído 800 vezes ganha auxílio-doença do INSS por ser corno #boato","543"
"163","https://www.boatos.org/brasil/homem-bateu-mae-espancado.html","Homem que bateu em mãe de 84 anos foi espancado na prisão #boato","644"
"164","https://www.boatos.org/brasil/homem-foi-preso-por-vender-mosquito-da-dengue-para-atestados-medicos-em-goias.html","Fake antiga sobre homem preso por vender mosquito com dengue para atestado médico volta a circular","611"
"165","https://www.boatos.org/brasil/homem-morreu-campeonato-estranho.html","Homem morreu após vencer campeonato estranho em Marabá (PA) #boato","492"
"166","https://www.boatos.org/brasil/homem-ofereceu-doces-envenenados-na-saida-de-uma-escola-em-sao-paulo.html","É falso que homem ofereceu doces envenenados a crianças em escola de São Paulo","733"
"167","https://www.boatos.org/brasil/homem-preso-colar-parte-super-bonder.html","Homem é preso após colar as partes da esposa com Super Bonder #boato","538"
"168","https://www.boatos.org/brasil/homem-pula-congresso-reforma-previdencia.html","Homem pula do 19º andar do Congresso em protesto contra a reforma da Previdência #boato","559"
"169","https://www.boatos.org/brasil/homem-tentou-invadir-hospital-santa-rita-vitoria-es-matar-criancas.html","Homem invadiu hospital Santa Rita, em Vitória (ES), para matar crianças #boato","469"
"170","https://www.boatos.org/brasil/homossexuais-querem-cotas-em.html","Homossexuais querem cotas em universidades públicas #boato","572"
"171","https://www.boatos.org/brasil/hospital-do-cancer-flores-cada-10-pessoas-ganham-1-euro.html","Hospital do câncer pede para você repassar foto de flores porque a cada 10 pessoas eles ganham 1 euro #boato","524"
"172","https://www.boatos.org/brasil/hospital-sao-cristovao-divulga-lista-vagas-de-emprego-salarios-horarios.html","Hospital São Cristóvão divulga lista de vagas de emprego com salários e horários #boato","652"
"173","https://www.boatos.org/brasil/hospital-vital-brazil-sera-fechado-sao-paulo.html","Hospital Vital Brazil será fechado pelo Instituto Butantan em São Paulo #boato","665"
"174","https://www.boatos.org/brasil/hotel-de-luxo-na-amazonia-e-leiloado-e-vende-lencois-e-edredons-em-liquidacao.html","Hotel de luxo na Amazônia é leiloado e vende lençóis e edredons em liquidação #boato","708"
"175","https://www.boatos.org/brasil/idosa-em-sao-sepe-rs-vai-para-o-hospital-apos-festa-com-dj-e-gogoboys.html","Idosa em São Sepé (RS) vai para o hospital após festa com DJ e gogoboys #boato","555"
"176","https://www.boatos.org/brasil/idosa-levada-viva-saco-necroterio-hospital-belem.html","Idosa é levada viva em saco para necrotério de hospital em Belém, Pará #boato","787"
"177","https://www.boatos.org/brasil/idosa-sem-memoria-no-hospital-souza.html","Mulher está abandonada no Hospital Souza Aguiar #boato","420"
"178","https://www.boatos.org/brasil/idosos-70-anos-pis-anual-salario-minimo.html","Idosos com mais de 70 anos têm direito a PIS anual de um salário mínimo #boato","1056"
"179","https://www.boatos.org/brasil/imagem-maira-panas-garota-programa.html","Imagem prova que Maíra Panas era garota de programa #boato","558"
"180","https://www.boatos.org/brasil/imposto-federal-gasolina-cobrado-nota-fiscal-deve-ser-devolvido.html","Imposto federal sobre gasolina cobrado na nota fiscal deve ser devolvido #boato","893"
"181","https://www.boatos.org/brasil/indulto-de-natal-libera-27-mil-presos-temporariamente-ruas.html","Indulto de Natal libera 27 mil presos temporariamente nas ruas #boato","730"
"182","https://www.boatos.org/brasil/indulto-natal-libera-27-mil-presos-hoje.html","Indulto de Natal libera 27 mil presos nas ruas a partir de hoje #boato","708"
"183","https://www.boatos.org/brasil/instituto-nise-silveira-fechado.html","Instituto Nise da Silveira será fechado pelo prefeito do Rio de Janeiro #boato","616"
"184","https://www.boatos.org/brasil/interessados-bolsas-estudo-colegio-sao-bento-ligar-escola.html","Interessados em bolsas de estudo do Colégio São Bento devem ligar para a escola #boato","545"
"185","https://www.boatos.org/brasil/intervias-contrata-120-profissionais-trabalhar-rodovia-sertaozinho-ribeirao-preto.html","Intervias contrata 120 profissionais para trabalhar na rodovia Sertãozinho/Ribeirão Preto #boato","543"
"186","https://www.boatos.org/brasil/jovem-se-feriu-portao-pular-muro-sera-indenizado-r-70-mil-ministerio-da-justica.html","É falso que Ministério da Justiça vai indenizar jovem que se feriu em portão ao tentar pular muro em R$ 70 mil","644"
"187","https://www.boatos.org/brasil/juliana-rodrigues-garota-xingou-bobs-espancada.html","Juliana Rodrigues, garota que xingou funcionário do Bob’s, é espancada em Belford Roxo #boato","547"
"188","https://www.boatos.org/brasil/krista-marie-filha-cancer.html","Krista Marie tem uma filha Natalie com câncer e pede sua ajuda #boato","506"
"189","https://www.boatos.org/brasil/ladroes-se-disfarcam-funcionarios-laboratorio-assaltar-jardim-guanabara.html","Ladrões se disfarçam de funcionários de laboratório para assaltar no Jardim Guanabara #boato","616"
"190","https://www.boatos.org/brasil/laisla-aparecida-silva-desaparecida-seu-divino.html","Laisla Aparecida da Silva está desaparecida e é procurada por Seu Divino #boato","710"
"191","https://www.boatos.org/brasil/larinha-joao-e-gabriel-estao-doentes-e-pedem-doacoes.html","Casos de crianças doentes usados em falsos pedidos de doação comovem, mas são golpe","725"
"192","https://www.boatos.org/brasil/leandro-karnal-escreve-texto-ironia-destino-albert-bourla-ceo-pfizer.html","Leandro Karnal escreve texto “Ironia do Destino” sobre Albert Bourla, CEO da Pfizer #boato","964"
"193","https://www.boatos.org/brasil/lei-14132-preve-prisao-policiais-fecharem-comercio-agirem-favor-lockdown.html","Lei 14.132 prevê prisão para policiais de fecharem o comércio e agirem a favor do lockdown #boato","905"
"194","https://www.boatos.org/brasil/lei-seca-anunciada-governador-sao-paulo-rio-de-janeiro-pe-ma-pr.html","Lei Seca é anunciada por governador em São Paulo, Rio de Janeiro, PE, MA, PR etc. #boato","611"
"195","https://www.boatos.org/brasil/leite-nan-soy-doado-hospital-universitario.html","Leite Nan Soy está sendo doado pelo Hospital Universitário #boato","630"
"196","https://www.boatos.org/brasil/lenda-falsa-enfermeira-esta-passando-hiv-em-suposto-teste-de-glicose.html","Falsa enfermeira está passando HIV em suposto teste de glicose #boato","444"
"197","https://www.boatos.org/brasil/lenda-urbana-sereia-de-manaus-e-encontrada-na-praia-da-lua.html","Lenda urbana: Sereia de Manaus é encontrada na Praia da Lua","674"
"198","https://www.boatos.org/brasil/leoa-que-matou-homem-em-zoologico-de-joao-pessoa-sera-sacrificada.html","É falso que leoa que matou homem em zoológico de João Pessoa vá ser sacrificada","821"
"199","https://www.boatos.org/brasil/lg-parar-producao-doar-oxigenio-manaus.html","Vídeo mostra que LG decidiu parar produção e doar oxigênio para hospitais de Manaus #boato","662"
"200","https://www.boatos.org/brasil/light-desligar-energia-diversos-locais-rio-dar-suporte-defesa-civil.html","Não é verdade que Light anunciou corte de energia em diversos locais do Rio para “dar suporte” à Defesa Civil","547"
"201","https://www.boatos.org/brasil/lista-de-empresas-compradas-china-invasao-silenciosa-imperio-chines.html","Lista de empresas compradas pela China mostra invasão silenciosa do império chinês #boato","680"
"202","https://www.boatos.org/brasil/lockdown-total-distrito-federal-sera-decretado-por-ibaneis.html","Lockdown total no Distrito Federal será decretado por Ibaneis #boato","889"
"203","https://www.boatos.org/brasil/lojas-renner-faliu-fechara-lojas-brasil-causa-quarentena.html","Lojas Renner faliu e fechará todas as lojas no Brasil por causa da quarentena #boato","731"
"204","https://www.boatos.org/brasil/lotes-cerveja-glacial-estao-contaminados-substancia-toxica.html","Lotes da cerveja Glacial estão contaminados com substância tóxica #boato","563"
"205","https://www.boatos.org/brasil/lucas-e-uma-crianca-com-intestino-curto-que-precisa-de-doacoes.html","Golpistas usam história fictícia sobre menino Lucas, com intestino curto, para pedir doações","699"
"206","https://www.boatos.org/brasil/mackenzie-criou-video-sobre-tragedia-silenciosa-entre-pais-e-filhos-boato.html","Mackenzie criou vídeo sobre “tragédia silenciosa entre pais e filhos” #boato","416"
"207","https://www.boatos.org/brasil/mae-de-bebe-reborn-pediu-atendimento-para-filho-no-sus-enquanto-amamenta.html","Vídeo de mãe de bebê reborn pedindo atendimento no SUS é sátira","932"
"208","https://www.boatos.org/brasil/mae-precisa-12-milhoes-visualizacoes-conseguir-tratamento-filha.html","Mãe precisa de 12 milhões de visualizações para conseguir tratamento para filha #boato","515"
"209","https://www.boatos.org/brasil/maguila-dois-anos-asilo-sem-receber-visita-esposa-filhos.html","Maguila está há dois anos em um asilo e sem receber visita da esposa e filhos #boato","718"
"210","https://www.boatos.org/brasil/makro-fecha-portas-rio-de-janeiro-pandemia-isolamento-social.html","Makro fecha as portas no Rio de Janeiro por causa de pandemia e isolamento social #boato","528"
"211","https://www.boatos.org/brasil/manifestacao-quartel-porto-alegre-intervencao-militar.html","Manifestação na porta do quartel em Porto Alegre pede intervenção militar #boato","551"
"212","https://www.boatos.org/brasil/marcio-rocha-operador-nasdaq-critica-cobertura-midia-relacao-coronavirus.html","Márcio Rocha, operador da Nasdaq, critica cobertura da mídia em relação ao coronavírus #boato","633"
"213","https://www.boatos.org/brasil/maria-alice-tem-ame-precisa-de-doacoes-em-pix-para-comprar-remedio-e-foi-tema-de-programa-do-datena.html","Golpe cita nome de Maria Alice, AME e usa reportagem falsa atribuída a Brasil Urgente","940"
"214","https://www.boatos.org/brasil/maria-da-penha-ficou-paraplegica-por-conta-de-um-assalto-e-nao-por-agressoes-do-marido.html","Maria da Penha ficou paraplégica por conta de um assalto e não por agressões do marido #boato","646"
"215","https://www.boatos.org/brasil/medico-upa-belem-covid-19-causa-morte-vitima-pneumonia.html","Médico da UPA de Belém coloca Covid-19 como causa da morte de vítima de pneumonia #boato","1158"
"216","https://www.boatos.org/brasil/menina-010-por-video-para-cirurgia.html","Menina cega ganha 0,10 por vídeo postado para cirurgia na medula #boato","554"
"217","https://www.boatos.org/brasil/menina-alice-tem-o-cancer-linfoma-de-burkitt-e-precisa-de-doacoes.html","Golpistas inventam linfoma de Burkitt em menina Alice para criar vaquinha falsa","780"
"218","https://www.boatos.org/brasil/menina-cega-010-centavos.html","Menina cega vai ganhar 0,10 centavos por compartilhamento no Facebook #boato","591"
"219","https://www.boatos.org/brasil/menina-corta-bracos-rosto-baleia-azul.html","Menina corta braços e rosto por causa do jogo Baleia Azul no Brasil #boato","754"
"220","https://www.boatos.org/brasil/menina-de-16-anos-estupro-coletivo-boato.html","Caso de 33 homens e menina de 16 anos não foi estupro coletivo #boato","904"
"221","https://www.boatos.org/brasil/menina-morta-sera-indigente.html","Menina morta será enterrada como indigente #boato","1125"
"222","https://www.boatos.org/brasil/menina-quebra-pescoco-morre.html","Menina quebra o pescoço e morre após briga em escola de MG #boato","646"
"223","https://www.boatos.org/brasil/menina-raptada-shopping-aricanduva.html","Menina foi raptada por um casal no Shopping Aricanduva e está desaparecida #boato","760"
"224","https://www.boatos.org/brasil/menino-gabriel-tem-linfoma-de-burkitt-e-precisa-de-doacoes-para-tratamento.html","Golpe cita menino Gabriel que teria câncer Linfoma de Burkitt e precisaria de doações","562"
"225","https://www.boatos.org/brasil/menino-lucas-de-goias-tem-leucemia-e-precisa-de-doacoes-em-site-criado-para-vaquinha.html","Golpistas citam história falsa de menino Lucas, de Goiás, com leucemia em site falso de vaquinha","1021"
"226","https://www.boatos.org/brasil/menino-que-pediu-ajuda-a-dinosonso-pede-doacao-em-anuncio-pago-no-facebook-e-instagram.html","Golpistas se aproveitam de vídeo de menino que pediu ajuda a Dinosonso para criar vaquinha falsa","533"
"227","https://www.boatos.org/brasil/mentira-flanelinhas-borrifam-acido-em-vidros-de-carros-semaforo.html","Flanelinhas borrifam ácido em vidros de carros no semáforo #boato","881"
"228","https://www.boatos.org/brasil/mentira-foram-roubados-coletes-de-agentes-de-controle-da-dengue.html","Mentira: foram roubados coletes de agentes de controle da dengue","338"
"229","https://www.boatos.org/brasil/motorista-caminhao-sofreu-acidente-araguaina-esta-perdido-hospital.html","Não há provas de que homem internado seja motorista que sofreu acidente com carreta em Araguaína","395"
"230","https://www.boatos.org/brasil/mst-destruiu-fabrica-vacinas-durante-invasao.html","MST destruiu fábrica de vacinas durante invasão #boato","519"
"231","https://www.boatos.org/brasil/mst-fogo-fardos-de-algodao-primavera-do-leste-mt.html","MST colocou fogo em fardos de algodão na cidade de Primavera do Leste (MT) #boato","638"
"232","https://www.boatos.org/brasil/mst-gravou-video-depois-de-matar-tatus-e-fazer-churrasco.html","Não há provas de que vídeo de churrasco com carne de tatu seja em acampamento do MST","456"
"233","https://www.boatos.org/brasil/mst-laboratorio-vacina-meningite.html","MST queimou laboratório que produzia vacina contra a meningite #boato","544"
"234","https://www.boatos.org/brasil/mst-queimou-porcos-vivos-invadir-fazenda-mato-grosso.html","É falso que MST tenha queimado porcos vivos em fazenda no Mato Grosso","617"
"235","https://www.boatos.org/brasil/mulher-assaltada-hospital-simoes-filho.html","Mulher de São Paulo foi assaltada e está perdida no hospital Simões Filho #boato","652"
"236","https://www.boatos.org/brasil/mulher-com-covid-19-colocada-caixao-seria-enterrada-vida-governo-sao-paulo.html","Mulher com Covid-19 é colocada em caixão e seria enterrada viva pelo governo de São Paulo #boato","892"
"237","https://www.boatos.org/brasil/mulher-esta-perdida-ps-do-santana-2023.html","Mulher está perdida no PS do Santana em 2023 #boato","719"
"238","https://www.boatos.org/brasil/mulher-finge-passar-mal-para-realizar-assalto-em-sao-luis.html","É falso que mulher tenha fingido passar mal para realizar assalto em São Luís","668"
"239","https://www.boatos.org/brasil/mulher-foi-atacada-por-onca-e-ficou-machucada-em-cadeira.html","É falso que mulher machucada em cadeira tenha sido atacada por onça em Rondônia ou MT","422"
"240","https://www.boatos.org/brasil/mulher-foi-infectada-com-bacteria-presente-em-mortos-por-marido-que-trabalha-no-necroterio.html","História de mulher que pegou bactéria presente em mortos por causa do marido não tem comprovação","1045"
"241","https://www.boatos.org/brasil/mulher-morre-em-nova-iguacu-apos-beber-uisque-com-metanol.html","É falso que mulher tenha morrido em Nova Iguaçu após beber uísque com metanol","824"
"242","https://www.boatos.org/brasil/mulher-namorado-ser-rapido.html","Mulher mata namorado por ser rápido demais e é presa em MG #boato","475"
"243","https://www.boatos.org/brasil/mulher-pede-indenizacao-dote.html","Mulher pede indenização após se casar com homem com pouco dote #boato","477"
"244","https://www.boatos.org/brasil/mulher-perdida-instituto-mulher.html","Mulher está perdida e chorando há 4 dias no Instituto da Mulher #boato","510"
"245","https://www.boatos.org/brasil/mulher-pisou-cao-espancada-prisao.html","Mulher que pisou em cão é espancada na prisão e quase morre #boato","678"
"246","https://www.boatos.org/brasil/mulher-quase-morre-cobra.html","Mulher quase morre ao tentar colocar cobra na genitália #boato","580"
"247","https://www.boatos.org/brasil/mulher-queima-microondas-telefone-celular.html","Mulher se queima após abrir microondas enquanto atendia telefone celular #boato","864"
"248","https://www.boatos.org/brasil/nitrato-de-prata-baia-da-guanabara.html","Nitrato de prata matou arraias na Baía da Guanabara #boato","730"
"249","https://www.boatos.org/brasil/nobru-e-um-cachorro-border-collie-surdo-que-esta-disponivel-para-adocao.html","Não há comprovação de que Nobru, um cachorro border collie surdo, esteja disponível para adoção","810"
"250","https://www.boatos.org/brasil/nova-droga-morango-rapido-escolas.html","Nova droga chamada Morango Rápido está sendo distribuída nas escolas #boato","904"
"251","https://www.boatos.org/brasil/nova-lei-bafometro-prisao-beber-dirigir-diz-delegado.html","Nova lei do bafômetro prevê prisão para quem beber e dirigir, diz delegado #boato","953"
"252","https://www.boatos.org/brasil/nova-moeda-dim-substituir-real-final-2020.html","Nova moeda Dim vai substituir o real no final de 2020 #boato","792"
"253","https://www.boatos.org/brasil/oficina-automaquiagem-mulher-cancer-nenhuma-inscrita.html","Oficina de automaquiagem para mulher com câncer está sem nenhuma inscrita #boato","870"
"254","https://www.boatos.org/brasil/onca-parda-no-morro-da-urca-isolamento-social.html","Onça-parda é encontrada no Morro da Urca (Rio de Janeiro) após isolamento social #boato","684"
"255","https://www.boatos.org/brasil/ong-cantinho-das-borboletas-pede-doacoes-para-criancas-com-epidermolise-bolhosa.html","ONG falsa “Cantinho das Borboletas” usa vídeos criados por IA e fotos roubadas para desviar doações e aplicar golpes","1194"
"256","https://www.boatos.org/brasil/ong-urihi-denunciou-fome-povo-yanomami-desviou-r-33-milhoes-cofres-publicos.html","ONG Urihi, que denunciou fome em povo Yanomami, desviou R$ 33 milhões dos cofres públicos #boato","592"
"257","https://www.boatos.org/brasil/organizacao-humanitaria-de-angola-pede-doacoes-em-vaquinha.html","Golpe cita que Organização humanitária de Angola pede doações em vaquinha online","628"
"258","https://www.boatos.org/brasil/oswaldo-eustaquio-esta-paraplegico-apos-cair-prisao.html","Oswaldo Eustáquio está paraplégico após cair na prisão #boato","387"
"259","https://www.boatos.org/brasil/pablo-villaca-morreu-apos-ter-um-mau-subito-enquanto-andava-na-rua.html","É falso que cineasta Pablo Villaça tenham morrido aos 50 anos após sofrer um mau súbito na rua","499"
"260","https://www.boatos.org/brasil/panelas-hestan-sao-vendidas-com-80-de-desconto-no-brasil-em-loja-confiavel.html","Panelas Hestan são vendidas com 80% de desconto no Brasil em loja confiável #boato","668"
"261","https://www.boatos.org/brasil/papacapim-mensagem-compartilhada.html","Papacapim pede que mensagem no WhatsApp seja compartilhada #boato","507"
"262","https://www.boatos.org/brasil/papai-noel-fica-pendurado-helicoptero.html","Papai Noel fica pendurado em helicóptero durante chegada, mostra vídeo #boato","653"
"263","https://www.boatos.org/brasil/passagens-aereas-vendidas-50-desconto-idosos.html","Passagens aéreas devem ser vendidas com 50% de desconto para idosos #boato","968"
"264","https://www.boatos.org/brasil/passaros-libertados-greenpeace-video.html","Milhares de pássaros são libertados por ativistas do Greenpeace em vídeo #boato","416"
"265","https://www.boatos.org/brasil/paty-upp-morreu-aos-44-anos-por-complicacoes-relacionadas-ao-hiv.html","É falso que Paty UPP tenha morrido aos 44 anos por complicações relacionadas ao HIV","756"
"266","https://www.boatos.org/brasil/percival-de-souza-jornalista-da-record-morreu-em-janeiro-de-2025.html","É falso que Percival de Souza tenha morrido em janeiro de 2025","638"
"267","https://www.boatos.org/brasil/pescador-atacado-onca-filmava-rio-acaba-muito-ferido.html","Pescador é atacado por onça enquanto filmava rio e acaba muito ferido #boato","922"
"268","https://www.boatos.org/brasil/petroleo-encontrado-mato-grosso-bolsonaro.html","Petróleo para 80 anos de consumo é achado em Mato Grosso no governo Bolsonaro #boato","620"
"269","https://www.boatos.org/brasil/pilula-zumbi-video-mulher.html","Pílula zumbi chegou ao Brasil #boato","533"
"270","https://www.boatos.org/brasil/pitbull-ataca-ladrao-sacrificado.html","Pitbull ataca ladrão em TO e juiz pede que ele seja sacrificado #boato","634"
"271","https://www.boatos.org/brasil/pitu-lancou-cachaca-zero-sem-alcool.html","Publicação que aponta que Pitú lançou cachaça sem álcool surgiu em “pegadinha”","688"
"272","https://www.boatos.org/brasil/policia-alerta-indulto-de-natal-2023-37-mil-presos-estarao-ruas.html","Polícia não alertou sobre “indulto de Natal”; texto é corrente antiga","1050"
"273","https://www.boatos.org/brasil/policia-ceara-atira-surfistas-praia-futuro-camilo-santana.html","Polícia do Ceará atira em surfistas na praia do Futuro a mando de Camilo Santana #boato","704"
"274","https://www.boatos.org/brasil/policia-civil-orfanato-abandonado-rosana-sp-encontra-fantasma-video.html","Polícia Civil entra em orfanato abandonado em Rosana (SP) e encontra fantasma assustador, mostra vídeo #boato","601"
"275","https://www.boatos.org/brasil/policial-estuprada-menores.html","Policial é estuprada por menores infratores no Rio #boato","518"
"276","https://www.boatos.org/brasil/prefeitura-de-marica-dando-aula-ideologia-de-genero-educacao-sexual-criancas-7-8-anos.html","Prefeitura de Maricá nega que esteja dando aula de ideologia de gênero e educação sexual para crianças de 7 e 8 anos; denúncias não têm provas","910"
"277","https://www.boatos.org/brasil/prefeitura-recife-implementar-passaporte-gay.html","Prefeitura de Recife acaba de implementar o passaporte gay #boato","957"
"278","https://www.boatos.org/brasil/presos-penitenciaria-altamira-administrado-por-forcas-federais-cantam-hino-nacional-2021.html","Presos da penitenciária de Altamira (administrada por forças federais) cantam Hino Nacional em 2021 #boato","640"
"279","https://www.boatos.org/brasil/print-prova-bolsonaristas-pagaram-150-pessoas-irem-manifesacao-1-de-maio.html","Print prova que bolsonaristas ganharam R$ 150 para irem na manifestação de 1º de maio #boato","838"
"280","https://www.boatos.org/brasil/promotor-manda-prender-lutadora.html","Promotor manda prender lutadora de MMA que bateu em bandido no Rio #boato","612"
"281","https://www.boatos.org/brasil/protesto-virtual-para-baixar-salarios-de-magistrados-revela-ganhos-de-r-341-29700-de-senadores-e-deputados.html","Protesto virtual para baixar salários de magistrados e congressistas volta a viralizar com dados inflados e errados","902"
"282","https://www.boatos.org/brasil/ravi-11-meses-sofreu-acidente-domestico-precisa-transferido-hospital.html","História que aponta que menino Ravi de 11 meses precisa ser transferido para hospital é antiga","972"
"283","https://www.boatos.org/brasil/registros-obitos-cartorio-mostram-2019-mais-mortes-2020.html","Registros de óbitos em cartório mostram que 2019 teve mais mortes que 2020 nos 6 primeiros meses do ano #boato","865"
"284","https://www.boatos.org/brasil/reporter-pergunta-medico-negro-tomou-vacina-bahia-se-ele-e-motorista-ou-socorrista.html","Repórter pergunta a médico negro que tomou vacina na Bahia se ele é motorista ou socorrista #boato","520"
"285","https://www.boatos.org/brasil/restaurante-famiglia-mancini-faliu-vai-fechar-portas-por-causa-lockdown.html","Restaurante Famiglia Mancini faliu e vai fechar as portas por causa do lockdown #boato","526"
"286","https://www.boatos.org/brasil/restaurante-galetos-fechou-por-causa-do-isolamento-social.html","Restaurante Galeto’s entrou em falência e fechou as portas por causa do isolamento social em SP #boato","803"
"287","https://www.boatos.org/brasil/revista-veja-fechou-funcionarios-gravam-ultima-edicao.html","Revista Veja fechou e funcionários gravaram impressão da última edição #boato","884"
"288","https://www.boatos.org/brasil/rio-transborda-manaus-alaga-hospital-campanha-mostra-video.html","Rio transborda em Manaus e alaga hospital de campanha, mostra vídeo #boato","447"
"289","https://www.boatos.org/brasil/rodoil-rede-de-postos-de-combustiveis-pertence-ao-pcc.html","Rodoil, rede de postos de combustíveis, pertence ao PCC #boato","817"
"290","https://www.boatos.org/brasil/roger-abdelmassih-libano-foragido.html","Roger Abdelmassih fugiu para o Líbano e está foragido #boato","620"
"291","https://www.boatos.org/brasil/rosa-na-macaneta-do-carro-e-tatica-de-bandidos-para-assaltar-com-po-de-zumbi.html","É falso que criminosos estão deixando rosas com escopolamina (pó de zumbi) em maçanetas de carros para cometer assaltos","1224"
"292","https://www.boatos.org/brasil/saidinha-dia-pais-agosto-perigo.html","Saidinha do Dia dos Pais vai de 7 a 16 de agosto e representa grande perigo à sociedade #boato","840"
"293","https://www.boatos.org/brasil/samu-aa-emergencia-agenda.html","Samu pede para você agendar AA Emergência no seu telefone #boato","638"
"294","https://www.boatos.org/brasil/sangue-de-boi-e-colocado-no-cafe-a-vacuo-do-brasil.html","Sangue de boi é colocado no café a vácuo do Brasil #boato","1595"
"295","https://www.boatos.org/brasil/sao-vicente-sp-saques-supermercados-coronavirus.html","São Vicente (SP) registra saques em supermercados por causa do novo coronavírus #boato","775"
"296","https://www.boatos.org/brasil/se-soubesse-roubaria-mais-vezes.html","“Se eu soubesse que ficaria rico, roubaria mais vezes”, diz rapaz tatuado na testa #boato","697"
"297","https://www.boatos.org/brasil/seguranca-cachorro-carrefour-espancado.html","Segurança que matou o cachorro no Carrefour foi espancado em Osasco (SP) #boato","678"
"298","https://www.boatos.org/brasil/seita-satanica-bruxas-balas-doces-envenenados-criancas.html","Seita satânica e bruxas estão dando balas e doces envenenados para crianças #boato","1427"
"299","https://www.boatos.org/brasil/senhor-morre-em-posto-de-saude.html","Senhor morre em posto de saúde esperando ser atendido #boato","317"
"300","https://www.boatos.org/brasil/senhora-alzheimer-perdida-upa.html","Senhora com Alzheimer está perdida na UPA do Jardim Bela Vista #boato","546"
"301","https://www.boatos.org/brasil/senhora-esta-perdida-frente-hospital-brasilandia-sao-paulo.html","Não há provas de que senhora esteja perdida em frente ao hospital da Brasilândia, São Paulo","499"
"302","https://www.boatos.org/brasil/sr-mario-luis-perdeu-identidade-e-auxilio-emergencial.html","Sr. Mário Luís perdeu carteira de identidade e R$ 1.200 do auxílio emergencial #boato","545"
"303","https://www.boatos.org/brasil/stf-derruba-lei-farol-aceso-boato.html","STF derruba lei do farol aceso obrigatório #boato","513"
"304","https://www.boatos.org/brasil/stf-jogou-policia-contra-povo-hoje.html","STF jogou a polícia contra o povo hoje pela manhã e mídia não divulgou #boato","542"
"305","https://www.boatos.org/brasil/supermercado-guanabara-fechar16-03-a-20-03-coronavirus.html","Supermercado Guanabara vai fechar de 16/03 a 20/03 por causa do coronavírus #boato","469"
"306","https://www.boatos.org/brasil/supermercados-bh-anuncia-fechar-quarentena-coronavirus.html","Supermercados BH anuncia que vai fechar (entrar em quarentena) por causa do novo coronavírus #boato","619"
"307","https://www.boatos.org/brasil/telefone-gratuito-auxilio-lista.html","Telefone 08002800102 é gratuito e de auxílio à lista #boato","544"
"308","https://www.boatos.org/brasil/tereza-cristina-ministra-agricultura-grava-audio-sobre-7-setembro-greve-caminhoneiros-intervencao-militar.html","Tereza Cristina, ministra da Agricultura, grava áudio sobre 7 de setembro, greve dos caminhoneiros e intervenção militar #boato","1505"
"309","https://www.boatos.org/brasil/tereza-e-uma-menina-que-tem-a-sindrome-de-guillain-barre-teve-pai-assassinado-e-precisa-de-doacoes.html","Golpistas usam história de menina Tereza, que teria Síndrome de Guillain-Barré, pai assassinado e precisa de doações, em vaquinha falsa","1532"
"310","https://www.boatos.org/brasil/toneladas-de-peixes-porto-de-galinhas-de-graca-populacao.html","Toneladas de peixes foram pescadas em Porto de Galinhas em 2020 e pescadores deram de graça para a população #boato","741"
"311","https://www.boatos.org/brasil/tornado-passar-rio-de-janeiro-hoje-noite-apos-passar-regiao-sul.html","Tornado vai passar pelo Rio de Janeiro hoje à noite após passar pela região Sul #boato","623"
"312","https://www.boatos.org/brasil/travesti-natasha-britney-bate-playboys.html","Travesti Natasha Britney Robert bate em playboys que tentaram a agredir #boato","512"
"313","https://www.boatos.org/brasil/tubaina-giria-tortura-afogamento-brasil-colonia-ditadura.html","Tubaína é uma gíria referente a tortura por afogamento cunhada no Brasil Colônia e usada na Ditadura #boato","792"
"314","https://www.boatos.org/brasil/validade-cnh-passou-10-anos-pontuacao-40.html","Validade da CNH passou para 10 anos e pontuação para perder carteira para 40 #boato","497"
"315","https://www.boatos.org/brasil/valvula-botijao-metade-economiza-gas.html","Abrir válvula de botijão pela metade economiza gás de cozinha #boato","394"
"316","https://www.boatos.org/brasil/van-vermelha-para-atendimento-covid-19-esta-sendo-usada-arrastao-condominios.html","Van vermelha para atendimento de Covid-19 está sendo usada para arrastão em condomínios #boato","870"
"317","https://www.boatos.org/brasil/vaquinha-do-menino-jose-otavio-com-cancer-e-verdadeira.html","Suposta vaquinha para cirurgia de menino José Otávio comove redes, mas é golpe","1055"
"318","https://www.boatos.org/brasil/vaquinha-salve-juliane-foi-criada-por-mulher-que-salvou-crianca-em-incendio-em-cascavel.html","Golpistas criam vaquinha falsa Salve Juliane, que cita mulher que salvou criança em incêndio em Cascavel","1203"
"319","https://www.boatos.org/brasil/vaquinha-tatuagem-e-golpe.html","Vaquinha para remover tatuagem “eu sou ladrão e vacilão” é golpe #boato","653"
"320","https://www.boatos.org/brasil/vaquinha-tatuagem-testa-1-milhao.html","Vaquinha para remover tatuagem da testa arrecadou mais de R$ 1 milhão #boato","695"
"321","https://www.boatos.org/brasil/vendedor-morreu-abordado-pela-policia.html","Vendedor ambulante de açaí morreu após ser abordado pela polícia em São Paulo #boato","693"
"322","https://www.boatos.org/brasil/venezuelanos-bolsa-imigrante-governo.html","Venezuelanos vão receber Bolsa Imigrante de R$ 1500 do governo brasileiro #boato","690"
"323","https://www.boatos.org/brasil/via-040-vagas-emprego-duplicacao-br-365.html","Via 040 está com vagas de emprego para duplicação de BR-365 #boato","635"
"324","https://www.boatos.org/brasil/via-rodo-contrata-profissionais-para-reforma-br-153.html","Via Rodo contrata profissionais para a reforma da BR-153 #boato","483"
"325","https://www.boatos.org/brasil/viacao-itapemirim-decreta-falencia-quarentena-coronavirus.html","Viação Itapemirim decreta falência por causa da quarentena do coronavírus #boato","808"
"326","https://www.boatos.org/brasil/video-bebe-cruza-homem-cabra.html","Vídeo mostra bebê que nasceu da cruza de um homem com uma cabra no interior #boato","743"
"327","https://www.boatos.org/brasil/video-mostra-lagostas-mortas-beira-da-praia-itacare-bahia.html","Vídeo mostra lagostas mortas na beira da praia de Itacaré (Bahia) #boato","383"
"328","https://www.boatos.org/brasil/video-mostra-policiais-invadindo-casa-executando-homem-jacarezinho.html","Vídeo mostra policiais invadindo casa e executando homem no Jacarezinho #boato","596"
"329","https://www.boatos.org/brasil/video-mostra-que-bolsonaro-cuidou-dos-indios-yanomami-durante-seu-governo.html","Vídeo mostra que Bolsonaro cuidou dos índios Yanomami durante seu governo #boato","839"
"330","https://www.boatos.org/brasil/video-mostra-usina-delta-colocando-fogo-na-mata-durante-incendios-de-agosto-de-2024.html","Vídeo que cita Usina Delta não tem relação com incêndios de agosto de 2024 no Brasil","602"
"331","https://www.boatos.org/brasil/video-pai-agredindo-criancas.html","Compartilhe vídeo de pai agredindo crianças para que ele seja preso #boato","826"
"332","https://www.boatos.org/brasil/vigilancia-sanitaria-pede-que-pessoas-coloquem-cloro-e-sal-nos-ralos-para-evitar-dengue-em-2025.html","Fake news sobre alerta de vigilância sanitária sobre cloro e sal nos ralos para a dengue volta a circular na internet","571"
"333","https://www.boatos.org/brasil/vovo-anesio-avo-do-caio-morreu.html","Vovô Anésio, o avô do Caio, não faleceu hoje, em fevereiro de 2024","714"
"334","https://www.boatos.org/brasil/wesley-e-um-motoboy-que-salvou-6-criancas-e-precisa-de-doacao-em-vaquinha.html","Golpe cita história falsa de Wesley, motoboy que teria salvo 6 crianças e precisa de doação em vaquinha","833"
"335","https://www.boatos.org/brasil/yanomamis-fotografados-com-desnutricao-eram-venezuelanos-e-mostram-indigenas-vivem-muitos-bem-brasil.html","Yanomamis fotografados com desnutrição eram venezuelanos e mostram que indígenas vivem muito bem no Brasil #boato","698"
"336","https://www.boatos.org/ciencia/aphelion-chega-a-terra-amanha-e-vai-trazer-nova-onda-de-frio.html","Fenômeno Aphelion não vai “chegar amanhã” e não influencia em onda de frio no Brasil","842"
"337","https://www.boatos.org/ciencia/aphelion-vai-ocorrer-amanha-a-terra-estara-distante-do-sol-e-teremos-um-frio-recorde.html","Aphelion vai ocorrer amanhã, a Terra estará distante do Sol e teremos um frio recorde #boato","578"
"338","https://www.boatos.org/ciencia/aranha-mortal-esconde-praia-parece-obra-arte.html","Aranha se esconde na praia, parece obra de arte e tem veneno mortal #boato","693"
"339","https://www.boatos.org/ciencia/asteroide-2009-jf1-vai-destruir-terra-em-maio-de-2022.html","Asteroide 2009 JF1 vai destruir a Terra em maio de 2022 #boato","810"
"340","https://www.boatos.org/ciencia/asteroide-gigante-bater-terra-29-abril-fim-mundo.html","Asteroide gigante vai bater na Terra em 29 de abril de 2020 e será o fim do mundo #boato","862"
"341","https://www.boatos.org/ciencia/camarao-veio-da-barata-e-ambos-sao-da-mesma-especie.html","É falso que o camarão seja um descendente da barata","574"
"342","https://www.boatos.org/ciencia/cheirar-pum-prolonga-vida.html","Cheirar pum do parceiro prolonga vida e evita doenças #boato","621"
"343","https://www.boatos.org/ciencia/chip-conquerx-que-detecta-18-tipos-de-cancer-foi-inventado-por-brasileira-e-sera-desenvolvido-nos-eua.html","Matérias antigas de projeto do chip Conquerx, que detectaria 18 tipos de câncer, circulam como se fossem atuais","751"
"344","https://www.boatos.org/ciencia/cientista-criou-aids-despovoar-boato.html","Cientista diz que criou vírus da aids para despovoar #boato","828"
"345","https://www.boatos.org/ciencia/cientista-pesquisador-revela-em-5-minutos-que-cop-30-e-uma-farsa-durante-evento-em-belem.html","Vídeo de cientista pesquisador que cita “farsa da COP 30” e preservação da Amazônia não foi gravado durante evento de meio ambiente","1691"
"346","https://www.boatos.org/ciencia/colocar-dipirona-no-tanque-do-carro-ou-moto-economiza-gasolina.html","Colocar dipirona líquida no tanque do carro ou da moto não ajuda a economizar gasolina, como aponta história","772"
"347","https://www.boatos.org/ciencia/corante-fanta-laranja-guardanapo-papel.html","Corante da Fanta Laranja é absorvido por guardanapo de papel em vídeo #boato","876"
"348","https://www.boatos.org/ciencia/cura-cancer-foi-encontrada-disponivel-inicio-2020.html","Cura definitiva do câncer foi encontrada e estará disponível até o início de 2020 #boato","673"
"349","https://www.boatos.org/ciencia/enchentes-no-rio-grande-do-sul-foram-causadas-por-antenas-haarp-do-maranhao.html","Antenas Haarp não foram responsáveis pelas enchentes no Rio Grande do Sul","1029"
"350","https://www.boatos.org/ciencia/fenomeno-apel-vai-trazer-frio-recorde-no-brasil-a-partir-de-amanha.html","É falso que haja um fenômeno chamado Apel que vai trazer frio ao Brasil a partir de amanhã","705"
"351","https://www.boatos.org/ciencia/fenomeno-aphelion-chega-amanha-e-vai-trazer-novar-onda-de-frio.html","Fenômeno Aphelion chega amanhã e vai trazer nova onda de frio #boato","863"
"352","https://www.boatos.org/ciencia/formula-da-coca-cola-zero-foi-criada-por-brasileiro-chamado-raimundo-alves-da-silva.html","É falso que fórmula da Coca-Cola Zero tenha sido criada por um brasileiro chamado Raimundo Alves da Silva","1102"
"353","https://www.boatos.org/ciencia/foto-lagarta-venenosa-leva-morte-minutos.html","Foto mostra lagarta venenosa que leva à morte em questão de horas #boato","1065"
"354","https://www.boatos.org/ciencia/ha-um-vulcao-ribeirao-preto-sao-paulo-prestes-entrar-erupcao.html","Há um Vulcão em Ribeirão Preto (São Paulo) prestes a entrar em erupção #boato","769"
"355","https://www.boatos.org/ciencia/lonomia-mais-venenosa-cascavel-nao-existe-soro.html","Lonomia é mais venenosa do que cascavel e não existe soro para o seu veneno #boato","634"
"356","https://www.boatos.org/ciencia/mentira-medicos-egipcios-descobrem-a-cura-para-a-aids.html","Médicos egípcios descobrem a cura para a aids #boato","685"
"357","https://www.boatos.org/ciencia/nasa-mudancas-climaticas-orbita-terra-acao-homem.html","Nasa admite que mudanças climáticas ocorrem por causa da órbita da Terra e não por ação do homem #boato","872"
"358","https://www.boatos.org/ciencia/o-fenomeno-afelio-chega-amanha-e-vai-causar-frio-intenso-na-terra-em-2025.html","Texto falso que diz que afélio causará frio extremo até agosto e alerta para doenças volta a circular em 2025","858"
"359","https://www.boatos.org/ciencia/pedra-gigante-em-formato-de-golfinho-e-encontrada-em-ilha.html","Pedra gigante em formato de golfinho é encontrada em ilha #boato","593"
"360","https://www.boatos.org/ciencia/praia-de-botafogo-ficou-limpa-na-quarentena.html","Praia de Botafogo, no Rio de Janeiro, ficou limpa por causa da quarentena #boato","683"
"361","https://www.boatos.org/ciencia/sarah-gilbert-filhos-testam-vacina-oxford-para-setembro.html","Sarah Gilbert selecionou três filhos entre as cinco primeiras pessoas a testarem vacina de Oxford e a prometeu para setembro #boato","899"
"362","https://www.boatos.org/ciencia/tasuku-honjo-ganhador-premio-nobel-coronavirus-nao-natural.html","Tasuku Honjo, ganhador de Prêmio Nobel, diz que o coronavírus não é natural #boato","752"
"363","https://www.boatos.org/ciencia/wd-40-oleo-peixe-queimaduras.html","WD-40 é feito de óleo de peixe, é bom para queimaduras e serve para tudo #boato","730"
"364","https://www.boatos.org/entretenimento/7-boatos-de-morte-de-celebridades-so-este-ano.html","7 boatos de morte de celebridades (só este ano)","743"
"365","https://www.boatos.org/entretenimento/7-boatos-de-morte-de-famosos-que-sempre-circulam-na-internet.html","7 boatos de morte de famosos que sempre circulam na internet","636"
"366","https://www.boatos.org/entretenimento/7-boatos-silvio-santos.html","7 boatos sobre Silvio Santos que já enganaram fãs do homem do baú na web","665"
"367","https://www.boatos.org/entretenimento/agnaldo-timoteo-morre-82-anos-salvador.html","Agnaldo Timóteo morre aos 82 anos em Salvador após infecção generalizada #boato","560"
"368","https://www.boatos.org/entretenimento/ainda-estou-aqui-ganhou-r-32-milhoes-do-bndes.html","Filme Ainda Estou Aqui não recebeu financiamento do BNDES","611"
"369","https://www.boatos.org/entretenimento/alcione-diz-em-entrevista-no-gshow-que-emagreceu-porque-tomou-lipozepina.html","Alcione diz, em entrevista no Gshow, que emagreceu porque tomou lipozepina #boato","405"
"370","https://www.boatos.org/entretenimento/alcione-sofreu-um-infarto-e-ficou-internada-apos-fazer-macumba-contra-bolsonaro.html","É falso que Alcione tenha sofrido um infarto e esteja internada após fazer macumba para Bolsonaro","606"
"371","https://www.boatos.org/entretenimento/alcione-teve-show-cancelado-na-paraiba-por-falta-de-publico.html","É falso que show de Alcione tenha sido cancelado na Paraíba por falta de público","549"
"372","https://www.boatos.org/entretenimento/ana-carolina-faz-poema-criticando-corrupcao-do-governo-lula.html","Ana Carolina faz poema criticando corrupção do governo Lula #boato","648"
"373","https://www.boatos.org/entretenimento/ana-maria-braga-cancer-afastada-chora.html","Ana Maria Braga está com câncer, é afastada do programa Mais Você e chora #boato","421"
"374","https://www.boatos.org/entretenimento/ana-maria-braga-morreu-em-abril-de-2025-e-morte-foi-anunciada.html","Fake aponta que Ana Maria Braga morreu após ser picada por escorpião em abril de 2025","703"
"375","https://www.boatos.org/entretenimento/anderson-leonardo-do-molejo-teve-cancer-por-causa-da-vacina-contra-covid-19.html","É falso que Anderson Leonardo tenha contraído câncer por causa da vacina contra Covid-19","451"
"376","https://www.boatos.org/entretenimento/andre-rieu-esta-com-doenca-terminal-e-parou-de-fazer-shows.html","Vídeos enganosos dizem que André Rieu tem doença terminal e se despediu dos fãs","873"
"377","https://www.boatos.org/entretenimento/andre-rieu-morreu-em-setembro-de-2025-durante-homenagem-a-mae.html","É falso que André Rieu tenha morrido em homenagem à mãe em setembro de 2025","484"
"378","https://www.boatos.org/entretenimento/andre-rieu-recebe-premio-lifetime-achievement-e-choca-o-mundo-ao-anunciar-doacao-para-criancas-pobres.html","História que aponta que André Rieu recebeu prêmio Lifetime Achievement e chocou o mundo ao anunciar doação é falsa","854"
"379","https://www.boatos.org/entretenimento/andrea-bocelli-disse-que-bilionarios-deveriam-doar-suas-riquezas-durante-evento-com-mark-zuckerberg.html","É falso que Andrea Bocelli tenha repreendido bilionários em evento com Mark Zuckerberg e feito uma doação milionária","1011"
"380","https://www.boatos.org/entretenimento/andressa-urach-teve-perna-amputada-diz-informacao-falsa.html","Andressa Urach teve perna amputada, diz informação falsa","277"
"381","https://www.boatos.org/entretenimento/angelina-jolie-esta-com-35-kilos-entre-vida-e-morte-boato.html","Angelina Jolie está com 35 quilos entre a vida e a morte #boato","443"
"382","https://www.boatos.org/entretenimento/anitta-diz-entrevista-sonha-conhecer-tim-maia.html","Anitta diz em entrevista que sonha em conhecer Tim Maia #boato","413"
"383","https://www.boatos.org/entretenimento/anitta-esta-com-aids-participa-seita-sacrifica-criancas.html","Anitta está com aids e participa de seita que sacrifica crianças #boato","887"
"384","https://www.boatos.org/entretenimento/anitta-esta-com-cancer-pede-por-um-milagre-video-dezembro-2022.html","Anitta está com câncer e pede por um milagre em vídeo de dezembro de 2022 #boato","467"
"385","https://www.boatos.org/entretenimento/antonio-fagundes-vitima-assalto-boato.html","Antônio Fagundes foi vítima de assalto e está ferido #boato","379"
"386","https://www.boatos.org/entretenimento/aracy-balabanian-morre-rio.html","Aracy Balabanian morre de câncer aos 76 anos no Rio de Janeiro #boato","446"
"387","https://www.boatos.org/entretenimento/arlete-sales-pede-liberacao-da-pilula-do-cancer.html","Arlete Salles pede liberação da pílula do câncer em vídeo #boato","859"
"388","https://www.boatos.org/entretenimento/arlindo-cruz-morreu-aos-66-anos-em-julho-de-2025.html","Família desmente nova fake news sobre a morte de Arlindo Cruz","563"
"389","https://www.boatos.org/entretenimento/arlindo-cruz-morreu-boato.html","Arlindo Cruz morreu no Rio de Janeiro por causa de AVC #boato","496"
"390","https://www.boatos.org/entretenimento/arnaldo-jabor-diz-bolsonaro-cara-sem-etiqueta-inteligente-voce-passa-gostar.html","Arnaldo Jabor diz que Bolsonaro é um cara sem etiqueta, inteligente e que você passa a gostar #boato","750"
"391","https://www.boatos.org/entretenimento/arnaldo-jabor-diz-jamais-vou-entender-carnaval-texto.html","Arnaldo Jabor diz “jamais vou entender o carnaval” em texto crítico #boato","781"
"392","https://www.boatos.org/entretenimento/arnaldo-jabor-escreveu-texto-criticando-o-carnaval-e-perguntando-ta-rindo-de-que.html","Texto falsamente atribuído a Arnaldo Jabor volta a circular no contexto do Carnaval 2025","731"
"393","https://www.boatos.org/entretenimento/arnaldo-jabor-escreveu-texto-sobre-gauchos-rio-grande-do-sul.html","Arnaldo Jabor escreveu texto sobre gaúchos e Rio Grande do Sul #boato","1157"
"394","https://www.boatos.org/entretenimento/artistas-gravam-video-pedindo-fique-em-casa-7-de-setembro-2023.html","Vídeo de artistas pedindo “fique em casa” não foi gravado para o 7 de setembro de 2023","539"
"395","https://www.boatos.org/entretenimento/asterix-previu-chegada-coronavirus-livro-1981.html","Asterix previu a chegada do coronavírus em livro de 1981 #boato","731"
"396","https://www.boatos.org/entretenimento/ator-tarcisio-filho-morreu-e-triste-noticia-veio-a-tona.html","Fake news sobre morte de Tarcísio Filho se espalha por vídeos em redes sociais","435"
"397","https://www.boatos.org/entretenimento/atriz-asa-khalifa-morre-filme-jumentos.html","Atriz Asa Khalifa morre após gravar filme com dois jumentos #boato","535"
"398","https://www.boatos.org/entretenimento/augusto-cury-texto-triste-geracao-estressa-tudo.html","Augusto Cury escreve texto “triste geração que se estressa por tudo” #boato","615"
"399","https://www.boatos.org/entretenimento/band-saiu-do-ar-datena-anunciaria-cura-coronavirus-recebeu-ligacao-misteriosa-china.html","Band saiu do ar porque Datena anunciaria a cura do coronavírus e recebeu ligação misteriosa da China #boato","958"
"400","https://www.boatos.org/entretenimento/bell-marques-fala-coronavirus-rui-costa-politicos-china-carnaval-2020.html","Bell Marques fala sobre coronavírus para Rui Costa e políticos da China durante carnaval de 2020 #boato","625"
"401","https://www.boatos.org/entretenimento/bruce-willis-morreu-em-outubro-de-2025.html","É falso que ator Bruce Willis tenha morrido em outubro de 2025","509"
"402","https://www.boatos.org/entretenimento/c-s-lewis-escreveu-texto-diabo-pandemia-1941.html","C.S. Lewis escreveu texto sobre o diabo e a pandemia em 1941 #boato","1019"
"403","https://www.boatos.org/entretenimento/caetano-bethania-martnalia-regina-case-reveillon-2021.html","Caetano, Maria Bethânia, Mart’nalia e Regina Casé dançam em festa de réveillon 2021 #boato","731"
"404","https://www.boatos.org/entretenimento/camila-pitanga-mentiu-pegou-malaria-tomar-cloroquina-covid-19.html","Camila Pitanga mentiu que pegou malária só para poder tomar cloroquina contra Covid-19 #boato","795"
"405","https://www.boatos.org/entretenimento/camila-pitanga-volta-atras-diz-laudo-medico-apontou-covid-19-malaria.html","Camila Pitanga volta atrás e diz que laudo médico apontou Covid-19 em vez de Malária #boato","520"
"406","https://www.boatos.org/entretenimento/camila-rodrigues-atriz-da-record-morreu-aos-41-anos-em-2025.html","É falso atriz Camila Rodrigues, da Record, tenha morrido aos 41 anos em 2025","873"
"407","https://www.boatos.org/entretenimento/caminhada-respeito-video-homenagem-eua-gugu-liberato.html","Vídeo mostra “caminhada do respeito” de médicos dos EUA a Gugu Liberato #boato","649"
"408","https://www.boatos.org/entretenimento/cantor-luis-miguel-morreu-em-2025-e-morte-foi-anunciada-na-tv-univision.html","Cantor Luis Miguel não morreu em 2025; vídeo foi manipulado com IA","761"
"409","https://www.boatos.org/entretenimento/cantor-sertanejo-daniel-morreu-em-acidente-de-carro-em-2024.html","É falso que Daniel, o cantor sertanejo, tenho morrido em acidente de carro em 2024","608"
"410","https://www.boatos.org/entretenimento/cantor-solimoes-faz-dupla-rio-negro-morreu-hoje.html","É falso que cantor Solimões, que faz dupla com Rio Negro, tenha morrido hoje","605"
"411","https://www.boatos.org/entretenimento/cantor-ze-neto-morreu-e-wesley-safadao-chorou-muito-em-seu-velorio.html","Fake news fala de morte do cantor Zé Neto e de “choro” de Wesley Safadão em velório","372"
"412","https://www.boatos.org/entretenimento/cantora-simony-morreu-hoje-por-causa-de-cancer.html","Mensagem que fala de morte da cantora Simony por causa de câncer é falsa","628"
"413","https://www.boatos.org/entretenimento/carlos-alberto-de-nobrega-morreu-em-janeiro-de-2025.html","É falso que Carlos Alberto de Nóbrega tenha morrido em janeiro de 2025","555"
"414","https://www.boatos.org/entretenimento/carlos-henrique-schroeder-video-detonando-globo-antes-pedir-demissao.html","Carlos Henrique Schroeder grava vídeo detonando a Globo antes de pedir demissão #boato","556"
"415","https://www.boatos.org/entretenimento/carnaval-de-2022-esta-cancelado-no-rio-de-janeiro.html","Carnaval de 2022 está cancelado no Rio de Janeiro #boato","527"
"416","https://www.boatos.org/entretenimento/celine-dion-aparece-no-casamento-do-filho-de-cadeira-de-rodas.html","Celine Dion aparece no casamento do filho em cadeira de rodas #boato","674"
"417","https://www.boatos.org/entretenimento/celine-dion-fara-shows-no-brasil-em-2025-e-ingressos-estao-a-venda.html","Golpe usa nome de Celine Dion e cita shows no Brasil para vender falsos ingressos na internet","583"
"418","https://www.boatos.org/entretenimento/celine-dion-morreu-em-maio-de-2023-boato.html","Céline Dion morreu em maio de 2023 #boato","381"
"419","https://www.boatos.org/entretenimento/cesar-tralli-flagrado-sem-mascara-andando-patins-pandemia.html","Cesar Tralli é flagrado sem máscara andando de patins durante a pandemia #boato","471"
"420","https://www.boatos.org/entretenimento/cesar-tralli-morreu-hoje-e-tudo-foi-anunciado-na-tv.html","Fake news sobre morte de César Tralli engana usuários nas redes sociais","504"
"421","https://www.boatos.org/entretenimento/chico-pinheiro-demitido-globo-crise-emissora.html","Chico Pinheiro é demitido da Globo por causa de crise na emissora #boato","786"
"422","https://www.boatos.org/entretenimento/china-comprou-globo-bandeirantes-dominando-brasil.html","China comprou a Globo, a Bandeirantes e está dominando o Brasil #boato","797"
"423","https://www.boatos.org/entretenimento/china-dona-band-mandou-falar-mal-eduardo-bolsonaro.html","China é a dona da Band e mandou emissora falar mal de Eduardo Bolsonaro #boato","732"
"424","https://www.boatos.org/entretenimento/claudia-raia-foi-para-resort-no-mexico-com-5-milhoes-da-lei-rouanet.html","Claudia Raia foi para resort no México com R$ 5 milhões da Lei Rouanet #boato","906"
"425","https://www.boatos.org/entretenimento/claudia-rodrigues-diz-que-tem-medo-e-pede-oracoes.html","Cláudia Rodrigues diz que tem medo e pede orações #boato","478"
"426","https://www.boatos.org/entretenimento/claudia-rodrigues-doenca-grave.html","Claudia Rodrigues perde todo cabelo por causa de doença grave, mostra foto #boato","563"
"427","https://www.boatos.org/entretenimento/datena-deseja-hospital-bolsonaro-pegue-fogo.html","Datena deseja que hospital onde Bolsonaro está internado pegue fogo #boato","641"
"428","https://www.boatos.org/entretenimento/david-gilmour-enfrenta-cancer-terminal-recusa-tratamento-e-promete-ultimo-show.html","Postagem falsa aponta que David Gilmour enfrenta câncer terminal, recusa tratamento e promete último show","824"
"429","https://www.boatos.org/entretenimento/day-mccarthy-sofreu-acidente.html","Day McCarthy sofreu acidente de carro e está entre a vida e a morte #boato","690"
"430","https://www.boatos.org/entretenimento/debora-secco-morreu-apos-acao-publicitaria-nas-redes-sociais.html","É falso que Débora Secco tenha morrido após ação publicitária nas redes","589"
"431","https://www.boatos.org/entretenimento/desenho-1930-previu-pandemia-covid-19-vacinas-sao-utilizadas-na-dominacao-mundial.html","Desenho de 1930 previu como pandemia da Covid-19 e vacinas são utilizadas na dominação mundial #boato","989"
"432","https://www.boatos.org/entretenimento/dilma-cita-bruce-lee-ao-falar-de-morte-de-rita-lee.html","Dilma cita Bruce Lee ao falar de morte de Rita Lee #boato","546"
"433","https://www.boatos.org/entretenimento/direitos-autorais-musica-volare-repassados-hospital-bergamo.html","Direitos autorais da música Volare foram repassados para o hospital de Bergamo #boato","978"
"434","https://www.boatos.org/entretenimento/domingo-ajudou-tratamento-carreras.html","Plácido Domingo ajudou no tratamento de Leucemia de José Carreras #boato","647"
"435","https://www.boatos.org/entretenimento/dra-marcela-pereira-medica-infectologista-conduz-estudo-sobre-cloroquina-covid-19.html","Dra. Marcela Pereira, médica infectologista, conduz estudo sobre cloroquina e Covid-19 #boato","552"
"436","https://www.boatos.org/entretenimento/dupla-gian-e-giovani-morreu-hoje-e-virou-noticia.html","Vídeo sobre suposta morte da dupla Gian e Giovani é fake criado por IA","539"
"437","https://www.boatos.org/entretenimento/edson-celulari-morre-cancer.html","Edson Celulari morre aos 58 anos vítima de câncer #boato","538"
"438","https://www.boatos.org/entretenimento/eduardo-moscovis-morreu-aos-55-anos-apos-avc-em-dezembro-de-2025.html","Eduardo Moscovis é alvo de notícia falsa sobre falecimento por AVC em dezembro de 2025","817"
"439","https://www.boatos.org/entretenimento/elvis-esta-vivo-e-foi-colocado-em-programa-de-protecao-de-testemunhas-do-fbi.html","É falso que Elvis esteja vivo e tenha sido colocado em programa de proteção do FBI","459"
"440","https://www.boatos.org/entretenimento/elvis-presley-pagou-tratamento-de-menina-cega-que-foi-ao-seu-show.html","É falso que Elvis Presley tenha pago tratamento de menina cega que foi ao seu show","614"
"441","https://www.boatos.org/entretenimento/erasmo-carlos-morre-aos-81-anos-no-rio-de-janeiro.html","Erasmo Carlos morre aos 81 anos no Rio de Janeiro #boato","494"
"442","https://www.boatos.org/entretenimento/fabio-assuncao-doria-canalha-defende-bolsonaro-critica-isolamento-video.html","Fábio Assunção chama Doria de canalha, defende Bolsonaro e critica isolamento social em vídeo #boato","1398"
"443","https://www.boatos.org/entretenimento/fabio-assuncao-morreu-aos-52-anos-em-dezembro-de-2024.html","Fake news sobre morte de Fábio Assunção se espalha na internet em dezembro de 2024","574"
"444","https://www.boatos.org/entretenimento/fabio-assuncao-pediu-ajuda-a-fas-e-amigos-do-ator-fizeram-apelo-grave-em-2025.html","“Notícia” sobre pedido de ajuda de Fábio Assunção é antiga e não denota nada grave","470"
"445","https://www.boatos.org/entretenimento/fabio-jr-levou-biblia-ao-altas-horas-e-houve-milagre-no-programa.html","História sobre milagre após fala de Fábio Jr. com Bíblia no Altas Horas é falsa","710"
"446","https://www.boatos.org/entretenimento/fabio-jr-morreu-em-janeiro-de-2025-apos-acidente-de-carro.html","É falso que Fábio Jr. tenha morrido em acidente de carro em 2025","366"
"447","https://www.boatos.org/entretenimento/fabio-junior-pai-fiuk-morreu-agora-brasil-esta-luto.html","Fábio Júnior, pai de Fiuk morreu agora e Brasil está em luto #boato","403"
"448","https://www.boatos.org/entretenimento/faustao-furou-fila-sus-transplante-coracao.html","Não existem provas de que Faustão tenha furado fila do SUS para transplante de coração","652"
"449","https://www.boatos.org/entretenimento/faustao-internado-uti-causa-covid-19.html","Faustão foi internado na UTI por causa da Covid-19 #boato","399"
"450","https://www.boatos.org/entretenimento/faustao-morreu-aos-73-anos-em-sao-paulo-em-marco-de-2024.html","É falso que Faustão tenha morrido aos 73 anos em março de 2024","453"
"451","https://www.boatos.org/entretenimento/faustao-morreu-em-agosto-de-2025.html","Boatos sobre morte de Faustão em agosto de 2025 são falsos","499"
"452","https://www.boatos.org/entretenimento/faustao-morreu-nesta-madrugada-problemas-coracao.html","Vídeos “caça-views” no TikTok espalham notícia falsa de que Faustão morreu","559"
"453","https://www.boatos.org/entretenimento/faustao-recebeu-coracao-com-miocardite-vai-ter-que-fazer-novo-transplante-coracao-nao-vacinado.html","É falso que Faustão tenha recebido um coração com miocardite e procura um transplante de um não vacinado","635"
"454","https://www.boatos.org/entretenimento/felipe-neto-crianca-que-nem-doce-eu-como-escondido-post-twitter.html","Felipe Neto disse “criança é que nem doce, eu como escondido” em post no Twitter #boato","622"
"455","https://www.boatos.org/entretenimento/felipe-neto-disse-culpa-pedofilia-criancas-gostosas.html","Felipe Neto disse que a “culpa da pedofilia é das crianças gostosas” em post no Twitter #boato","618"
"456","https://www.boatos.org/entretenimento/fernanda-montenegro-mulher-bolsonaro.html","Fernanda Montenegro diz que mulher que se respeita não vota em Bolsonaro #boato","531"
"457","https://www.boatos.org/entretenimento/fernanda-torres-desejou-que-a-populacao-morresse-de-covid-para-derrubar-bolsonaro.html","Fake news sobre declaração de Fernanda Torres sobre pandemia e Bolsonaro volta a circular na internet","977"
"458","https://www.boatos.org/entretenimento/fernanda-torres-disse-dane-se-povo-virus-cumprir-missao-abreviar-governo.html","Fernanda Torres disse “dane-se o povo se o vírus cumprir missão de abreviar o governo” #boato","766"
"459","https://www.boatos.org/entretenimento/fernanda-torres-torce-coronavirus-mate-muitos-brasileiros.html","Fernanda Torres disse que torce para que o coronavírus mate muitos brasileiros #boato","887"
"460","https://www.boatos.org/entretenimento/fernando-pessoa-escreveu-texto-depois-de-tudo-comeca-com-de-tudo-ficaram-tres-coisas.html","Fernando Pessoa escreveu texto “Depois de tudo” que começa com “De tudo, ficaram três coisas…” #boato","457"
"461","https://www.boatos.org/entretenimento/filha-aldir-blanc-grava-video-alertando-coronavirus.html","Filha de Aldir Blanc grava vídeo alertando para coronavírus ativo um mês após a doença #boato","703"
"462","https://www.boatos.org/entretenimento/filho-bonner-atropelou-mulher-tetraplegica.html","Filho de William Bonner atropelou e deixou mulher tetraplégica no Rio #boato","624"
"463","https://www.boatos.org/entretenimento/filme-sorry-gravado-elevador-ganhou-oscar-melhor-curta-metragem.html","Filme “Sorry”, de 1m58 e gravado em elevador, ganhou o Oscar de curta-metragem #boato","744"
"464","https://www.boatos.org/entretenimento/filme-variante-omicron-dia-que-terra-virou-cemiterio-lancado-1963-previu-pandemia.html","Filme Variante Ômicron, O Dia em Que a Terra Virou um Cemitério, foi lançado em 1963 e previu pandemia #boato","844"
"465","https://www.boatos.org/entretenimento/foto-exposicao-salvador-o-cu-e-lindo-financiada-pt.html","Foto mostra exposição em Salvador chamada “O cu é lindo” e financiada pelo PT #boato","530"
"466","https://www.boatos.org/entretenimento/gabriel-garcia-marquez-escreveu-carta-de-despedida-quando-descobriu-cancer-linfatico.html","Gabriel García Márquez escreveu carta de despedida quando descobriu câncer linfático #boato","1006"
"467","https://www.boatos.org/entretenimento/genival-lacerda-morreu-hoje-89-anos-recife-avc.html","Genival Lacerda morreu hoje aos 89 anos em Recife após sofrer AVC #boato","506"
"468","https://www.boatos.org/entretenimento/genival-lacerda-morreu-nesta-madrugada-covid-19.html","Genival Lacerda morreu nesta madrugada vítima da Covid-19 #boato","539"
"469","https://www.boatos.org/entretenimento/geraldo-luis-apresentador-morreu-hoje.html","Geraldo Luís, apresentador, morreu hoje e Brasil ficou em luto #boato","627"
"470","https://www.boatos.org/entretenimento/gilberto-gil-morreu-insuficiencia-renal.html","Gilberto Gil morreu de insuficiência renal em São Paulo #boato","370"
"471","https://www.boatos.org/entretenimento/giovanna-antonelli-morreu-aos-50-anos-de-avc.html","É falso que Giovanna Antonelli morreu aos 50 Anos de AVC","1197"
"472","https://www.boatos.org/entretenimento/globo-censurou-parodia-do-mensalao-no-programa-de-jo-soares.html","Globo censurou paródia do mensalão no programa de Jô Soares #boato","644"
"473","https://www.boatos.org/entretenimento/gloria-maria-escreveu-texto-que-fala-sobre-vida-ser-um-hotel-all-inclusive.html","Glória Maria escreveu texto que fala sobre a vida ser um “hotel all inclusive” #boato","996"
"474","https://www.boatos.org/entretenimento/gloria-menezes-morreu-aos-88-anos-noticia-lamentavel-plantao-chegou.html","Glória Menezes morreu aos 88 anos e notícia lamentável do plantão chegou #boato","384"
"475","https://www.boatos.org/entretenimento/gretchen-morreu-rainha-bumbum-e-vitima-de-boatos-na-internet.html","Gretchen morreu: rainha do bumbum é vítima de boatos na internet","397"
"476","https://www.boatos.org/entretenimento/gugu-casa-jovem-tatuado.html","Programa do Gugu vai reformar a casa de jovem tatuado na testa #boato","588"
"477","https://www.boatos.org/entretenimento/gugu-liberato-morreu-60-anos-acidente-domestico-eua.html","Gugu Liberato morreu aos 60 anos após acidente doméstico nos EUA #boato","903"
"478","https://www.boatos.org/entretenimento/gusttavo-lima-morreu-apos-acidente-de-carro-ou-aviao.html","É falso que Gusttavo Lima tenha morrido em um acidente de carro ou avião","572"
"479","https://www.boatos.org/entretenimento/gusttavo-lima-tem-show-interrompido-gritos-fora-bolsonaro.html","Gusttavo Lima tem show interrompido por gritos de “fora Bolsonaro” #boato","613"
"480","https://www.boatos.org/entretenimento/historia-falsa-fala-da-morte-apresentador-jo-soares.html","História falsa fala da morte do apresentador Jô Soares","484"
"481","https://www.boatos.org/entretenimento/historiador-catolico-coronavirus-livro-os-olhos-da-escuridao-1981.html","Historiador católico falou sobre o coronavírus no livro Os Olhos da Escuridão em 1981 #boato","997"
"482","https://www.boatos.org/entretenimento/informacao-falsa-jo-soares-esta-com-cancer-de-pulmao-e-sofreu-infarto.html","Informação falsa: Jô Soares está com câncer de pulmão e sofreu infarto","536"
"483","https://www.boatos.org/entretenimento/isis-valverde-morreu-em-acidente-de-carro-com-pneu-estourado.html","História de que Isis Valverde morreu em acidente de carro é fake news antiga","527"
"484","https://www.boatos.org/entretenimento/ivete-sangalo-apoia-bolsonaro.html","Ivete Sangalo apoia Bolsonaro e posa com camiseta “Bolsonaro presidente” #boato","502"
"485","https://www.boatos.org/entretenimento/ivete-sangalo-deixa-marido-assume-relacao-outra-mulher.html","Ivete Sangalo deixa marido e assume relação com outra mulher #boato","828"
"486","https://www.boatos.org/entretenimento/ivete-sangalo-flagrada-festa-familia-durante-pandemia.html","Ivete Sangalo é flagrada em festa de família durante a pandemia #boato","383"
"487","https://www.boatos.org/entretenimento/ivete-sangalo-lula-livre.html","Ivete Sangalo posa com camiseta Lula Livre em evento #boato","472"
"488","https://www.boatos.org/entretenimento/jack-nicholson-esta-com-mal-de-alzheimer-diz-boato.html","Jack Nicholson está com mal de Alzheimer, diz boato","430"
"489","https://www.boatos.org/entretenimento/jackie-chan-morreu-em-novembro-de-2025.html","É falso que Jackie Chan tenha morrido em novembro de 2025","865"
"490","https://www.boatos.org/entretenimento/jamie-foxx-ficou-paralisado-e-cego-por-causa-da-vacina-contra-covid-19-boato.html","Jamie Foxx ficou paralisado e cego por causa da vacina contra Covid-19 #boato","506"
"491","https://www.boatos.org/entretenimento/jo-soares-morreu-boato-da-morte-de-jo-se-espalha-na-web.html","Jô Soares morreu! Boato da morte de Jô se espalha na web","498"
"492","https://www.boatos.org/entretenimento/johnny-hooker-jesus-bicha-acidente.html","Cantor Johnny Hooker, que chamou Jesus de bicha, sofre grave acidente de carro #boato","741"
"493","https://www.boatos.org/entretenimento/jose-abreu-ilhas-maldivas-dinheiro-vaquinha.html","José de Abreu viajou para as Ilhas Maldivas com dinheiro de vaquinha online #boato","729"
"494","https://www.boatos.org/entretenimento/jose-luiz-datena-morreu-outubro-2023.html","Mensagem que fala que “infelizmente foi confirmado” e sugere que Datena morreu é conteúdo caça-clique","424"
"495","https://www.boatos.org/entretenimento/jovem-ator-da-globo-e-assassinado.html","Jovem ator da Globo é assassinado em posto no Rio #boato","504"
"496","https://www.boatos.org/entretenimento/jully-menina-video-mc-gui-disney-morreu.html","Jully Collen, menina que apareceu em vídeo de MC Gui na Disney, morreu #boato","545"
"497","https://www.boatos.org/entretenimento/kate-middleton-esta-com-a-doenca-de-crohn.html","Não há provas de que Kate Middleton esteja com a Doença de Crohn","1195"
"498","https://www.boatos.org/entretenimento/lenine-desabafo-criticando-quem-bateu-panela-contra-bolsonaro.html","Lenine faz desabafo criticando JN e quem bateu panela contra Bolsonaro #boato","909"
"499","https://www.boatos.org/entretenimento/leo-dias-revelou-que-eliza-samudio-reapareceu-e-esta-viva.html","História que cita Leo Dias e diz que Eliza Samudio reapareceu viva é mais uma fake news sobre o assunto","1621"
"500","https://www.boatos.org/entretenimento/lista-lives-artistas-rock-proximos-dias-vazou-internet.html","Lista de lives de artistas de rock para os próximos dias vazou na internet #boato","779"
"501","https://www.boatos.org/entretenimento/livro-the-eyes-darkness-dean-koontz-previu-coronavirus.html","Livro The Eyes of Darkness, de Dean Koontz, previu o coronavírus em 1981 #boato","961"
"502","https://www.boatos.org/entretenimento/lojas-francesas-jogaram-todos-livros-de-felipe-neto-lixo.html","É falso que “Lojas Francesas” (ou qualquer outra) jogaram os livros de Felipe Neto no lixo","631"
"503","https://www.boatos.org/entretenimento/lorota-akon-faz-show-dentro-de-bolha-para-evitar-ebola-congo.html","Lorota: Akon faz show dentro de bolha para evitar ebola no Congo","448"
"504","https://www.boatos.org/entretenimento/luciano-huck-compra-votos-nordeste-norte-eleicoes-2022-zap-do-bem.html","Luciano Huck compra votos no Nordeste e Norte para eleições 2022 com Zap do Bem #boato","812"
"505","https://www.boatos.org/entretenimento/luciano-huck-comprando-votos-2022-zap-bem.html","Luciano Huck está comprando votos para 2022 por meio do Zap do Bem #boato","816"
"506","https://www.boatos.org/entretenimento/luciano-huck-doou-r2-mi-para-santa-casa-diz-historia-falsa.html","Luciano Huck doou R$2 mi para Santa Casa, diz história falsa","496"
"507","https://www.boatos.org/entretenimento/luciano-huck-morreu-em-fevereiro-de-2026-apos-infarto-fulminante.html","Luciano Huck é alvo de vídeo falso sobre morte por infarto fulminante","722"
"508","https://www.boatos.org/entretenimento/luis-ernesto-lacombe-texto-estamos-aprendendo-covid-19-virus-muito-louco.html","Luís Ernesto Lacombe escreveu texto “Estamos aprendendo: Covid-19 um vírus muito louco” #boato","778"
"509","https://www.boatos.org/entretenimento/luiz-bacci-afastado-record-defender-deolane-cidade-alerta.html","Ausência de Luiz Bacci no Cidade Alerta, da Record, não tem relação com Deolane","598"
"510","https://www.boatos.org/entretenimento/madonna-fez-doacao-secreta-de-r-10-milhoes-para-vitimas-da-enchente-no-rio-grande-do-sul.html","Não há provas suficientes para cravar que Madonna fez doação de R$ 10 milhões a vítimas no Rio Grande do Sul","886"
"511","https://www.boatos.org/entretenimento/maikelly-muhl-morre-apos-sofrer-acidente-carro-contrair-coronavirus.html","Maikelly Muhl morre após sofrer acidente de carro e contrair coronavírus #boato","736"
"512","https://www.boatos.org/entretenimento/maju-bolsonaro-desgoverna-respondida-jornalista-marcia-rodrigues-rtp.html","Maju fala que Bolsonaro desgoverna e é respondida por jornalista portuguesa Márcia Rodrigues, da RTP #boato","774"
"513","https://www.boatos.org/entretenimento/maju-coutinho-afastada-globo-causa-briga-bolsonaro.html","Maju Coutinho é afastada da Globo por causa de briga com Bolsonaro #boato","528"
"514","https://www.boatos.org/entretenimento/maju-coutinho-trabalharia-de-graca-para-derrubar-bolsonaro.html","Maju Coutinho diz, em entrevista em Portugal, que trabalharia de graça para derrubar Bolsonaro #boato","869"
"515","https://www.boatos.org/entretenimento/maju-coutinho-vai-marido-praia-selfie-quarentena-coronavirus.html","Maju Coutinho vai com o marido à praia e tira selfie em plena quarentena do coronavírus #boato","531"
"516","https://www.boatos.org/entretenimento/mamma-bruschetta-morreu-aos-74-anos-de-idade-em-2024.html","É falso que Mamma Bruschetta tenha morrido aos 74 anos de idade em 2024","321"
"517","https://www.boatos.org/entretenimento/marcello-novaes-morreu-em-dezembro-de-2025-e-celebridades-lamentaram-a-morte.html","Fake news sobre morte de Marcello Novaes se utiliza de relatos sobre morte de outro ator","721"
"518","https://www.boatos.org/entretenimento/marcelo-madureira-escreveu-texto-fica-bolsonaro-com-criticas-presidente-eleicoes-de-2022.html","Marcelo Madureira escreveu texto “fica Bolsonaro” com críticas ao presidente nas eleições de 2022 #boato","997"
"519","https://www.boatos.org/entretenimento/marcelo-rezende-coma-amem.html","Marcelo Rezende está em coma por causa do câncer; deixe amém #boato","356"
"520","https://www.boatos.org/entretenimento/marcos-mion-morreu-em-marco-de-2025-e-morte-foi-anunciada-na-tv-record.html","É falso que Marcos Mion tenha morrido e TV Record anunciado sua morte em 2025","582"
"521","https://www.boatos.org/entretenimento/marilia-mendonca-pagar-tratamento-july-cancer-mc-gui.html","Marília Mendonça vai pagar tratamento para July, menina com câncer humilhada por MC Gui #boato","752"
"522","https://www.boatos.org/entretenimento/mario-gomes-foi-internado-nos-anos-70-por-colocar-uma-cenoura-no-anus.html","Mário Gomes foi internado nos anos 70 por colocar uma cenoura no ânus #boato","822"
"523","https://www.boatos.org/entretenimento/mario-sergio-cortella-escreve-texto-aquele-que-tiver-a-solucao-que-atire-a-1a-pedra.html","Mário Sérgio Cortella escreve texto em que diz “aquele que tiver a solução que atire a 1ª pedra” #boato","731"
"524","https://www.boatos.org/entretenimento/marrone-esta-completamente-cego-e-em-cadeira-de-rodas.html","É falso que Marrone esteja cego e em cadeira de rodas","512"
"525","https://www.boatos.org/entretenimento/mc-gui-banido-disney-encerra-carreira-tenta-suicidio-perde-todos-patrocinadores.html","MC Gui é banido da Disney, encerra carreira, tenta suicídio e perde todos patrocinadores #boato","1216"
"526","https://www.boatos.org/entretenimento/mick-jagger-fala-para-bilionarios-como-mark-zuckerberg-que-devemos-doar-riquezas-e-faz-doacao-de-r-10-milhoes.html","É falso que Mick Jagger tenha confrontado bilionários como Zuckerberg e anunciado doação de US$ 10 milhões","1082"
"527","https://www.boatos.org/entretenimento/mike-wolfe-do-cacadores-de-reliquias-foi-preso-e-condenado-a-prisao-perpetua.html","Vídeo falso criado por IA inventa que Mike Wolfe, do Caçadores de Relíquias, foi preso e condenado à prisão perpétua","746"
"528","https://www.boatos.org/entretenimento/ministerio-da-cultura-vai-pagar-r-20-milhoes-para-artistas-homenagearem-paulo-gustavo-em-show-da-beyonce-boato.html","Ministério da Cultura vai pagar R$ 20 milhões para artistas homenagearem Paulo Gustavo em show da Beyoncé #boato","667"
"529","https://www.boatos.org/entretenimento/morre-ariano-suassuna-informacao-errada-sobre-morte-de-escritor-e-publicada.html","Informação errada sobre morte de escritor Ariano Suassuna é publicada","481"
"530","https://www.boatos.org/entretenimento/morre-claudia-rodrigues-aos-44-anos-no-rio-boato.html","Morre Claudia Rodrigues, aos 44 anos, no Rio #boato","311"
"531","https://www.boatos.org/entretenimento/morre-renato-aragao-diz-boato.html","Morre Renato Aragão, diz boato","522"
"532","https://www.boatos.org/entretenimento/morre-roberta-miranda-aos-59-anos-de-infarto-boato.html","Morre Roberta Miranda aos 59 anos de infarto #boato","319"
"533","https://www.boatos.org/entretenimento/morrem-mariana-rios-e-eduardo-costa-em-julho-de-2024.html","É falso que Mariana Rios e Eduardo Costa tenham morrido em julho de 2024","445"
"534","https://www.boatos.org/entretenimento/neil-diamond-esta-com-alzheimer-perdeu-a-memoria-e-relembrou-apenas-em-musical.html","É falso que Neil Diamond esteja com Alzheimer e tenha “perdido toda memória”","543"
"535","https://www.boatos.org/entretenimento/neta-brian-may-guitarrista-queen-faz-dueto-avo-quarentena.html","Neta de Brian May (guitarrista do Queen) faz dueto com o avô na quarentena #boato","567"
"536","https://www.boatos.org/entretenimento/ney-latorraca-morreu-boato-fala-de-morte-apos-cirurgia.html","Ney Latorraca morreu: boato fala de morte após cirurgia","426"
"537","https://www.boatos.org/entretenimento/nicole-bahls-revelou-plataforma-de-criptomoedas-no-danilo-gentili-foi-processada-pelo-banco-nacional-do-brasil.html","Nicole Bahls não revelou plataforma de criptomoedas no Danilo Gentili e Banco Nacional do Brasil não existe","1163"
"538","https://www.boatos.org/entretenimento/nome-do-remedio-ritalina-e-uma-homenagem-a-rita-lee.html","É falso que remédio Ritalina seja uma homenagem a Rita Lee","558"
"539","https://www.boatos.org/entretenimento/nostradamus-previu-chegada-coronavirus-livro-1555.html","Nostradamus previu a chegada do coronavírus em livro de 1555 #boato","925"
"540","https://www.boatos.org/entretenimento/noticia-falsa-acdc-vai-acabar-apos-saida-de-guitarrista-malcolm-young.html","Notícia falsa: AC/DC vai acabar após saída de guitarrista Malcolm Young","353"
"541","https://www.boatos.org/entretenimento/os-simpsons-previram-a-morte-do-papa-francisco-em-2025.html","Vídeo sobre “previsão dos Simpsons” de morte do papa é criação com IA que não tem relação com a série","661"
"542","https://www.boatos.org/entretenimento/outubro-rosa-wine-da-vinhos-gratis-para-quem-acertar-desafio-do-quiz.html","Golpe cita Outubro Rosa da Wine, vinhos grátis e usa vídeo de Juliana Paes e Ana Maria Braga dublados com IA","629"
"543","https://www.boatos.org/entretenimento/pabllo-vittar-lei-rouanet-2018.html","Pabllo Vittar vai ganhar R$ 5 milhões da Lei Rouanet em 2018 #boato","584"
"544","https://www.boatos.org/entretenimento/paul-mccartney-visitou-phil-collins-no-hospital-e-cantou-yesterday.html","Imagem de Paul McCartney tocando violão para Phil Collins no hospital é falsa","570"
"545","https://www.boatos.org/entretenimento/paul-walker-esta-vivo-boato-diz-que-ator-nao-morreu-em-acidente.html","Paul Walker está vivo: boato diz que ator não morreu em acidente","477"
"546","https://www.boatos.org/entretenimento/paula-fernandes-quebrou-imagem-de-nossa-senhora-aparecida-apos-receber-presente-de-padre.html","É falso que Paula Fernandes quebrou imagem de Nossa Senhora Aparecida recebida de padre","712"
"547","https://www.boatos.org/entretenimento/paula-fernandes-revela-que-tem-poucos-dias-de-vida-e-esta-doente.html","É falso que Paula Fernandes tenha revelado que “tem poucos dias de vida” e que está doente","548"
"548","https://www.boatos.org/entretenimento/paulo-gustavo-morreu-decorrencia-covid-19.html","Paulo Gustavo morreu hoje em decorrência da Covid-19 #boato","587"
"549","https://www.boatos.org/entretenimento/pedro-cardoso-disse-que-o-stf-tem-que-prender-bolsonaro-com-maca-e-tudo.html","Não há indícios de que Pedro Cardoso tenha pedido prisão de Bolsonaro “com maca e tudo”","522"
"550","https://www.boatos.org/entretenimento/pianista-japones-nobuyuki-tsujii-tem-sindrome-de-down.html","Pianista japonês Nobuyuki Tsujii tem síndrome de down #boato","666"
"551","https://www.boatos.org/entretenimento/piloto-do-aviao-que-levava-marilia-mendonca-se-vacinou-um-dia-antes-da-tragedia-boato.html","Piloto do avião que levava Marília Mendonça se vacinou um dia antes da tragédia #boato","183"
"552","https://www.boatos.org/entretenimento/pink-floyd-nova-turne-shows-brasil.html","Pink Floyd anuncia nova turnê, com shows no Brasil #boato","454"
"553","https://www.boatos.org/entretenimento/prefeitura-do-rio-de-janeiro-gastou-r-60-milhoes-em-show-de-madonna.html","Gasto de prefeitura do Rio de Janeiro com o show de Madonna não foi de R$ 60 milhões","544"
"554","https://www.boatos.org/entretenimento/preta-gil-aparece-em-video-chorando-de-dor-e-implorando-para-nao-morrer.html","Vídeos atribuídos a Preta Gil chorando de dor em hospital são falsos","525"
"555","https://www.boatos.org/entretenimento/preta-gil-morreu-aos-49-anos-de-idade.html","Fakes sobre morte de Preta Gil se espalham em redes sociais de vídeos","356"
"556","https://www.boatos.org/entretenimento/preta-gil-zombou-de-bolsonaro-por-causa-de-bolsa-de-colostomia-e-sofreu-castigo.html","É falso que Preta Gil tenha zombado de Bolsonaro e o chamado de “saco de b…” por causa de bolsa de colostomia","701"
"557","https://www.boatos.org/entretenimento/priscila-fantin-morre-39-anos-apos-internada-pressas.html","Priscila Fantin morre aos 39 anos após ser internada às pressas #boato","364"
"558","https://www.boatos.org/entretenimento/pt-construiu-teatro-r-20-milhoes-cidade-crisopolis-ba.html","PT construiu teatro de R$ 20 milhões na cidade de Crisópolis (BA) #boato","894"
"559","https://www.boatos.org/entretenimento/ratinho-vai-entrevistar-bolsonaro-quinta-feira-para-falar-das-coisas-boas-brasil.html","Ratinho vai entrevistar Bolsonaro quinta-feira, em 2022, para falar das “coisas boas” do Brasil #boato","692"
"560","https://www.boatos.org/entretenimento/regina-duarte-carta-artistas-nota-repudio.html","Regina Duarte escreve carta aos 500 artistas que assinaram nota de repúdio #boato","792"
"561","https://www.boatos.org/entretenimento/renata-vasconcellos-demitida-globo-tristeza-altas-horas.html","Renata Vasconcellos foi demitida da Globo antes de “expor tristeza” no Altas Horas #boato","522"
"562","https://www.boatos.org/entretenimento/renata-vasconcellos-testou-positivo-para-covid-19.html","Renata Vasconcellos testou positivo para Covid-19 (coronavírus) #boato","596"
"563","https://www.boatos.org/entretenimento/renato-aragao-didi-agrediu-a-sua-esposa-por-causa-de-alcool.html","Renato Aragão (Didi) é alvo de vídeo falso por IA que simula agressão contra a esposa por causa de álcool","664"
"564","https://www.boatos.org/entretenimento/renato-aragao-didi-esta-com-alzheimer-e-nao-reconhece-familiares.html","É falso que Renato Aragão (Didi) esteja com Alzheimer e não reconheça familiares","472"
"565","https://www.boatos.org/entretenimento/renato-aragao-didi-morreu-infarto-outubro-2023.html","É falso que Renato Aragão (Didi) morreu por conta de um infarto em outubro de 2023","377"
"566","https://www.boatos.org/entretenimento/richard-gere-disse-nao-ha-tempo-para-mais-nada-ninguem-escapa-vivo-desse-mundo.html","Richard Gere disse “não há tempo para mais nada” e “ninguém escapa vivo desse mundo” #boato","492"
"567","https://www.boatos.org/entretenimento/rita-lee-escreve-texto-13-anos-fortaleza-ouvi-gritos-pavor.html","Rita Lee escreve texto que começa com “Eu tinha 13 anos, em Fortaleza, quando ouvi gritos de pavor” #boato","1039"
"568","https://www.boatos.org/entretenimento/rita-lee-morreu-perda-confirmada-marco-2023.html","Rita Lee morreu e perda é confirmada em março de 2023 #boato","544"
"569","https://www.boatos.org/entretenimento/roberto-carlos-morreu-aos-86-anos-em-dezembro-de-2025.html","Mais uma vez, fake news que aponta que Roberto Carlos morreu circula na internet","967"
"570","https://www.boatos.org/entretenimento/roberto-carlos-morreu-em-um-acidente-de-carro-em-dezembro-de-2024.html","Canais do TikTok criam vídeos com IA para espalhar fake de que Roberto Carlos morreu","530"
"571","https://www.boatos.org/entretenimento/roberto-carlos-passou-mal-na-beira-da-estrada-e-foi-ajudado-por-mulher-simples.html","História que aponta que Roberto Carlos passou mal em estrada e foi salvo por mulher simples é falsa","706"
"572","https://www.boatos.org/entretenimento/roberto-carlos-vai-ganhar-r-65-milhoes-para-fazer-homenagem-a-janja-em-especial-de-fim-de-ano-da-globo.html","É falso que Roberto Carlos ganhará R$ 65 milhões para homenagear Janja no especial de fim de ano da Globo","1001"
"573","https://www.boatos.org/entretenimento/roberto-leal-canta-jesus-cristo-ultimo-show-video.html","Roberto Leal canta Jesus Cristo e fala sobre a vida em seu último show, mostra vídeo #boato","660"
"574","https://www.boatos.org/entretenimento/rodrigo-faro-sofre-avc-noticia-triste-apareceu-ele-morreu.html","Rodrigo Faro sofre AVC e notícia triste apareceu “ele morreu” #boato","500"
"575","https://www.boatos.org/entretenimento/rosana-garcia-a-narizinho-morreu-aos-59-anos.html","É falsa a notícia da morte de Rosana Garcia, a Narizinho do Sítio","896"
"576","https://www.boatos.org/entretenimento/sergio-reis-doa-todo-salario.html","Sérgio Reis doa todo salário para o Hospital do Câncer #boato","589"
"577","https://www.boatos.org/entretenimento/serie-my-secret-terrius-avisou-china-criaria-coronavirus.html","Série My Secret Terrius avisou que China iria criar coronavírus como arma biológica #boato","1740"
"578","https://www.boatos.org/entretenimento/shiloh-filha-jolie-pitt-tratamento.html","Shiloh, filha de Angelina Jolie, faz tratamento para trocar de sexo #boato","534"
"579","https://www.boatos.org/entretenimento/show-de-diogo-nogueira-no-rio-ficou-vazio-por-causa-de-boicote-de-bolsonaristas.html","Show de Diogo Nogueira não estava vazio e, provavelmente, não sofreu boicote","641"
"580","https://www.boatos.org/entretenimento/silvio-santos-internado-suspeita-covid-19.html","[Atualizado] Silvio Santos foi internado com suspeita de Covid-19","530"
"581","https://www.boatos.org/entretenimento/silvio-santos-mensagem-cancer.html","Silvio Santos divulga mensagem sobre câncer que teve na cabeça #boato","614"
"582","https://www.boatos.org/entretenimento/silvio-santos-morreu-em-junho-de-2024.html","Assim como sempre, fake news sobre morte de Silvio Santos se espalhou na internet em junho de 2024","473"
"583","https://www.boatos.org/entretenimento/silvio-santos-morreu-ontem-2024-virou-noticia-jornal-nacional.html","É falso que apresentador Silvio Santos tenha morrido “ontem”, em 2024, e virado notícia no JN","336"
"584","https://www.boatos.org/entretenimento/silvio-santos-morreu.html","Silvio Santos morreu hoje aos 86 anos #boato","517"
"585","https://www.boatos.org/entretenimento/silvio-santos-revela-em-entrevista-que-se-curou-da-artrose-com-gotas-milagrosas.html","Silvio Santos não tem artrose e muito menos se curou da doença com “gotas milagrosas”","963"
"586","https://www.boatos.org/entretenimento/simpsons-previu-chegada-coronavirus-episodio-1993.html","Os Simpsons previu a chegada do coronavírus em episódio de 1993 #boato","671"
"587","https://www.boatos.org/entretenimento/simpsons-previu-fraude-eleicoes-dos-eua-vitoria-biden-futuro-sombrio.html","Simpsons previu fraude nas eleições dos EUA, vitória de Biden e futuro sombrio #boato","817"
"588","https://www.boatos.org/entretenimento/stenio-garcia-morreu-hospital-confirmou-morte-ator.html","Stênio Garcia morreu e hospital confirmou a morte do ator #boato","815"
"589","https://www.boatos.org/entretenimento/steven-tyler-foi-levado-ao-hospital-apos-sofrer-colapso-grave-em-show.html","É falso que Steven Tyler foi levado ao hospital após sofrer colapso grave em show","572"
"590","https://www.boatos.org/entretenimento/suzana-vieira-indicou-tratamento-contra-dores-no-programa-do-bial.html","Vídeo que mostra Suzana Vieira falando de tratamento milagroso no Bial é fake criado com IA que esconde golpe","834"
"591","https://www.boatos.org/entretenimento/suzana-vieira-morreu-em-marco-de-2025.html","Mais uma fake news sobre mortes de artistas, agora de Suzana Vieira, circula na internet","438"
"592","https://www.boatos.org/entretenimento/sylvester-stallone-morreu-cancer.html","Sylvester Stallone morreu nesta madrugada de câncer de próstata #boato","501"
"593","https://www.boatos.org/entretenimento/tapa-de-will-smith-em-chris-rock-foi-armacao-da-pfizer-promover-remedio-alopecia.html","Tapa de Will Smith em Chris Rock foi uma armação da Pfizer para promover remédio para alopecia #boato","899"
"594","https://www.boatos.org/entretenimento/tonia-carrero-morreu-boato-de-morte-da-atriz-circula-na-web.html","Tônia Carrero morreu: boato de morte da atriz circula na web","373"
"595","https://www.boatos.org/entretenimento/tony-ramos-morreu-em-dezembro-de-2025.html","Voz sintética e ‘caça-cliques’ espalham fake de que o ator Tony Ramos morreu em dezembro de 2025","768"
"596","https://www.boatos.org/entretenimento/trump-expulsou-anitta-dos-estados-unidos-em-2025.html","É falso que Trump expulsou Anitta dos EUA; cantora voltou por decisão própria","466"
"597","https://www.boatos.org/entretenimento/ultima-mensagem-marcelo-rezende.html","Última mensagem de Marcelo Rezende para o Brasil é divulgada #boato","436"
"598","https://www.boatos.org/entretenimento/vazou-conversa-medicos-prova-faustao-furou-fila-transplante-coracao.html","Suposta conversa no WhatsApp entre médicos que fizeram o transplante em Faustão é falsa","855"
"599","https://www.boatos.org/entretenimento/velorio-paulo-gustavo-theatro-municipal-prova-pandemia-uma-farsa.html","Velório de Paulo Gustavo no Theatro Municipal prova que pandemia é uma farsa #boato","770"
"600","https://www.boatos.org/entretenimento/vidente-espanhola-nube-maria-previu-quarentena-programa-24-12-2019.html","Vidente espanhola Nube de María previu quarentena em programa de 24/12/2019 #boato","805"
"601","https://www.boatos.org/entretenimento/video-filha-julia-roberts-hazel-cantando.html","Vídeo mostra filha de Julia Roberts, Hazel, cantando com voz incrível #boato","470"
"602","https://www.boatos.org/entretenimento/video-gracyanne-barbosa-vaza-internet-celular-hackeado-belo-flagrado-chorando.html","Vídeo de Gracyanne Barbosa vaza na internet após celular ser hackeado e Belo é flagrado chorando #boato","458"
"603","https://www.boatos.org/entretenimento/walter-moinho-pintura-a-vida-em-2022-previa-pessoas-isoladas.html","Walter Moinho fez pintura “A vida em 2022” que previa pessoas isoladas #boato","623"
"604","https://www.boatos.org/entretenimento/will-smith-fez-alerta-sobre-arroz-da-china-com-lombriga-que-esta-lula-esta-importando-para-o-brasil.html","É falso que Will Smith tenha feito um alerta sobre arroz da China que está sendo importado para o Brasil","826"
"605","https://www.boatos.org/entretenimento/william-bonner-homem-morreu-teve-alta.html","William Bonner fala que homem morreu e já teve alta durante Jornal Nacional #boato","552"
"606","https://www.boatos.org/entretenimento/william-bonner-internado-covid-19.html","William Bonner é internado em estado grave com suspeita de Covid-19 #boato","398"
"607","https://www.boatos.org/entretenimento/william-bonner-pede-demissao-globo-apos-derrota-futebol-sbt.html","William Bonner pede demissão da Globo após derrota histórica para futebol do SBT #boato","856"
"608","https://www.boatos.org/entretenimento/xororo-dupla-chitaozinho-morreu.html","É falso que cantor Xororó, que faz dupla com Chitãozinho, tenha morrido","447"
"609","https://www.boatos.org/entretenimento/xuxa-comemora-piora-no-quadro-de-saude-de-bolsonaro-falando-ta-na-hora-de-ir-embora.html","É falso que Xuxa tenha comemorado piora na saúde de Bolsonaro com frase polêmica","618"
"610","https://www.boatos.org/entretenimento/xuxa-fez-post-falando-que-policial-federal-atingida-por-roberto-jefferson-estava-gravida-perdeu-o-bebe.html","Xuxa fez post falando que policial federal atingida por Roberto Jefferson estava grávida e perdeu o bebê #boato","453"
"611","https://www.boatos.org/entretenimento/xuxa-meneghel-esta-com-mal-de-parkinson.html","É falso que Xuxa Meneghel esteja com o mal de Parkinson","553"
"612","https://www.boatos.org/entretenimento/zeze-di-camargo-foi-internado-as-pressas-apos-sentir-dores-no-peito-em-2025.html","Notícia de internação de Zezé di Camargo com dores no peito não é de 2025","388"
"613","https://www.boatos.org/esporte/abel-ferreira-pagou-remedio-de-crianca-com-asma-em-farmacia.html","História sobre Abel Ferreira pagando remédio de criança é mais um fake criado por IA","756"
"614","https://www.boatos.org/esporte/alberto-valentim-demitido-cuiaba-porque-saiu-com-mulher-presidente-time.html","Alberto Valentim foi demitido do Cuiabá porque saiu com mulher do presidente do time #boato","1161"
"615","https://www.boatos.org/esporte/anderson-silva-chama-felipe-neto-de-verme.html","Anderson Silva chama Felipe Neto de verme e pede para ele deixar o país #boato","1188"
"616","https://www.boatos.org/esporte/argentinos-sem-mascara-aglomeracao-velorio-maradona.html","Vídeo mostra argentinos sem máscara e em aglomeração no velório de Maradona #boato","596"
"617","https://www.boatos.org/esporte/atentado-belo-horizonte-olimpiadas.html","Atentado terrorista vai acontecer em Belo Horizonte nas Olimpíadas #boato","1166"
"618","https://www.boatos.org/esporte/atleta-norte-coreana-desabafa-olimpiadas-pede-socorro-para-seu-pais.html","Atleta norte-coreana desabafa nas Olimpíadas e pede socorro para seu país, mostra vídeo #boato","936"
"619","https://www.boatos.org/esporte/balela-japao-estaria-na-copa-se-nao-pensasse-em-saude-e-educacao-diz-lula.html","Balela: Japão estaria na Copa se não pensasse só em saúde e educação, diz Lula","634"
"620","https://www.boatos.org/esporte/bayern-desiste-de-participar-mundial-de-clubes-covid-19.html","Bayern desiste de participar do Mundial de Clubes por causa da Covid-19 #boato","429"
"621","https://www.boatos.org/esporte/brasil-entregou-copa-mundo-para-alemanha-dizem-boatos.html","Brasil entregou Copa do Mundo para a Alemanha #boato","1082"
"622","https://www.boatos.org/esporte/brasileiro-apanha-zombando-russia.html","Brasileiro apanha ao tentar gravar vídeo zombando de mulher na Rússia #boato","715"
"623","https://www.boatos.org/esporte/bruno-henrique-flamengo-pego-exame-antidoping-substancia-proibida.html","Bruno Henrique, do Flamengo, é pego no exame antidoping por substância proibida #boato","461"
"624","https://www.boatos.org/esporte/casa-gabigol-barra-da-tijuca-rio-de-janeiro-pegou-fogo.html","Casa do Gabigol na Barra da Tijuca (Rio de Janeiro) pegou fogo, mostra vídeo #boato","602"
"625","https://www.boatos.org/esporte/casos-morte-subita-cardiaca-atletas-aumentou-2-300-vacinacao-covid-19.html","É falso que mortes súbitas aumentaram 2.300% após início de vacinação contra a Covid-19","605"
"626","https://www.boatos.org/esporte/chance-de-neymar-jogar-final-da-copa-mundo-e-nula.html","Chance de Neymar jogar a final da Copa do Mundo é nula","609"
"627","https://www.boatos.org/esporte/cristiano-ronaldo-diz-mora-com-mae-porque-ela-sacrificou-vida.html","Cristiano Ronaldo diz que ainda mora com a mãe porque ela sacrificou vida por ele #boato","737"
"628","https://www.boatos.org/esporte/cristiano-ronaldo-hospital-neymar-sonegou.html","Cristiano Ronaldo construiu hospital infantil no Chile e Neymar sonegou R$ 200 milhões #boato","570"
"629","https://www.boatos.org/esporte/cristiano-ronaldo-nao-cortou-cabelo-para-homenagear-crianca-doente.html","Cristiano Ronaldo não cortou cabelo para homenagear criança doente","475"
"630","https://www.boatos.org/esporte/cristiano-ronaldo-transformar-hotel-hospital-coronavirus.html","Cristiano Ronaldo vai transformar hotel em hospital para tratar pacientes com coronavírus #boato","469"
"631","https://www.boatos.org/esporte/dalessandro-funeral-menina-naiara.html","D’Alessandro pagou funeral da menina Naiara, morta em Caxias do Sul #boato","531"
"632","https://www.boatos.org/esporte/daniel-alves-critica-tite-apoia-bolsonaro-defende-copa-america-no-brasil-2021.html","Daniel Alves critica Tite, apoia Bolsonaro e defende Copa América no Brasil em post de 2021 #boato","706"
"633","https://www.boatos.org/esporte/denilson-flagrado-briga-travesti-programa-nao-pago.html","Denílson é flagrado em briga com travesti após programa não pago #boato","796"
"634","https://www.boatos.org/esporte/drone-tira-foto-neymar-com-outro-homem-festa-ano-novo.html","Drone tira foto de Neymar com outros homens em festa de ano novo #boato","536"
"635","https://www.boatos.org/esporte/ex-jogador-amaral-morreu-em-2025.html","É falso que o ex-jogador Amaral tenha morrido em 2025","517"
"636","https://www.boatos.org/esporte/ex-jogador-atletico-mg-gutemberg-vira-mendigo-mora-nas-ruas.html","Ex-jogador do Atlético (MG) Gutemberg virou mendigo e mora nas ruas #boato","767"
"637","https://www.boatos.org/esporte/ex-tenista-juan-carlos-ferrero-treinador-de-alcaraz-anunciou-que-esta-com-cancer.html","Fake news que aponta que ex-tenista Juan Carlos Ferrero, treinador de Alcaraz, anunciou que está com câncer se espalha na internet","566"
"638","https://www.boatos.org/esporte/fake-news-copa-2014.html","Recordar é viver: 7 fake news que viralizaram na web durante a Copa do Mundo de 2014","927"
"639","https://www.boatos.org/esporte/fake-news-copa-do-mundo-2018.html","Lista de fake news sobre a Copa do Mundo de 2018","681"
"640","https://www.boatos.org/esporte/fbi-brasil-vendeu-jogo-alemanha.html","FBI divulga que Brasil vendeu o jogo para a Alemanha na Copa de 2014 #boato","736"
"641","https://www.boatos.org/esporte/fifa-confirma-que-108-jogadores-morreram-por-causa-vacina-contra-covid-19.html","Fifa confirma que 108 jogadores morreram por causa da vacina contra Covid-19 #boato","811"
"642","https://www.boatos.org/esporte/fifa-elimina-chelsea-por-escalar-jogador-com-covid-19-e-palmeiras-e-campeao-mundial.html","Fifa elimina Chelsea por escalar jogador com Covid-19 e Palmeiras é campeão mundial #boato","488"
"643","https://www.boatos.org/esporte/fifa-elimina-tigres-escalar-jogador-com-covid-19-mundial.html","Fifa elimina Tigres por escalar jogador com Covid-19 no Mundial #boato","472"
"644","https://www.boatos.org/esporte/filha-de-neymar-e-bruna-biancardi-mel-nasceu-prematuramente-apos-traicao-de-jogador.html","É falso que Bruna Biancardi tenha dado luz a Mel, filha de Neymar, em março de 2025","518"
"645","https://www.boatos.org/esporte/formula-1-3-boatos-da-carreira-de-ayrton-senna.html","Fórmula 1: 3 boatos da carreira de Ayrton Senna","436"
"646","https://www.boatos.org/esporte/galvao-bueno-morreu-uma-semana-copa-do-mundo.html","Galvão Bueno morreu a uma semana da Copa do Mundo #boato","378"
"647","https://www.boatos.org/esporte/informacao-de-que-lesao-de-neymar-foi-armada-e-falsa.html","Informação de que lesão de Neymar foi armada é falsa","1093"
"648","https://www.boatos.org/esporte/jonatas-jogador-flamengo-habacuque.html","Jonatas, jogador do Flamengo, agradece a Deus e cita Habacuque em hospital #boato","642"
"649","https://www.boatos.org/esporte/jorge-jesus-tecnico-flamengo-doa-r-1-milhao-inca.html","Jorge Jesus, técnico do Flamengo, doa R$ 1 milhão para pediatria do INCA #boato","682"
"650","https://www.boatos.org/esporte/lionel-messi-autista-foi-diagnosticado-com-autismo-aos-8-anos.html","Lionel Messi é autista: ele foi diagnosticado com autismo aos 8 anos #boato","565"
"651","https://www.boatos.org/esporte/lucas-leiva-teve-problema-cardiaco-causa-de-vacina-contra-covid-19.html","Lucas Leiva teve problema cardíaco por causa de vacina contra Covid-19 #boato","900"
"652","https://www.boatos.org/esporte/lutadora-morre-adversaria-trans.html","Lutadora de vale tudo morre após enfrentar adversária trans na Malásia #boato","493"
"653","https://www.boatos.org/esporte/maguila-abandonado-familia-asilo.html","Maguila foi abandonado pela família em um asilo #boato","765"
"654","https://www.boatos.org/esporte/mariana-gross-comemora-flamengo-aglomeracao.html","Mariana Gross comemora título do Flamengo no Brasileirão e aglomera em meio à pandemia #boato","546"
"655","https://www.boatos.org/esporte/maxi-biancucchi-primo-de-messi-morreu-aos-40-anos.html","Fake news de morte de Maxi Biancucchi, primo de Messi, é desmentido pelo próprio jogador","639"
"656","https://www.boatos.org/esporte/mclaren-demitiu-oscar-piastri-que-assinou-contrato-com-a-ferrari.html","É falso que Oscar Piastri tenha sido demitido da McLaren e assinado contrato com a Ferrari","564"
"657","https://www.boatos.org/esporte/messi-autista-e-boato-argentino-nao-tem-sindrome-de-asperger.html","Messi autista é boato: argentino não tem Síndrome de Asperger","609"
"658","https://www.boatos.org/esporte/michael-schumacher-morre-aos-47-anos.html","Michael Schumacher morre aos 47 anos #boato","556"
"659","https://www.boatos.org/esporte/michael-schumacher-morreu-e-datena-deu-a-noticia-ao-vivo-na-band.html","Michael Schumacher morreu e Datena deu a notícia ao vivo na Band #boato","633"
"660","https://www.boatos.org/esporte/mitos-comuns-sobre-videogames.html","Mitos comuns sobre videogames","596"
"661","https://www.boatos.org/esporte/morre-michael-schumacher-noticia-falsa-se-espalha-em-redes-sociais.html","Morre Michael Schumacher #boato","372"
"662","https://www.boatos.org/esporte/nao-e-possivel-aplicar-tecnicas-para-um-jogo-responsavel.html","Não é possível aplicar técnicas para um jogo responsável?","593"
"663","https://www.boatos.org/esporte/netshoes-faz-promocao-de-tenis-adidas-em-campanha-maio-laranja.html","Golpe usa falsa promoção de tênis Adidas na Netshoes que cita “Maio Laranja”","597"
"664","https://www.boatos.org/esporte/neymar-anunciou-sua-aposentadoria-do-futebol-durante-entrevista.html","Boato aponta que Neymar anunciou aposentadoria do futebol em 2025","646"
"665","https://www.boatos.org/esporte/neymar-disse-que-o-sonho-dele-e-ser-pobre-clt-e-viver-no-limite-no-podpah.html","Vídeo em que Neymar fala que “queria ser pobre” é fruto de edição com IA","513"
"666","https://www.boatos.org/esporte/olympikus-da-desconto-em-tenis-rosa-por-causa-do-outubro-rosa.html","Golpe cita nome da Olympikus e fala sobre tênis rosa por desconto por conta do Outubro Rosa","578"
"667","https://www.boatos.org/esporte/pele-era-macom-membro-maconaria-mostram-fotos.html","Pelé era maçom (membro da maçonaria), mostram fotos #boato","510"
"668","https://www.boatos.org/esporte/pele-morreu-aos-81-anos-idade-foi-confirmado-agora-ha-pouco.html","Pelé morreu aos 81 anos de idade e “foi confirmado agora há pouco” #boato","409"
"669","https://www.boatos.org/esporte/pele-morreu-e-teve-morte-confirmada-hoje.html","Pelé morreu e teve morte confirmada hoje #boato","572"
"670","https://www.boatos.org/esporte/polyana-viana-lutadora-de-mma-foi-presa-por-reagir-a-assalto-imobilizando-o-ladrao.html","Fake news sobre lutadora Polyana Viana ser presa após reagir a assalto volta a circular na internet","823"
"671","https://www.boatos.org/esporte/presidente-flamengo-rodolfo-landim-resposta-jornal-nacional-globo.html","Presidente do Flamengo, Rodolfo Landim, dá resposta ao Jornal Nacional e Globo #boato","766"
"672","https://www.boatos.org/esporte/rafael-nadal-dedica-titulo-australian-open-bolsonaro-djokovic.html","Rafael Nadal dedica título do Australian Open a Bolsonaro e a Djokovic #boato","551"
"673","https://www.boatos.org/esporte/rai-assume-que-e-gay-morar-zeca-camargo.html","Raí assume que é gay e vai morar com Zeca Camargo #boato","564"
"674","https://www.boatos.org/esporte/richarlison-declarou-voto-lula-nas-eleicoes-de-2022.html","Richarlison declarou voto em Lula nas eleições de 2022 #boato","439"
"675","https://www.boatos.org/esporte/rodrygo-atacante-do-real-madrid-morreu-em-um-acidente-de-carro.html","É falso que Rodrygo, atacante do Real Madrid, tenha morrido em acidente de carro em 2024","577"
"676","https://www.boatos.org/esporte/ronaldinho-gaucho-lucrou-r-500-mil-r-14-milhao-preso-paraguai.html","Ronaldinho Gaúcho lucrou R$ 500 mil (ou R$ 1,4 milhão) enquanto esteve preso no Paraguai #boato","948"
"677","https://www.boatos.org/esporte/russia-maconha-cocaina-estadios-copa.html","Rússia libera uso de maconha e cocaína em estádios na Copa do Mundo #boato","1277"
"678","https://www.boatos.org/esporte/sadio-mane-ferraris-avioes-70-euros-senegal.html","Sadio Mané diz que não quer Ferraris ou aviões e que doa 70 euros por mês a pessoas em Senegal #boato","692"
"679","https://www.boatos.org/esporte/schumacher-acorda-coma-apos-seis-anos-reconhece-esposa.html","Schumacher acorda do coma após seis anos e só reconhece a esposa #boato","849"
"680","https://www.boatos.org/esporte/schumacher-esta-com-44-kg-e-abandonado-e-perde-fortuna-sera-mesmo.html","Schumacher está com 44 kg, é abandonado e perde fortuna? Será mesmo?","683"
"681","https://www.boatos.org/esporte/sete-jogadores-bayern-lewandowski-testaram-positivo-para-covid-19.html","Sete jogadores do Bayern (incluindo Lewandowski) testaram positivo para a Covid-19 #boato","403"
"682","https://www.boatos.org/esporte/thomas-joly-diretor-da-cerimonia-de-abertura-das-olimpiadas-foi-atingido-por-um-raio.html","É falso que Thomas Joly, diretor da cerimônia de abertura das Olimpíadas, foi atingido por um raio","411"
"683","https://www.boatos.org/esporte/tite-e-marquinhos-nao-cumprimentam-bolsonaro-premiacao.html","Tite e Marquinhos se negaram a cumprimentar Bolsonaro durante premiação #boato","615"
"684","https://www.boatos.org/esporte/tite-foi-demitido-da-selecao-brasileira-recusar-jogar-a-copa-america.html","Tite foi demitido da seleção brasileira por se recusar a jogar a Copa América #boato","800"
"685","https://www.boatos.org/esporte/torcedor-ingles-apanha-policia-russia.html","Torcedor inglês sobe em cima de viatura e apanha da polícia na Rússia #boato","578"
"686","https://www.boatos.org/esporte/torre-eiffel-fica-iluminada-com-as-cores-da-argentina-apos-a-final-da-copa-do-mundo-boato.html","Torre Eiffel fica iluminada com as cores da Argentina após a final da Copa do Mundo #boato","510"
"687","https://www.boatos.org/esporte/video-maradona-muito-gordo-chutando-bola-tenis-quarentena.html","Vídeo mostra Maradona “muito gordo” chutando bola de tênis na quarentena #boato","478"
"688","https://www.boatos.org/esporte/vila-olimpica-jogos-toquio-custou-us-29-milhoes-rio-custou-us-900-milhoes.html","Vila Olímpica dos Jogos de Tóquio custou US$ 29 milhões e do Rio teve valor de US$ 900 milhões #boato","751"
"689","https://www.boatos.org/esporte/zagallo-morreu-92-anos-idade-hoje.html","Zagallo foi internado, mas não morreu, ao contrário do que apontam mensagens na internet","496"
"690","https://www.boatos.org/fast-checking/exagerado-israelenses-nao-fazem-ilhas-em-forma-de-palmeiras-arranha-ceus-mas-descobriram-a-cura-de-10-doencas.html","Exagerado: israelenses não fazem ilhas em forma de palmeiras, arranha-céus, mas descobriram a cura de 10 doenças","813"
"691","https://www.boatos.org/fast-checking/fake-news-cissa-guimaraes-morre-aos-64-anos-apos-tirar-a-propria-vida.html","Fake news: Cissa Guimarães morre aos 64 anos após tirar a própria vida","257"
"692","https://www.boatos.org/fast-checking/fake-news-dr-charles-hoffe-esta-certo-ao-dizer-que-vacinas-aumentam-risco-de-morrer-por-covid-19.html","Fake news: Dr. Charles Hoffe está certo ao dizer que vacinas aumentam risco de morrer por Covid-19","451"
"693","https://www.boatos.org/fast-checking/fake-news-globo-divulga-que-casos-de-covid-19-aumentaram-para-dispersar-manifestacoes-de-bolsonaristas.html","Fake news: Globo divulga que casos de Covid-19 aumentaram para dispersar manifestações de bolsonaristas","165"
"694","https://www.boatos.org/fast-checking/fake-news-iogurte-activia-e-feito-de-fezes-humanas.html","Fake news: iogurte Activia é feito de fezes humanas","648"
"695","https://www.boatos.org/fast-checking/fake-news-raul-gil-morreu-agora-ha-pouco-dezembro-de-2022.html","Fake news: Raul Gil morreu agora há pouco (dezembro de 2022)","143"
"696","https://www.boatos.org/fast-checking/fake-news-regis-danese-morreu-apos-piora-no-estado-de-saude.html","Fake news: Regis Danese morreu após piora no estado de saúde","143"
"697","https://www.boatos.org/fast-checking/fake-news-rosas-de-ouro-faz-apresentacao-satirizando-bolsonaro-em-2023.html","Fake news: Rosas de Ouro faz apresentação satirizando Bolsonaro em 2023","191"
"698","https://www.boatos.org/fast-checking/fake-news-semente-de-abacate-e-coca-cola-curam-as-dores.html","Fake news: semente de abacate e Coca-Cola curam as dores","370"
"699","https://www.boatos.org/fast-checking/fake-news-vazam-cenas-do-funeral-de-celine-dion.html","Fake news: vazam cenas do funeral de Celine Dion","224"
"700","https://www.boatos.org/lista/10-fake-news-sobre-a-vacina-da-pfizer-que-ja-foram-desmentidas-no-boatos-org.html","10 fake news sobre a vacina da Pfizer que já foram desmentidas no Boatos.org","280"
"701","https://www.boatos.org/lista/10-fake-news-sobre-ivermectina-desmentidas-boatos-org.html","10 fake news sobre a ivermectina que foram desmentidas no Boatos.org","172"
"702","https://www.boatos.org/lista/12-fake-news-sobre-o-forno-micro-ondas-microondas.html","12 fake news sobre o forno micro-ondas (microondas)","259"
"703","https://www.boatos.org/lista/20-boatos-e-fake-news-sobre-as-enchentes-no-rio-grande-do-sul.html","20 boatos e fake news sobre as enchentes no Rio Grande do Sul","1890"
"704","https://www.boatos.org/lista/30-fake-news-sobre-o-papa-francisco-que-circularam-do-seu-pontificado-ate-sua-morte.html","30 fake news sobre o papa Francisco que circularam do seu pontificado até sua morte","413"
"705","https://www.boatos.org/lista/5-ideias-erradas-sobre-e-sports-que-circulam-na-internet.html","5 ideias erradas sobre e-sports que circulam na internet","607"
"706","https://www.boatos.org/lista/5-mitos-e-fake-news-sobre-o-sono-e-saude-na-hora-de-dormir.html","5 mitos e fake news sobre o sono e saúde na hora de dormir","1152"
"707","https://www.boatos.org/lista/7-mitos-comuns-sobre-o-bronzeamento-solar.html","7 mitos comuns sobre o bronzeamento solar","1060"
"708","https://www.boatos.org/lista/7-mitos-sobre-a-realidade-virtual-que-voce-precisa-parar-de-acreditar.html","7 mitos sobre a realidade virtual que você precisa parar de acreditar","586"
"709","https://www.boatos.org/lista/7-mitos-sobre-vegetarianismo-e-veganismo.html","7 Mitos sobre vegetarianismo e veganismo","1168"
"710","https://www.boatos.org/lista/a-semana-em-fakes-02-2026-lula-e-os-pobres-saude-de-bolsonaro-e-miraclein-em-fevereiro.html","A Semana em Fakes #02/2026: Lula e os pobres, saúde de Bolsonaro e Miraclein em fevereiro","1030"
"711","https://www.boatos.org/lista/a-semana-em-fakes-03-2026-bancos-master-e-will-vacina-bivalente-e-fakes-sobre-nikolas-ferreira.html","A Semana em Fakes #03/2026: Bancos Master e Will, vacina bivalente e fakes sobre Nikolas Ferreira","1026"
"712","https://www.boatos.org/lista/a-semana-em-fakes-04-2026-epstein-gabriela-rico-e-os-canibais-nipah-no-brasil-e-alfaiate-do-lula.html","A Semana em Fakes #04/2026: Epstein, Gabriela Rico e os canibais, Nipah no Brasil e Alfaiate do Lula","1084"
"713","https://www.boatos.org/lista/a-semana-em-fakes-05-2026-surto-de-mpox-governadores-contra-o-stf-e-fakes-politicos-de-carnaval.html","A Semana em Fakes #05/2026: surto de Mpox, governadores contra o STF e fakes políticos de Carnaval","775"
"714","https://www.boatos.org/lista/algumas-fake-news-que-viralizaram-no-inicio-de-2024.html","Algumas fake news que viralizaram no início de 2024","657"
"715","https://www.boatos.org/lista/arroz-dana.html","Arroz Dana","731"
"716","https://www.boatos.org/lista/fake-news-sobre-a-morte-de-marilia-mendonca.html","7 Fake news sobre a morte de Marília Mendonça","851"
"717","https://www.boatos.org/lista/melhor-boatos-2018-carol-lira.html","O melhor do Boatos.org em 2018, por Carol Lira","722"
"718","https://www.boatos.org/lista/melhor-boatos-2018-hellen-bizerra.html","O melhor do Boatos.org em 2018, por Hellen Bizerra","807"
"719","https://www.boatos.org/lista/o-melhor-boatos-de-2018-edgard-matsuki.html","O melhor do Boatos.org em 2018, por Edgard Matsuki","1204"
"720","https://www.boatos.org/lista/o-melhor-de-2023-no-boatos-org-por-edgard-matsuki.html","O melhor de 2023 no Boatos.org, por Edgard Matsuki","1737"
"721","https://www.boatos.org/lista/o-melhor-de-2023-no-boatos-org-por-kyene-becker.html","O melhor de 2023 no Boatos.org, por Kyene Becker","1598"
"722","https://www.boatos.org/lista/o-melhor-de-2024-no-boatos-org-por-edgard-matsuki.html","O melhor de 2024 no Boatos.org, por Edgard Matsuki","970"
"723","https://www.boatos.org/lista/o-melhor-de-2024-no-boatos-org-por-kyene-becker.html","O melhor de 2024 no Boatos.org, por Kyene Becker","1195"
"724","https://www.boatos.org/lista/top-5-fake-news-sobre-gripe-e-frio-que-estao-circulando-em-2025.html","Top 5 fake news sobre gripe e frio que estão circulando em 2025","488"
"725","https://www.boatos.org/mundo/1-milhao-participam-protesto-denunciando-pandemia-falsa-berlim.html","Mais de 1 milhão de pessoas participam de protesto denunciando “pandemia falsa” em Berlim #boato","955"
"726","https://www.boatos.org/mundo/13-criancas-morreram-vacinadas-contra-covid-19-africa.html","13 crianças morreram após serem vacinadas contra Covid-19 na África #boato","637"
"727","https://www.boatos.org/mundo/26-idosos-tomaram-vacina-contra-covid-19-reino-unido-morreram.html","26 idosos que tomaram vacina contra Covid-19 no Reino Unido morreram #boato","742"
"728","https://www.boatos.org/mundo/48-pessoas-morreram-apos-tomar-vacina-chinesa-contra-covid-19.html","48 pessoas morreram após tomar vacina chinesa contra a Covid-19 em Singapura #boato","733"
"729","https://www.boatos.org/mundo/7-boatos-brasil-america-latina.html","7 boatos que circulam no Brasil e em outros países da América Latina","1408"
"730","https://www.boatos.org/mundo/acabou-gasolina-caracas-venezuela-fila-gigante-carros-video.html","Acabou a gasolina em Caracas (Venezuela) e carros fizeram fila gigante hoje, mostra vídeo #boato","913"
"731","https://www.boatos.org/mundo/agora-2021-oms-declara-suecia-sem-lockdown-e-modelo-a-ser-seguido.html","Agora (2021), OMS declara que Suécia, sem lockdown, é modelo a ser seguido #boato","1079"
"732","https://www.boatos.org/mundo/agricultores-franceses-jogam-esterco-janela-quarto-macron.html","Agricultores franceses jogam esterco na janela do quarto de Macron #boato","612"
"733","https://www.boatos.org/mundo/alemanha-proibiu-uso-tapetes-casas-criadouros-coronavirus.html","Alemanha proibiu tapetes nas entradas das casas por serem os maiores criadouros do coronavírus #boato","906"
"734","https://www.boatos.org/mundo/americanos-morreram-por-causa-da-vacina.html","Centenas de americanos morreram por causa da vacina contra Covid-19 #boato","1003"
"735","https://www.boatos.org/mundo/andreas-noack-assassinado-descobrir-grafeno-vacinas-contra-covid-19.html","Andreas Noack foi assassinado por descobrir grafeno nas vacinas contra Covid-19 #boato","802"
"736","https://www.boatos.org/mundo/anthony-fauci-diz-e-mail-vazado-que-coronavirus-fruto-engenharia-genetica.html","Anthony Fauci diz, em e-mail vazado, que coronavírus é fruto de engenharia genética #boato","582"
"737","https://www.boatos.org/mundo/anthony-fauci-preso-senado-eua.html","Anthony Fauci vai ser preso pelo Senado dos EUA #boato","709"
"738","https://www.boatos.org/mundo/argentina-confisco-carros-pais-povo-protesta.html","Argentina anuncia confisco de carros de cidadãos do país e povo protesta #boato","834"
"739","https://www.boatos.org/mundo/argentina-faliu-quebrou-todas-empresas-implantou-comunismo-apoio-china.html","Argentina faliu, quebrou todas empresas e implantou o comunismo com o apoio da China #boato","793"
"740","https://www.boatos.org/mundo/argentina-nao-existe-mais-virou-china-comunista.html","Argentina não existe mais porque virou a China comunista #boato","936"
"741","https://www.boatos.org/mundo/argentina-vacinou-duas-vezes-mesmo-homem-contra-a-covid-19.html","Argentina vacinou duas vezes o mesmo homem contra a Covid-19 #boato","518"
"742","https://www.boatos.org/mundo/ashley-biden-confirmou-pai-joe-biden-abusou-dela.html","Ashley Biden não confirmou que foi abusada pelo pai, Joe Biden, quando era criança","603"
"743","https://www.boatos.org/mundo/associacao-americana-medicos-libera-hidroxicloroquina.html","Associação Americana de Médicos (AMA) libera hidroxicloroquina para tratamento precoce contra Covid-19 #boato","738"
"744","https://www.boatos.org/mundo/associacao-portuguesa-relevante-faz-nota-repudio-contra-bolsonaro.html","Associação portuguesa relevante faz nota de repúdio contra Bolsonaro #boato","854"
"745","https://www.boatos.org/mundo/ataque-maternidade-na-ucrania-foi-uma-farsa-porque-modelo-gravida-foi-fotografada.html","Ataque a maternidade na Ucrânia foi uma farsa porque modelo grávida foi fotografada #boato","821"
"746","https://www.boatos.org/mundo/aumento-casos-gibraltar-prova-vacinas-nao-funcionam-e-nao-sao-seguras.html","Aumento de casos de Gibraltar prova que vacinas não funcionam e não são seguras #boato","1372"
"747","https://www.boatos.org/mundo/australia-campo-concentracao-nao-vacinados-vai-vacinar-criancas-forca.html","Austrália cria campo de concentração para não-vacinados e vai vacinar crianças à força #boato","643"
"748","https://www.boatos.org/mundo/australia-implantacao-microchip-humanos-vacinas.html","Austrália aprova implantação de microchip em humanos por meio de vacinas #boato","819"
"749","https://www.boatos.org/mundo/aviao-emirates-275-passageiros-faz-pouso-forcado-aeroporto-dubai-explode.html","Avião da Emirates com 275 passageiros faz pouso forçado no aeroporto de Dubai e explode #boato","556"
"750","https://www.boatos.org/mundo/aviao-putin-abatido-grupo-wagner-moscou-russia.html","Avião de Putin foi abatido pelo grupo Wagner após deixar Moscou (Rússia) #boato","593"
"751","https://www.boatos.org/mundo/balela-china-reconhece-profissao-de-coletora-e-paga-1200emes.html","China reconhece profissão de coletora e paga 1200€/mês #boato","339"
"752","https://www.boatos.org/mundo/bancos-todo-mundo-vao-fechar-setembro-2020-reset-financeiro-moedas.html","Bancos de todo mundo vão fechar em setembro de 2020 para realizar reset financeiro das moedas #boato","841"
"753","https://www.boatos.org/mundo/benjamin-netanyahu-disse-hezbollah-escondeu-misseis-porto-de-beirute-libano.html","Benjamin Netanyahu disse que Hezbollah escondeu mísseis no porto de Beirute (Líbano) #boato","702"
"754","https://www.boatos.org/mundo/biden-distribui-leite-condensado-ivermectina-quem-vacina-nos-eua.html","Biden distribui leite condensado e ivermectina a quem se vacinar nos EUA #boato","879"
"755","https://www.boatos.org/mundo/bill-gates-deu-cheque-em-branco-para-jornalista-durante-entrevista.html","Bill Gates deu cheque em branco para jornalista durante entrevista #boato","513"
"756","https://www.boatos.org/mundo/bill-gates-e-pego-no-g20-falando-que-e-hora-de-paineis-da-morte-reduzirem-populacao-mundial.html","Bill Gates é pego no G20 falando que é hora de painéis da morte reduzirem população mundial #boato","1101"
"757","https://www.boatos.org/mundo/bill-gates-esta-sendo-processado-por-tribunal-da-holanda-por-causa-de-vacina.html","É falso que Bill Gates está sendo processado pela Holanda por causa da vacina contra Covid-19","499"
"758","https://www.boatos.org/mundo/bill-gates-preso-exercito-americano-trafico-de-criancas-outros-crimes.html","Bill Gates é preso pelo exército americano por tráfico de crianças e outros crimes #boato","857"
"759","https://www.boatos.org/mundo/bill-gates-se-recusou-vacinar-filhos.html","Bill Gates se recusou a vacinar os filhos #boato","562"
"760","https://www.boatos.org/mundo/bill-gates-vai-inserir-rna-mensageiro-coca-cola-para-modificar-dna-pessoas.html","Bill Gates vai inserir RNA mensageiro na fórmula da Coca-Cola para modificar DNA das pessoas #boato","985"
"761","https://www.boatos.org/mundo/boato-menina-de-tres-anos-ressuscita-durante-o-proprio-funeral-na-filipinas.html","Menina de três anos ressuscita durante o próprio funeral na Filipinas #boato","430"
"762","https://www.boatos.org/mundo/bolachas-de-natal-que-sua-mae-e-avo-compram-foram-feitas-na-india-sem-nenhuma-condicao-higienica.html","É falso que vídeo de produção em condições insalubres seja de fábrica de bolachas natalinas na Índia","1052"
"763","https://www.boatos.org/mundo/boneco-bebe-terapeutico-para-pedofilos-esta-sendo-vendido-tem-aumento-vendas.html","Boneco “bebê” terapêutico para pedófilos está sendo vendido e tem aumento de vendas #boato","836"
"764","https://www.boatos.org/mundo/boris-johnson-virus-injetado-vacina.html","Boris Johnson revela a verdade ao dizer que “vírus será injetado” no lugar da vacina #boato","1157"
"765","https://www.boatos.org/mundo/british-airways-faliu-funcionarios-video-despedida.html","British Airways faliu, vai fechar e funcionários gravaram vídeo de despedida #boato","791"
"766","https://www.boatos.org/mundo/caca-mig-25-azerbaijao-defesa-antiaerea-armenia-video.html","Vídeo mostra caça MiG-25, do Azerbaijão, sendo abatido por artilharia antiaérea da Armênia #boato","488"
"767","https://www.boatos.org/mundo/carrefour-bruxelas-vazio-falta-de-alimentos-lockdown.html","Carrefour de Bruxelas está vazio por falta de alimentos e pelo lockdown #boato","768"
"768","https://www.boatos.org/mundo/carros-eletricos-abandonados-paris-franca.html","Carros elétricos são abandonados e estão contaminando o solo em Paris (França) #boato","637"
"769","https://www.boatos.org/mundo/catedral-notre-dame-reformada-telhado-estilo-moderno.html","Catedral de Notre Dame é reformada com telhado de estilo moderno #boato","683"
"770","https://www.boatos.org/mundo/cazaquistao-caiu-presidente-fugiu-protestos-foram-motivados-pelo-passaporte-de-vacinacao.html","Cazaquistão caiu, presidente fugiu e protestos foram motivados pelo passaporte de vacinação #boato","826"
"771","https://www.boatos.org/mundo/ceo-euro-exim-bank-ciclistas-desastre-economia.html","CEO do Euro Exim Bank disse ciclistas são um desastre para a economia #boato","934"
"772","https://www.boatos.org/mundo/ceo-pfizer-albert-bourla-preso-fraude-testes-vacina.html","CEO da Pfizer, Albert Bourla, foi preso por fraude em testes com vacina #boato","772"
"773","https://www.boatos.org/mundo/charles-de-gaulle-disse-o-brasil-nao-e-um-pais-serio.html","Frase “o Brasil não é um país sério” não é de autoria de Charles de Gaulle","711"
"774","https://www.boatos.org/mundo/chef-cozinha-frances-processado-semen-sobremesas-restaurante.html","Chef de cozinha francês é processado após colocar sêmen em sobremesas de restaurante #boato","716"
"775","https://www.boatos.org/mundo/china-cancelou-transacoes-dolar-bolsa-valores-abalou-mundo.html","China cancelou transações em dólar na Bolsa de Valores e abalou o mundo #boato","1002"
"776","https://www.boatos.org/mundo/china-compra-empresa-aerea-azul-durante-pandemia-coronavirus.html","China compra empresa aérea Azul durante pandemia do novo coronavírus #boato","548"
"777","https://www.boatos.org/mundo/china-comprou-1-bilhao-vacinas-australia-nao-usar-coronavac.html","China comprou 1 bilhão de vacinas da Austrália e não vai usar Coronavac #boato","506"
"778","https://www.boatos.org/mundo/china-coronavirus-ganhar-3a-guerra-mundial-golpe-mestre.html","China criou o coronavírus para ganhar a 3ª Guerra Mundial e dar um golpe de mestre #boato","1275"
"779","https://www.boatos.org/mundo/china-distribuir-vacina-contra-coronavirus-graca-para-mundo.html","China vai distribuir vacina contra o coronavírus de graça para o mundo #boato","513"
"780","https://www.boatos.org/mundo/china-falsificou-20-mil-documentos-fraudar-eleicoes-eua.html","China falsificou 20 mil documentos para fraudar eleições nos EUA #boato","716"
"781","https://www.boatos.org/mundo/china-mata-20-mil-pacientes-coronavirus-autorizacao.html","China mata 20 mil pacientes com coronavírus após pedir autorização para tribunal #boato","762"
"782","https://www.boatos.org/mundo/china-mata-pessoas-recusam-tomar-vacina-contra-covid-19.html","China mata pessoas que se recusam a tomar vacina contra Covid-19 #boato","662"
"783","https://www.boatos.org/mundo/china-nao-teve-tem-tera-vacina-todo-mundo-curou.html","China não teve, não tem, não terá vacina e todo mundo se curou lá #boato","1078"
"784","https://www.boatos.org/mundo/china-operacao-xeque-mate-coronavirus.html","China compra 30% de empresas do ocidente em operação Xeque-mate do coronavírus #boato","907"
"785","https://www.boatos.org/mundo/china-sementes-ervas-envenenadas-eua-outros-paises.html","China está enviando sementes e ervas envenenadas para EUA e outros países #boato","840"
"786","https://www.boatos.org/mundo/china-solta-milhares-passaros-morcegos-criados-laboratorio-oceano.html","China acaba de soltar milhares de pássaros (morcegos) criados em laboratório no oceano #boato","605"
"787","https://www.boatos.org/mundo/china-vende-carne-humana-enlatada-coronavirus.html","China vende carne humana enlatada infectada com coronavírus #boato","970"
"788","https://www.boatos.org/mundo/chinesa-presa-supermercado-na-australia-espirrar-cuspir-frutas.html","Chinesa é presa em supermercado na Austrália após espirrar e cuspir em frutas #boato","720"
"789","https://www.boatos.org/mundo/chineses-cuspindo-elevadores-locais-publicos-espalhar-coronavirus.html","Chineses estão cuspindo em elevadores e locais públicos para espalhar coronavírus #boato","1144"
"790","https://www.boatos.org/mundo/chineses-vendem-sapos-vivos-caminhonete-apos-pandemia.html","Chineses vendem sapos vivos em caminhonete após pandemia da Covid-19 #boato","490"
"791","https://www.boatos.org/mundo/cientista-descobriu-vacina-cura-coronavirus-foi-morto-casa.html","Cientista que descobriu a vacina da cura do coronavírus foi morto em casa #boato","495"
"792","https://www.boatos.org/mundo/cientistas-russos-descobrem-cura-para-homossexualidade-diz-noticia-falsa.html","Cientistas russos descobrem cura para homossexualidade #boato","444"
"793","https://www.boatos.org/mundo/cilia-flores-primeira-dama-da-venezuela-reservou-andar-de-hotel-para-ano-novo-rio.html","Cilia Flores, primeira-dama da Venezuela, reservou andar de hotel para ano novo no Rio #boato","696"
"794","https://www.boatos.org/mundo/coronavirus-28-milhoes-infectados-matou-112-mil-pessoas-china.html","Coronavírus tem 2,8 milhões de infectados e matou 112 mil pessoas na China #boato","952"
"795","https://www.boatos.org/mundo/corvo-retirou-bandeira-israel-mastro-durante-guerra-hamas.html","Vídeo que mostra corvo retirando bandeira de Israel de mastro não é recente","602"
"796","https://www.boatos.org/mundo/crianca-retirada-a-forca-pais-para-ser-vacinada-australia-video.html","Criança foi retirada à força dos pais para ser vacinada na Austrália, mostra vídeo #boato","1027"
"797","https://www.boatos.org/mundo/criancas-cadaveres-tunel-fundacao-clinton.html","100 mil crianças e cadáveres foram encontrados em túnel na Fundação Clinton em Nova York #boato","647"
"798","https://www.boatos.org/mundo/criatura-estranha-encontrada-no-sul-da-colombia.html","Criatura estranha nunca vista antes é encontrada no sul da Colômbia #boato","800"
"799","https://www.boatos.org/mundo/cristina-kirchner-tomou-vacina-covid-19-sem-agulha-mascara.html","Cristina Kirchner tomou vacina da Covid-19 sem agulha e máscara #boato","562"
"800","https://www.boatos.org/mundo/crucifixo-catedral-kiev-transferido-para-bunker-apos-invasao-russia-2022-mostra-video.html","Crucifixo da Catedral de Kiev é transferido para bunker após invasão da Rússia em 2022, mostra vídeo #boato","640"
"801","https://www.boatos.org/mundo/damon-imani-xingou-globalistas-durante-reuniao-do-forum-economico-mundial-de-davos.html","Damon Imani não ofendeu Klaus Schwab em encontro do Fórum Econômico Mundial, em Davos","763"
"802","https://www.boatos.org/mundo/defunto-se-levanta-durante-reportagem-sobre-mortes-por-covid-omicron-na-alemanha.html","Defunto se levanta durante reportagem sobre mortes por Covid (Ômicron) na Alemanha #boato","664"
"803","https://www.boatos.org/mundo/delcy-rodriguez-diz-maduro-fez-acordo-coronavirus-venezuela.html","Delcy Rodríguez diz que Maduro fez um acordo com coronavírus na Venezuela #boato","768"
"804","https://www.boatos.org/mundo/departamento-saude-canada-boletim-dicas-coronavirus.html","Departamento de Saúde do Canadá lança boletim com dicas sobre coronavírus #boato","940"
"805","https://www.boatos.org/mundo/documentos-do-caso-epstein-comprovam-denuncia-de-canibalismo-feito-pela-modelo-gabriela-rico-jimenez.html","Ao contrário do que apontam mensagens, documentos do Caso Epstein não comprovam canibalismo e denúncia de Gabriela Rico Jiménez","853"
"806","https://www.boatos.org/mundo/donald-trump-hospital-foi-envenenado.html","Donald Trump teve que ir ao hospital porque foi envenenado #boato","609"
"807","https://www.boatos.org/mundo/donald-trump-morreu-em-agosto-de-2025.html","É falso que Donald Trump tenha morrido em agosto de 2025","576"
"808","https://www.boatos.org/mundo/dono-rede-hoteis-nova-york-tira-vida-demitir-funcionarios.html","Dono de rede de hotéis de Nova York tira a própria vida após demitir funcionários, mostra vídeo #boato","865"
"809","https://www.boatos.org/mundo/doria-e-coronavac-chacota-telejornal-americano.html","Doria e Coronavac viram chacota em telejornal norte-americano, mostra vídeo #boato","899"
"810","https://www.boatos.org/mundo/dr-charles-lieber-preso-eua-fabricar-vender-coronavirus-china.html","Dr. Charles Lieber foi preso nos EUA por fabricar e vender o coronavírus para a China #boato","579"
"811","https://www.boatos.org/mundo/dubai-comemora-fim-lockdown-pandemia-covid-19-video-incrivel.html","Dubai comemora fim do lockdown e pandemia da Covid-19 com vídeo incrível #boato","580"
"812","https://www.boatos.org/mundo/elon-musk-se-recusou-tomar-vacina-contra-covid-19.html","Elon Musk se recusou a tomar vacina contra Covid-19 #boato","567"
"813","https://www.boatos.org/mundo/enfermeira-da-alemanha-enviou-mensagem-ao-mundo-sobre-muculmanos-recusarem-atendimento-em-hospitais.html","É falso que enfermeira da Alemanha tenha denunciado imigrantes muçulmanos em carta “ao mundo”","1236"
"814","https://www.boatos.org/mundo/enfermeira-desmaiou-gravemente-causa-efeito-vacina-covid-19.html","Enfermeira desmaiou gravemente por causa de efeito da vacina contra Covid-19 #boato","448"
"815","https://www.boatos.org/mundo/enfermeira-khalilah-mitchell-paralisia-facial-vacina.html","Enfermeira Khalilah Mitchell teve paralisia facial após tomar vacina contra Covid-19 nos EUA #boato","637"
"816","https://www.boatos.org/mundo/eslovenia-esta-utilizando-codigos-para-aplicar-vacinas-contra-covid-19-falsas-cancerigenas.html","Eslovênia está utilizando códigos para aplicar vacinas contra Covid-19 falsas e cancerígenas #boato","739"
"817","https://www.boatos.org/mundo/espanha-acaba-decretar-fim-da-pandemia-retirada-todas-restricoes.html","Espanha acaba de decretar o fim da pandemia e retirada de todas restrições #boato","594"
"818","https://www.boatos.org/mundo/estado-islamico-esta-leiloando-cabecas-de-cristaos-boato.html","Estado Islâmico está leiloando cabeças de cristãos #boato","500"
"819","https://www.boatos.org/mundo/fabrica-da-fiat-que-deu-lugar-shopping-em-turim-italia-foi-fechada-por-causa-de-sindicatos.html","Fábrica da Fiat que deu lugar a shopping em Turim (Itália) foi fechada por causa de sindicatos #boato","1120"
"820","https://www.boatos.org/mundo/famosos-do-mundo-todo-comiam-bebes-em-ritual-canibal-na-ilha-de-epstein.html","Fake news virais sobre canibalismo na Ilha de Epstein voltam a circular após divulgação de documentos","973"
"821","https://www.boatos.org/mundo/fbi-recolhe-mascaras-vindas-china-infectadas-covid-19.html","FBI recolhe máscaras vindas da China que estavam infectadas com Covid-19 #boato","660"
"822","https://www.boatos.org/mundo/fda-autorizou-hidroxicloroquina-todos-os-pacientes-covid-19-eua.html","FDA autorizou uso da hidroxicloroquina em todos os pacientes com Covid-19 nos EUA #boato","999"
"823","https://www.boatos.org/brasil/cavalo-caramelo-morreu-apos-ser-resgatado-de-telhado-de-casa-no-rs.html","Mensagens que apontam que o cavalo Caramelo morreu é falsa","438"
"824","https://www.boatos.org/brasil/guga-chacra-chorou-ao-vivo-globo-saber-vitoria-milei.html","É falso que Guga Chacra tenha chorado ao vivo por causa da vitória de Milei na Argentina","484"
"825","https://www.boatos.org/entretenimento/queen-latifah-revelou-que-esta-com-cancer-no-sangue.html","É falso que Queen Latifah revelou que está com câncer no sangue em transmissão emocionada","962"
"826","https://www.boatos.org/entretenimento/stenio-garcia-morreu-hospital-confirmou-morte-ator.html","Stênio Garcia morreu e hospital confirmou a morte do ator #boato","799"
"827","https://www.boatos.org/lista/30-fake-news-sobre-o-papa-francisco-que-circularam-do-seu-pontificado-ate-sua-morte.html","30 fake news sobre o papa Francisco que circularam do seu pontificado até sua morte","413"
"828","https://www.boatos.org/mundo/filha-presidente-do-santander-disse-pai-morreu-milionario-buscando-ar.html","Filha do presidente do Santander disse que o pai morreu milionário buscando algo grátis, o ar #boato","782"
"829","https://www.boatos.org/mundo/filha-vladimir-putin-morre-tomar-vacina-russa-covid-19.html","Filha de Vladimir Putin morre após tomar vacina russa contra Covid-19 #boato","812"
"830","https://www.boatos.org/mundo/fleming-salvou-churchill-penicilina.html","Alexander Fleming salvou a vida de Winston Churchill com penicilina #boato","904"
"831","https://www.boatos.org/mundo/forca-aerea-italiana-apresenta-praia-italia-pavarotti.html","Força Aérea Italiana se apresenta em praia na Itália ao som de Pavarotti em 2020 #boato","506"
"832","https://www.boatos.org/mundo/forum-economico-mundial-declara-que-pedofilos-vao-salvar-humanidade.html","Fórum Econômico Mundial declara que pedófilos vão salvar a humanidade #boato","549"
"833","https://www.boatos.org/mundo/forum-economico-mundial-proibe-cultivo-privado-de-alimentos-para-reduzir-co%e2%82%82.html","É falso que o Fórum Econômico Mundial tenha pedido a proibição do cultivo privado de alimentos","805"
"834","https://www.boatos.org/mundo/foto-caixoes-vitimas-coronavirus-bergamo-italia.html","Foto mostra caixões de vítimas do coronavírus enfileirados em Bergamo (Itália) #boato","516"
"835","https://www.boatos.org/mundo/foto-cisnes-rosados-canal-veneza-italia.html","Foto mostra cisnes rosados chegando no canal de Veneza, na Itália #boato","667"
"836","https://www.boatos.org/mundo/foto-mostra-pessoas-caidas-praca-china-coronavirus.html","Foto mostra pessoas caídas em praça da China por causa do coronavírus #boato","1245"
"837","https://www.boatos.org/mundo/franca-aprova-aborto-nove-meses-gravidez.html","França aprova liberação do aborto até os nove meses de gravidez #boato","1012"
"838","https://www.boatos.org/mundo/franca-lei-legaliza-pedofilia-criancas.html","França aprova lei que legaliza pedofilia #boato","977"
"839","https://www.boatos.org/mundo/franca-nao-tem-vacinacao-so-usa-ivermectina-hidroxicloroquina.html","França não tem vacinação e só usa ivermectina e hidroxicloroquina #boato","931"
"840","https://www.boatos.org/mundo/general-fuzileiros-navais-eua-david-h-berger-negou-vacinar-tropa-contra-covid-19.html","General dos Fuzileiros Navais dos EUA, David H. Berger, se negou a vacinar tropa contra Covid-19 #boato","1010"
"841","https://www.boatos.org/mundo/george-floyd-violentou-bebe.html","George Floyd violentou um bebê #boato","603"
"842","https://www.boatos.org/mundo/george-soros-bolsonaro-nao-ganha-eleicoes-2022-brasil.html","George Soros diz que Bolsonaro não ganha eleições de 2022 no Brasil #boato","668"
"843","https://www.boatos.org/mundo/george-soros-preso-suica-extraditado-eua-condenado-morte.html","George Soros foi preso na Suíça, será extraditado para os EUA e condenado à morte #boato","857"
"844","https://www.boatos.org/mundo/george-soros-promete-ajudar-argentina-quarentena-prejudicar-bolsonaro.html","George Soros promete ajudar Argentina se país prolongar quarentena e prejudicar Bolsonaro #boato","545"
"845","https://www.boatos.org/mundo/golfinho-morre-por-causa-de-selfie-de-turistas-na-argentina.html","Golfinho morre por causa de selfie de turistas na Argentina #boato","1069"
"846","https://www.boatos.org/mundo/governador-de-nova-york-diz-pessoas-voltarem-trabalho.html","Governador de Nova York (EUA) disse que as pessoas precisam voltar ao trabalho e voltou atrás no lockdown #boato","839"
"847","https://www.boatos.org/mundo/governo-alemanha-cobranca-china.html","Governo da Alemanha envia cobrança de 130 bilhões de libras para a China #boato","577"
"848","https://www.boatos.org/mundo/governo-irlanda-coloca-aviso-contra-vacina-mascara-pedagios.html","Governo da Irlanda coloca aviso contra vacina e máscaras em pedágios #boato","733"
"849","https://www.boatos.org/mundo/hackers-bill-gates-oms-laboratorio-wuhan-criaram-coronavirus-hiv.html","Hackers descobrem que Bill Gates, OMS e laboratório de Wuhan criaram o coronavírus a partir do HIV #boato","1115"
"850","https://www.boatos.org/mundo/helen-idosa-de-91-anos-e-presa-por-furtar-remedio-que-subiu-de-us-50-para-us-950.html","História que aponta para prisão de idosa por furto de remédio de 950 dólares é falsa","930"
"851","https://www.boatos.org/mundo/helicoptero-colombiano-derrubado-fronteira-venezuela.html","Helicóptero colombiano foi derrubado na fronteira com a Venezuela #boato","645"
"852","https://www.boatos.org/mundo/historia-falsa-crianca-acorda-caixao-e-pede-agua-durante-velorio.html","História falsa: criança acorda no caixão e pede água durante velório","701"
"853","https://www.boatos.org/mundo/historia-falsa-norueguesa-da-a-luz-a-bebe-elefante.html","História falsa: norueguesa dá a luz a bebê elefante","425"
"854","https://www.boatos.org/mundo/homem-china-come-sopa-feto-fotos.html","Homem da China come sopa de feto, mostram fotos #boato","731"
"855","https://www.boatos.org/mundo/homem-foi-enterrado-vivo-26-dias-tumulo-sobreviveu.html","Homem foi enterrado vivo, ficou 26 dias no túmulo e sobreviveu #boato","692"
"856","https://www.boatos.org/mundo/homem-morreu-ataque-cardiaco-israel-causa-vacina-covid-19.html","Homem morreu de ataque cardíaco em Israel por causa da vacina contra Covid-19 #boato","497"
"857","https://www.boatos.org/mundo/homem-quebra-maquina-verificadora-de-qr-code-marca-besta-china.html","Homem quebra máquina verificadora de QR code da marca da besta na China #boato","441"
"858","https://www.boatos.org/mundo/homem-um-mes-caverna-atacado-urso.html","Homem fica um mês na caverna após ter sido atacado por um urso #boato","698"
"859","https://www.boatos.org/mundo/hospital-de-israel-atacado-pelo-ira-tinha-base-militar-secreta-no-subsolo.html","É falso que hospital atacado em Israel tivesse base militar no subsolo","547"
"860","https://www.boatos.org/mundo/hospital-san-juan-dios-doacao.html","Hospital San Juan de Dios ganhará 5 centavos por visualização de vídeo com Macaco #boato","511"
"861","https://www.boatos.org/mundo/ibrahim-traore-calou-professor-racista-de-oxford-em-10-minutos.html","Vídeo afirma que Ibrahim Traoré silenciou professor de Oxford com discurso impactante","656"
"862","https://www.boatos.org/mundo/idoso-empurrado-policiais-protesto-eua-ator-forjou-cena.html","Idoso empurrado por policiais em protesto nos EUA é ator e forjou cena #boato","637"
"863","https://www.boatos.org/mundo/india-derrotou-covid-19-porque-adotou-ivermectina-suspendeu-vacinacao-massa.html","Índia derrotou a Covid-19 porque adotou ivermectina e suspendeu vacinação em massa #boato","879"
"864","https://www.boatos.org/mundo/india-processa-china-tribunal-internacional-pede-us-20-trilhoes-indenizacao.html","Índia processa China no tribunal internacional e pede US$ 20 trilhões de indenização #boato","749"
"865","https://www.boatos.org/mundo/isolamento-social-foi-inutil-porque-oms-disse-assintomaticos-nao-transmitem-covid-19.html","Isolamento social foi inútil porque OMS disse que assintomáticos não transmitem Covid-19 #boato","859"
"866","https://www.boatos.org/mundo/israel-nao-adota-isolamento-melhor-situacao-coronavirus.html","Israel não adota isolamento e tem a melhor situação do mundo em relação ao coronavírus #boato","825"
"867","https://www.boatos.org/mundo/israel-nao-tem-mortes-covid-19-usa-limao-bicarbonato-cura-coronavirus.html","Israel não tem mortes por Covid-19 e usa limão e bicarbonato na cura do coronavírus #boato","649"
"868","https://www.boatos.org/mundo/israel-pede-parem-vacinacao-contra-covid-19-todo-mundo.html","Israel pede que parem vacinação contra Covid-19 em todo o mundo #boato","497"
"869","https://www.boatos.org/mundo/israelenses-tomaram-vacina-lotam-hospitais-efeitos-colaterais.html","Israelenses que tomaram a vacina lotam hospitais por causa de efeitos colaterais #boato","694"
"870","https://www.boatos.org/mundo/italia-decidiu-nao-prestar-mais-atendimento-idosos-mais-80-anos-coronavirus.html","Itália decidiu não prestar mais atendimento a idosos com mais de 80 anos que tiverem coronavírus #boato","900"
"871","https://www.boatos.org/mundo/italiano-93-anos-chora-divida-hospital.html","Italiano de 93 anos chora ao saber de dívida com hospital após se curar da Covid-19 #boato","732"
"872","https://www.boatos.org/mundo/jack-ma-dono-do-brasil-ofende-brasileiros.html","Jack Ma, homem mais rico da China, é o dono do Brasil e ofende brasileiros #boato","563"
"873","https://www.boatos.org/mundo/japao-declara-mundo-ivermectina-mais-eficaz-que-vacina.html","Japão declara ao mundo que ivermectina é mais eficaz que a vacina #boato","951"
"874","https://www.boatos.org/mundo/japao-fogos-artificio-abertura-jogos-olimpicos.html","Japão usa fogos de artifício que seriam utilizados na abertura dos Jogos Olímpicos, mostra vídeo #boato","475"
"875","https://www.boatos.org/mundo/joe-biden-candidato-democrata-pedofilo.html","Joe Biden, candidato democrata à Presidência dos EUA, é pedófilo, prova vídeo #boato","828"
"876","https://www.boatos.org/mundo/jornalista-alemao-filma-pessoas-caidas-ruas-china-milhares-morreram-coronavirus.html","Jornalista alemão filma pessoas caídas nas ruas na China e diz, em áudio, que milhares morreram por causa do coronavírus #boato","1205"
"877","https://www.boatos.org/mundo/jovens-sem-mascara-cospem-passageiros-metro-paris.html","Jovens sem máscara cospem em passageiros no metrô de Paris #boato","744"
"878","https://www.boatos.org/mundo/juiza-sonia-sotomayor-suprema-corte-do-eua-presa-forcas-armadas-liberar-vacinas.html","Juíza Sonia Sotomayor, da Suprema Corte do EUA, é presa pelas Forças Armadas por liberar vacinas #boato","542"
"879","https://www.boatos.org/mundo/kamala-harris-seringa-falsa-tomar-vacina-contra-covid-19.html","Kamala Harris usou seringa falsa para tomar vacina contra Covid-19 #boato","572"
"880","https://www.boatos.org/mundo/kim-jong-un-ditador-coreia-do-norte-morreu-2020.html","Kim Jong-un, ditador da Coreia do Norte, morreu após cirurgia em 2020 #boato","554"
"881","https://www.boatos.org/mundo/kiwi-testa-positivo-covid-19-prova-pandemia-farsa.html","Kiwi que “testa positivo” para Covid-19 é a prova que pandemia é uma farsa #boato","898"
"882","https://www.boatos.org/mundo/klaus-schwab-foi-internado-e-morreu-em-2024.html","É falso que Klaus Schwab tenha sido internado e morrido em 2024","473"
"883","https://www.boatos.org/mundo/klaus-schwab-preso-implementar-plano-dominacao-covid-19.html","Klaus Schwab foi preso por implementar plano de dominação Covid-19 #boato","557"
"884","https://www.boatos.org/mundo/laboratorio-wuhan-glaxo-pfizer-financiado-soros-gates.html","Laboratório de Wuhan é da Glaxo, Pfizer e recebe dinheiro de Soros e Gates #boato","660"
"885","https://www.boatos.org/mundo/lenda-urbana-hunza-o-povoado-vegetariano-que-vive-mais-de-120-anos.html","Hunza, o povoado vegetariano que vive mais de 120 anos #boato","786"
"886","https://www.boatos.org/mundo/lula-vai-decretar-lei-marcial-apos-china-enviar-navio-com-aves-contaminadas-com-gripe-aviaria.html","Lula vai decretar lei marcial após China enviar navio com aves contaminadas com gripe aviária #boato","1140"
"887","https://www.boatos.org/mundo/maduro-prender-equipe-medica-ajuda.html","Maduro mandou prender equipe médica que recebeu ajuda humanitária #boato","487"
"888","https://www.boatos.org/mundo/manifestantes-esquerda-fogo-banco-sangue-hospital-chile.html","Manifestantes de esquerda colocaram fogo em banco de sangue de hospital no Chile #boato","668"
"889","https://www.boatos.org/mundo/medica-tcheca-alemanha-imigrantes-muculmanos-acabaram-pais.html","Médica tcheca na Alemanha descreve como os imigrantes muçulmanos acabaram com o país #boato","762"
"890","https://www.boatos.org/mundo/medico-mais-jovem-mundo-joshua-beckford-14-anos.html","Médico mais jovem do mundo é Joshua Beckford, de 14 anos #boato","574"
"891","https://www.boatos.org/mundo/medicos-israel-dancam-comemoram-zerado-covid-19-video.html","Médicos de Israel dançam e comemoram por ter zerado a Covid-19 no país, mostra vídeo #boato","482"
"892","https://www.boatos.org/mundo/menina-13-anos-morre-alemanha-usar-mascara-aspirar-co2.html","Menina de 13 anos morre na Alemanha por usar máscara e aspirar CO2 #boato","902"
"893","https://www.boatos.org/mundo/menina-de-8-anos-deu-a-luz-a-um-bebe-prematuro-na-china.html","Não há provas de que menina de 8 anos tenha dado luz a bebê na China e chocado o mundo","510"
"894","https://www.boatos.org/mundo/menina-sereia-e-encontrada-em-praia-da-africa.html","Menina sereia é encontrada em praia da África #boato","438"
"895","https://www.boatos.org/mundo/michelle-obama-se-registrou-como-homem-para-votar-em-1994.html","Michelle Obama se registrou como homem para votar em 1994 #boato","631"
"896","https://www.boatos.org/mundo/mike-yeadon-pfizer-diz-tarde-demais-para-salvar-alguem-tomou-vacina-contra-covid-19.html","Mike Yeadon, da Pfizer, diz que é tarde demais para salvar alguém que tomou vacina contra Covid-19 #boato","575"
"897","https://www.boatos.org/mundo/ministros-impediram-uso-hidroxicloroquina-processados-franca.html","Ministros que impediram uso da hidroxicloroquina serão processados na França #boato","735"
"898","https://www.boatos.org/mundo/miriam-novak-fez-discurso-na-onu-em-2025-falando-sobre-antissemitismo.html","O explosivo “discurso de tirar o fôlego” de Miriam Novak é um texto inventado que voltou a circular","1383"
"899","https://www.boatos.org/mundo/monsenhor-vigano-vaticano-esta-certo-falar-sobre-pandemia-vacinas-grande-reset.html","Monsenhor Viganò, do Vaticano está certo ao falar sobre pandemia, vacinas e Grande Reset #boato","929"
"900","https://www.boatos.org/mundo/morcegos-crisantemo-filmados-telhado-china-principal-fonte-coronavirus.html","Morcegos de crisântemo são filmados em telhado na China e a principal fonte do coronavírus #boato","629"
"901","https://www.boatos.org/mundo/morcegos-serpentes-cachorros-feira-china.html","Morcegos, serpentes e cachorros são comercializados em feira na China, mostram fotos #boato","547"
"902","https://www.boatos.org/mundo/morte-agnaldo-timoteo-alberto-fernandez-covid-19-surto-chile-provam-coronavac-nao-funciona.html","Morte de Agnaldo Timóteo, Alberto Fernández com Covid-19 e surto no Chile provam que Coronavac não funciona #boato","1236"
"903","https://www.boatos.org/mundo/motos-carros-sao-queimados-guerra-civil-venezuela-video.html","Motos e carros são queimados em guerra civil na Venezuela, mostra vídeo #boato","866"
"904","https://www.boatos.org/mundo/mulher-atira-outra-discussao-piscina.html","Mulher atira em outra após discussão em festa na piscina #boato","509"
"905","https://www.boatos.org/mundo/mulher-chamada-amina-deu-a-luz-dez-bebes-de-uma-so-vez-no-reino-unido.html","É falso que Amina, no Reino Unido, tenha dado à luz a dez bebês","722"
"906","https://www.boatos.org/mundo/mulher-mata-marido-com-100-machadadas-apos-ele-abusar-filha.html","Mulher mata marido com 100 machadadas após ele abusar de filha #boato","864"
"907","https://www.boatos.org/mundo/myriam-bourla-esposa-ceo-da-pfizer-albert-bourla-morreu-vacina-contra-covid-19.html","Myriam Bourla, esposa do CEO da Pfizer, Albert Bourla, morreu por causa da vacina contra Covid-19 #boato","531"
"908","https://www.boatos.org/mundo/nao-existe-dia-do-professor-japao-tem-preferencia-filas-lojas-metro.html","É falso que não exista Dia do Professor no Japão e que eles tenham vagas preferenciais","896"
"909","https://www.boatos.org/mundo/nao-havera-mais-regresso-normalidade-viviamos.html","Não haverá mais regresso à normalidade que vivíamos #boato","473"
"910","https://www.boatos.org/mundo/neto-de-nicolas-maduro-alejandro-denunciou-avo-no-americas-got-talent.html","É falso o vídeo que mostra neto de Nicolás Maduro denunciando o avô em show de talentos","1513"
"911","https://www.boatos.org/mundo/nom-agenda-globalista-2030-acaba-propriedade-privada.html","NOM é uma agenda globalista para 2030 que acaba com propriedade privada #boato","1208"
"912","https://www.boatos.org/mundo/noticia-de-que-microchip-sera-obrigatorio-para-todos-os-bebes-e-falsa.html","Microchip será obrigatório para todos os bebês #boato","668"
"913","https://www.boatos.org/mundo/nova-constituicao-da-venezuela-foi-promulgada-e-manifestantes-queimaram-motos-em-protesto.html","Nova constituição da Venezuela foi promulgada e manifestantes queimaram motos em protesto #boato","741"
"914","https://www.boatos.org/mundo/nova-york-aprovar-aborto-antes-nascimento.html","Nova York acabou de aprovar aborto até um dia antes do nascimento #boato","623"
"915","https://www.boatos.org/mundo/oms-julgada-nuremberg-2021-por-crimes-contra-humanidade-por-promover-vacinacao.html","OMS vai ser julgada em “Nuremberg 2021” por crimes contra a humanidade por promover vacinação #boato","1654"
"916","https://www.boatos.org/mundo/oms-vai-recomendar-ivermectina-tratar-covid-19.html","OMS vai recomendar oficialmente ivermectina para tratar Covid-19 #boato","605"
"917","https://www.boatos.org/mundo/onu-criou-documento-chamado-nova-ordem-mundial.html","ONU criou documento chamado Nova Ordem Mundial para 2030 #boato","1154"
"918","https://www.boatos.org/mundo/onu-e-oms-dizem-que-criancas-devem-ter-parceiros-sexuais.html","ONU e OMS dizem que crianças devem ter parceiros sexuais #boato","801"
"919","https://www.boatos.org/mundo/onu-legalizar-pedofilia-crime.html","ONU quer legalizar a pedofilia e quer que abuso sexual deixe de ser crime #boato","860"
"920","https://www.boatos.org/mundo/onu-transferiu-assembleia-geral-de-nova-york-para-genebra-em-2025-por-causa-de-veto-de-trump-a-palestinos.html","É falso que a ONU tenha transferido Assembleia Geral para Genebra em 2025 por causa de veto de Trump a palestinos","643"
"921","https://www.boatos.org/mundo/ovos-plastico-china-boato.html","Ovos de plástico são fabricados na China e vendidos como reais, mostra vídeo #boato","687"
"922","https://www.boatos.org/mundo/papa-nao-manifestou-sobre-legalizacao-aborto-argentina.html","Papa não se manifestou sobre legalização do aborto na Argentina #boato","836"
"923","https://www.boatos.org/mundo/pedofilos-aceitos-comunidade-lgbt.html","Pedófilos pedem para serem aceitos por comunidade LGBT em marcha e campanha #boato","806"
"924","https://www.boatos.org/mundo/pepe-mujica-ex-presidente-do-uruguai-morreu-em-setembro-de-2024.html","Fake news sobre morte de Pepe Mujica se espalha na internet em setembro de 2024","402"
"925","https://www.boatos.org/mundo/pepe-mujica-morreu-hoje-em-janeiro-de-2025.html","Mais uma fake news sobre a morte de Pepe Mujica se espalha na internet","802"
"926","https://www.boatos.org/mundo/pequim-xangai-nao-tem-casos-coronavirus-china-criou-arma-biologica.html","Pequim e Xangai não têm casos de coronavírus porque China criou uma arma biológica #boato","1135"
"927","https://www.boatos.org/mundo/pessoas-canada-informadas-coronavirus-teste-respiracao.html","Pessoas no Canadá são informadas sobre o coronavírus com teste da respiração #boato","909"
"928","https://www.boatos.org/mundo/pessoas-fila-comprar-ovos-na-argentina.html","Pessoas têm que fazer fila para comprar três ovos por vez na Argentina #boato","711"
"929","https://www.boatos.org/mundo/pirelli-volvo-syngenta-vendidas-china-pandemia-coronavirus.html","Pirelli, Volvo e Syngenta foram vendidas para a China durante a pandemia do coronavírus #boato","552"
"930","https://www.boatos.org/mundo/pneumonia-mais-letal-covid-19-surge-cazaquistao.html","Pneumonia mais letal do que a Covid-19 surge no Cazaquistão #boato","972"
"931","https://www.boatos.org/mundo/policia-de-paris-franca-espanca-mulher-que-tentou-fazer-compras-em-shopping-sem-passaporte-da-vacina.html","Polícia de Paris (França) espanca mulher que tentou fazer compras em shopping sem passaporte da vacina #boato","612"
"932","https://www.boatos.org/mundo/policia-espanca-jovens-nao-usavam-mascaras-metro-paris.html","Polícia espanca jovens que não usavam máscaras no metrô de Paris #boato","863"
"933","https://www.boatos.org/mundo/policiais-franca-jogam-algemas-chao-protesto-lockdown.html","Policiais da França jogam algemas no chão em protesto contra o lockdown #boato","555"
"934","https://www.boatos.org/mundo/policiais-italianos-negam-agredir-populacao-tiram-capacete-protesto-contra-lockdown.html","Policiais italianos se negam a agredir população e tiram capacete em protesto contra o lockdown #boato","716"
"935","https://www.boatos.org/mundo/populacao-china-vacinada-contra-covid-19-nao-precisou-fazer-lockdown.html","População da China já estava vacinada contra a Covid-19 e não precisou fazer lockdown #boato","825"
"936","https://www.boatos.org/mundo/populacao-do-cazaquistao-se-revoltou-contra-politica-ditatorial-e-derrubou-governo-em-2023.html","População do Cazaquistão se revoltou contra política ditatorial e derrubou governo em 2023 #boato","1093"
"937","https://www.boatos.org/mundo/postos-de-londres-estao-semgasolina-em-2022-mostra-video.html","Postos de Londres estão sem gasolina em 2022, mostra vídeo #boato","667"
"938","https://www.boatos.org/mundo/pouso-forcado-odor-vagina.html","Avião faz pouso forçado na África do Sul por causa de odor de vagina #boato","532"
"939","https://www.boatos.org/mundo/povo-europeu-mascaras-lixo.html","Povo europeu joga máscaras no lixo e se nega a usá-las contra a Covid-19 #boato","711"
"940","https://www.boatos.org/mundo/predio-da-pfizer-e-cercado-em-paris-em-protesto-contra-vacinas-em-2023-boato.html","Prédio da Pfizer é cercado em Paris em protesto contra vacinas em 2023 #boato","486"
"941","https://www.boatos.org/mundo/prefeito-de-londres-finge-tomar-vacina-foto.html","Prefeito de Londres finge tomar vacina contra Covid-19, mostra foto #boato","756"
"942","https://www.boatos.org/mundo/prefeito-lisboa-video-china-espalhou-coronavirus-mundo.html","Prefeito de Lisboa grava vídeo falando que China espalhou o coronavírus para o mundo #boato","680"
"943","https://www.boatos.org/mundo/presidente-china-xi-jinping-discurso-nova-era-exercito-guerra-inevitavel.html","Presidente da China, Xi Jinping, faz discurso falando em nova era, exército e guerra inevitável #boato","924"
"944","https://www.boatos.org/mundo/presidente-colombia-mandou-matar-quem-estiver-nas-ruas-contra-lockdown.html","Presidente da Colômbia mandou matar quem estiver nas ruas contra o lockdown #boato","674"
"945","https://www.boatos.org/mundo/presidente-croacia-zoran-milanovic-diz-nao-seremos-mais-vacinados.html","Presidente da Croácia Zoran Milanović diz “não seremos mais vacinados” #boato","940"
"946","https://www.boatos.org/mundo/presidente-da-namibia-deportou-500-americanos-em-retaliacao-diplomatica-aos-eua.html","É falso que presidente da Namíbia tenha deportado 500 norte-americanos por política de reciprocidade com os EUA","941"
"947","https://www.boatos.org/mundo/presidente-pais-leste-europeu-vacinou-sem-agulha.html","Presidente de um dos países do Leste Europeu se vacinou sem agulha #boato","527"
"948","https://www.boatos.org/mundo/primeira-ministra-australia-fingiu-tomar-vacina-chinesa-covid-19-video.html","Primeira-ministra da Austrália fingiu tomar vacina chinesa contra Covid-19, mostra vídeo #boato","731"
"949","https://www.boatos.org/mundo/principe-adormecido-da-arabia-saudita-acordou-apos-20-anos-em-coma.html","É falso que príncipe adormecido da Arábia Saudita acordou após 20 anos","578"
"950","https://www.boatos.org/mundo/putin-esta-atacando-ucrania-por-causa-laboratorio-armas-biologias-criados-pela-nova-ordem-mundial.html","Putin está atacando Ucrânia por causa de laboratório de armas biológicas criados pela Nova Ordem Mundial #boato","1329"
"951","https://www.boatos.org/mundo/putin-esta-com-cancer-terminal-no-intestino-por-isso-esta-promovendo-guerra.html","Putin está com câncer terminal no intestino e, por isso, está promovendo guerra #boato","704"
"952","https://www.boatos.org/mundo/putin-exige-extradicao-de-bill-gates-e-faucci-para-acabar-com-guerra-da-ucrania.html","É falso que Putin tenha exigido extradição de Bill Gates e Faucci para acabar com guerra da Ucrânia","904"
"953","https://www.boatos.org/mundo/putin-imita-bolsonaro-comer-na-rua-mostra-video.html","Putin imita Bolsonaro e resolve comer na rua, mostra vídeo #boato","900"
"954","https://www.boatos.org/mundo/radarbox-brasil-diminuiu-voos-eua-e-china-fluxo-aereo-normal.html","Radarbox mostra que Brasil diminuiu número de voos enquanto EUA e China seguem fluxo aéreo normal #boato","1242"
"955","https://www.boatos.org/mundo/rainha-elizabeth-ii-testou-positivo-para-coronavirus-palacio-real.html","Rainha Elizabeth II testou positivo para coronavírus (Covid-19), diz Palácio Real #boato","636"
"956","https://www.boatos.org/mundo/raul-castro-morreu-aos-93-anos-em-cuba.html","É falso que o ex-presidente de Cuba Raúl Castro tenha morrido aos 93 anos","511"
"957","https://www.boatos.org/mundo/rede-criminal-covid-19-foi-exposta-prova-que-pandemia-e-uma-fraude.html","Rede criminal da Covid-19 foi exposta e prova que a pandemia é uma fraude #boato","656"
"958","https://www.boatos.org/mundo/rei-charles-iii-anunciou-que-vai-abdicar-ao-trono-no-reino-unido-em-abril-de-2025.html","É falso que Rei Charles III tenha abdicado ao trono do Reino Unido","750"
"959","https://www.boatos.org/mundo/rei-charles-revela-que-principe-harry-nao-e-seu-filho-biologico.html","É falso que o rei Charles tenha revelado que o príncipe Harry não é o seu filho","621"
"960","https://www.boatos.org/mundo/rei-charles-tira-titulo-de-camilla-e-transforma-princesa-anne-em-rainha.html","É falso que o rei Charles tenha tirado título de rainha de Camilla Parker","485"
"961","https://www.boatos.org/mundo/relatorio-oficial-alemanha-pandemia-coronavirus-alarme-falso.html","Relatório oficial da Alemanha denuncia pandemia do coronavírus como alarme falso #boato","779"
"962","https://www.boatos.org/mundo/restaurante-griggs-smoke-house-servia-carne-humana-na-louisiana-eua.html","História de restaurante “Grigg’s Smoke House”, da Louisiana (EUA), que servia carne humana é mentira feita por IA","710"
"963","https://www.boatos.org/mundo/russia-autopsia-paciente-covid-19-descobriu-golpe-global-5g-veneno.html","Rússia fez autópsia de paciente de Covid-19 e descobriu golpe global do 5G (veneno) #boato","1394"
"964","https://www.boatos.org/mundo/russia-soltou-leoes-ruas-fiquem-em-casa-quarentena.html","Rússia soltou leões nas ruas para que as pessoas fiquem em casa na quarentena #boato","646"
"965","https://www.boatos.org/mundo/sarah-mulaudzi-mulher-de-74-anos-de-limpopo-africa-do-sul-deu-a-luz-para-uma-menina-saudavel.html","É falso que Sarah Mulaudzi, mulher de 74 anos em Limpopo (África do Sul), deu à luz uma menina saudável","739"
"966","https://www.boatos.org/mundo/sargento-guarda-bolivariana-atira-coronel-desobedece-maduro-venezuela.html","Sargento da Guarda Bolivariana atira em coronel e desobedece ordem de Maduro na Venezuela #boato","785"
"967","https://www.boatos.org/mundo/senado-americano-denuncia-farsa-covid-19-china-redes-sociais.html","Senado americano denuncia a farsa da Covid-19, China e redes sociais #boato","971"
"968","https://www.boatos.org/mundo/senado-italia-aprova-tratamento-precoce-hidroxicloroquina-ivermectina-contra-covid-19.html","Senado da Itália aprova tratamento precoce (hidroxicloroquina e ivermectina) contra Covid-19 #boato","709"
"969","https://www.boatos.org/mundo/senegal-cinco-mortes-coronavirus-cloroquina-todos-pacientes.html","Senegal só tem cinco mortes por coronavírus e usa cloroquina em todos pacientes #boato","1079"
"970","https://www.boatos.org/mundo/sistema-financeiro-quantico-qsf-implantado-2020-mundo-todo.html","Sistema Financeiro Quântico (QSF) está sendo implantado em 2020 no mundo todo #boato","721"
"971","https://www.boatos.org/mundo/sopa-morcego-wuhan-china-causa-coronavirus.html","Sopa de morcego que foi consumida em Wuhan (China) é a causa do Coronavírus #boato","885"
"972","https://www.boatos.org/mundo/stf-argentina-fechado-forca-pela-populacao-forcas-armadas.html","STF da Argentina foi fechado à força pela população e Forças Armadas #boato","711"
"973","https://www.boatos.org/mundo/suecia-acertou-nao-fazer-isolamento-quarentena-coronavirus.html","Suécia acertou ao não fazer isolamento social (quarentena) para combater o coronavírus #boato","1129"
"974","https://www.boatos.org/mundo/suinocultores-avicultores-argentina-atacados-populacao-faminta.html","Suinocultores e avicultores da Argentina são atacados pela população faminta #boato","567"
"975","https://www.boatos.org/mundo/suprema-corte-convoca-guarda-nacional-prende-mesarios-12-estados-eua.html","Suprema Corte convoca Guarda Nacional e prende mesários em 12 estados dos EUA #boato","493"
"976","https://www.boatos.org/mundo/taiwan-admite-vacinas-matam-mais-do-que-a-covid-19.html","Taiwan admite que vacinas matam mais do que a Covid-19 #boato","831"
"977","https://www.boatos.org/mundo/tanque-atropelou-carro-em-kiev-era-pilotado-por-soldado-russo.html","Tanque que “atropelou” carro em Kiev era pilotado por soldado russo #boato","837"
"978","https://www.boatos.org/mundo/tartaruga-gigante-presa-em-um-pneu-foi-resgatada-e-salva-pela-marinha.html","Vídeo de resgate de tartaruga marinha gigante com pneu preso é fake criado por IA","532"
"979","https://www.boatos.org/mundo/tedros-adhanom-oms-dancando-forro-shortinho-brasil.html","Tedros Adhanom, da OMS, é flagrado dançando de shortinho em bar no Brasil #boato","629"
"980","https://www.boatos.org/mundo/terremoto-turquia-siria-provocado-pelos-eua-armas-haarp.html","Terremoto na Turquia e Síria foi provocado pelos EUA com armas Haarp #boato","560"
"981","https://www.boatos.org/mundo/tiffany-dover-enfermeira-desmaiou-tomar-vacina-morreu.html","Tiffany Dover, enfermeira que desmaiou após tomar vacina, morreu #boato","600"
"982","https://www.boatos.org/mundo/torre-eiffel-iluminada-empresa-ximenez-faz-homenagem-vitimas-da-covid-19.html","Torre Eiffel, iluminada pela empresa Ximénez, faz homenagem a vítimas da Covid-19 #boato","681"
"983","https://www.boatos.org/mundo/torre-eiffel-reabre-homenagem-vitimas-covid-19-video.html","Torre Eiffel reabre com homenagem às vítimas da Covid-19, mostra vídeo #boato","511"
"984","https://www.boatos.org/mundo/tribunal-internacional-justica-determina-abolicao-todas-vacinas-contra-covid-19.html","Tribunal Internacional de Justiça determina abolição de todas as vacinas contra Covid-19 #boato","518"
"985","https://www.boatos.org/mundo/tripulantes-submarino-titan-gravaram-video-mensagem-despedida.html","Tripulantes de submarino Titan gravaram vídeo com mensagem de despedida #boato","664"
"986","https://www.boatos.org/mundo/trump-cancela-projeto-bill-gates-id2020.html","Trump cancela projeto de Bill Gates conhecido como ID2020 #boato","1130"
"987","https://www.boatos.org/mundo/trump-chamou-bolsonaro-javier-bolsonaro-deixou-de-seguir-twitter.html","Trump chamou Bolsonaro de Javier Bolsonaro e deixou de o seguir no Twitter #boato","628"
"988","https://www.boatos.org/mundo/trump-disse-imprensa-brasil-teme-militar-corrupto.html","Trump disse que imprensa do Brasil teme mais um militar do que um corrupto #boato","579"
"989","https://www.boatos.org/mundo/trump-disse-que-africanos-sao-animais-selvagens-e-nao-humanos.html","É falso que Trump tenha dito que africanos são “animais selvagens” e não humanos","603"
"990","https://www.boatos.org/mundo/trump-mandou-exibir-bandeira-do-brasil-na-times-square-em-homenagem-a-bolsonaro.html","É falso que Trump tenha mandado exibir bandeira do Brasil na Times Square em apoio a Bolsonaro","665"
"991","https://www.boatos.org/mundo/trump-oracao-saude-bolsonaro-video.html","Trump faz oração para saúde de Bolsonaro, mostra vídeo #boato","457"
"992","https://www.boatos.org/mundo/trump-tem-doenca-grave-e-so-tem-mais-6-ou-8-meses-de-vida.html","É falso que Trump tenha apenas 6 ou 8 meses de vida","556"
"993","https://www.boatos.org/mundo/tsunami-tonga-foi-causado-por-teste-com-arma-nuclear-da-china.html","Tsunami em Tonga foi causado por teste com arma nuclear da China #boato","759"
"994","https://www.boatos.org/mundo/ucraniano-morto-em-conflito-se-mexe-durante-reportagem-tv-mostra-video.html","Ucraniano morto em conflito se mexe durante reportagem de TV, mostra vídeo #boato","773"
"995","https://www.boatos.org/mundo/uniao-europeia-substituira-vacinas-ivermectina.html","União Europeia substituirá vacinas por ivermectina #boato","874"
"996","https://www.boatos.org/mundo/unicef-defende-pornografia-para-criancas-relatorio.html","Unicef defende pornografia para crianças em relatório #boato","966"
"997","https://www.boatos.org/mundo/vacina-contra-covid-19-infectou-pessoas-hiv-australia.html","Vacina contra Covid-19 infectou pessoas com HIV na Austrália #boato","542"
"998","https://www.boatos.org/mundo/vacina-covid-19-112800-relatos-efeitos-colaterais-cdc.html","Vacina contra Covid-19 teve 112.800 relatos de efeitos colaterais, diz CDC #boato","977"
"999","https://www.boatos.org/mundo/vacina-ino-4800-bill-gates-um-selo-chip-5g-pele.html","Vacina INO-4800, de Bill Gates, é um selo com chip 5G colocado na pele das pessoas #boato","659"
"1000","https://www.boatos.org/mundo/vacina-pfizer-faz-mortalidade-covid-19-aumentar-em-israel.html","Vacina da Pfizer faz mortalidade por Covid-19 aumentar em Israel #boato","803"
"1001","https://www.boatos.org/mundo/vacinacao-universal-anulada-pela-suprema-corte-eua.html","Vacinação universal foi anulada pela Suprema Corte dos EUA #boato","800"
"1002","https://www.boatos.org/mundo/victorias-secret-cirque-soleil-decretaram-falencia-causa-pandemia-covid.html","Victoria’s Secret e Cirque du Soleil decretaram falência por causa da pandemia da Covid-19 #boato","878"
"1003","https://www.boatos.org/mundo/video-fogo-aeroporto-dubai-emirados-arabes-unidos-2020.html","Vídeo mostra fogo no aeroporto de Dubai (Emirados Árabes Unidos) em 2020 #boato","479"
"1004","https://www.boatos.org/mundo/video-invasao-venezuelanos-brasil.html","Vídeo mostra invasão de venezuelanos na fronteira do país com o Brasil #boato","544"
"1005","https://www.boatos.org/mundo/video-manifestacao-contra-comunismo-argentina-quarentena.html","Vídeo mostra manifestação contra o comunismo na Argentina durante a quarentena #boato","818"
"1006","https://www.boatos.org/mundo/video-maravilhas-wuhan-todo-mundo-acha-cidadezinha.html","Vídeo mostra maravilhas de Wuhan, que todo mundo acha que é uma cidadezinha #boato","777"
"1007","https://www.boatos.org/mundo/video-mostra-criancas-judias-sequestradas-hamas-resgatadas-exercito-israel.html","Vídeo de crianças em carro não é de “judias resgatadas pelo exército de Israel”","473"
"1008","https://www.boatos.org/mundo/video-mostra-estrela-belem-juncao-jupiter-saturno-chile.html","Vídeo mostra Estrela de Belém (junção de Júpiter com Saturno) vista do Chile #boato","873"
"1009","https://www.boatos.org/mundo/video-mostra-nova-arma-eletromagnetica-supersonica-dos-eua-x-7yu.html","Vídeo de suposta arma eletromagnética supersônica X-7YU dos EUA é fake criado por IA","743"
"1010","https://www.boatos.org/mundo/video-mostra-policiais-apedrejados-protesto-lockdown-argentina.html","Vídeo mostra policiais apedrejados em protesto contra lockdown na Argentina #boato","440"
"1011","https://www.boatos.org/mundo/video-mostra-surgimento-de-zumbi-na-china.html","Vídeo mostra surgimento de zumbi na China #boato","1005"
"1012","https://www.boatos.org/mundo/video-mostra-uma-fabrica-de-fio-dental-sem-higiene-na-india.html","Vídeo que mostraria fábrica de fio dental na Índia é, na verdade, uma montagem de processos distintos","753"
"1013","https://www.boatos.org/mundo/video-mostra-venezuela-guerra-civil-2021.html","Vídeo mostra Venezuela em guerra civil no ano de 2021 #boato","624"
"1014","https://www.boatos.org/mundo/video-policiais-turquia-batendo-populacao-isolamento.html","Vídeo mostra policiais da Turquia batendo na população para garantir o isolamento social #boato","839"
"1015","https://www.boatos.org/mundo/video-resgate-criancas-caverna-tailandia.html","Vídeo mostra resgate das crianças em caverna na Tailândia #boato","533"
"1016","https://www.boatos.org/mundo/video-sobre-reducao-populacional-de-7-bilhoes-de-pessoas-e-real.html","Vídeo que fala sobre redução populacional e matar 7 bilhões de pessoas foi retirado de um filme","889"
"1017","https://www.boatos.org/mundo/video-tenia-retirada-boca-mulher-carne-porco-crua.html","Vídeo mostra tênia sendo retirada da boca de uma mulher que comeu carne de porco crua #boato","855"
"1018","https://www.boatos.org/mundo/video-tv-italiana-rai-2015-coronavirus-criado-laboratorio.html","Vídeo da TV italiana RAI de 2015 prova que o coronavírus (Covid-19) foi criado em laboratório na China #boato","1736"
"1019","https://www.boatos.org/mundo/vitima-ebola-ressuscita-zumbi.html","Vítima do ebola ressuscita na África e vira zumbi #boato","735"
"1020","https://www.boatos.org/mundo/vitimas-ciclone-praia-beira-mocambique.html","Vídeo mostra corpos de vítimas de ciclone na praia de Beira, Moçambique #boato","552"
"1021","https://www.boatos.org/mundo/viuva-de-charlie-kirk-erika-lane-revelou-que-esta-gravida.html","É falso que viúva de Charlie Kirk, Erika Lane, revelou que esteja grávida e desesperada","654"
"1022","https://www.boatos.org/mundo/vladimir-zelenko-ganhar-premio-nobel-da-paz-hidroxicloroquina.html","Vladimir Zelenko vai ganhar o prêmio Nobel da Paz por defender hidroxicloroquina #boato","794"
"1023","https://www.boatos.org/mundo/washington-post-bolsonaro-e-o-melhor-presidente-de-todos-os-tempos-capa.html","Washington Post aponta que Bolsonaro é o melhor presidente de todos os tempos em capa #boato","503"
"1024","https://www.boatos.org/mundo/washington-post-confirma-coronavirus-surgiu-laboratorio-wuhan.html","Washington Post confirma que infecção por coronavírus surgiu no laboratório de Wuhan #boato","1326"
"1025","https://www.boatos.org/mundo/washington-post-faz-denuncia-contra-doria-china-nao-quer-coronavac.html","Washington Post faz denúncia grave contra Doria e aponta que China não quer Coronavac #boato","893"
"1026","https://www.boatos.org/mundo/xi-jinping-sofreu-um-derrame-cerebral-avc-durante-evento-na-china.html","É falso que Xi Jinping tenha sofrido um AVC durante evento em 2024","407"
"1027","https://www.boatos.org/opiniao/5-checagens-mais-lidas-do-boatos-org-em-2021.html","Cinco textos mais lidos no Boatos.org em 2021","836"
"1028","https://www.boatos.org/opiniao/7-fake-news-internet-nascer.html","7 fake news que “viralizaram” antes mesmo da internet nascer","887"
"1029","https://www.boatos.org/opiniao/a-pandemia-nao-acabou-as-fake-news-negacionistas-infelizmente-tambem-nao.html","A pandemia não acabou! As fake news negacionistas, infelizmente, também não","859"
"1030","https://www.boatos.org/opiniao/a-pandemia-nao-acabou-mas-fake-news-sobre-covid-19-parecem-felizmente-ter-se-esgotado.html","A pandemia não acabou, mas as fake news sobre a Covid-19 parecem (felizmente) ter se esgotado","775"
"1031","https://www.boatos.org/opiniao/a-venezualizacao-das-fake-news-e-as-eleicoes-de-2022-no-brasil.html","A “venezualização” das fake news e as eleições de 2022 no Brasil","674"
"1032","https://www.boatos.org/opiniao/alta-nos-casos-de-covid-19-trouxe-novas-e-velhas-fake-news-sobre-vacinas-testes-e-remedios-sem-eficacia.html","Alta nos casos de Covid-19 trouxe novas (e velhas) fake news sobre vacinas, testes e remédios sem eficácia","438"
"1033","https://www.boatos.org/opiniao/antivacinas-inundam-redes-sociais-com-denuncias-falsas-de-vacinacao-encenada.html","Antivacinas e bolsonaristas inundam redes sociais com denúncias falsas de vacinação encenada","1091"
"1034","https://www.boatos.org/opiniao/aos-leitores-do-boatos-org-obrigado-por-2021-e-se-preparem-para-2022.html","Aos leitores do Boatos.org: obrigado por 2021 e se preparem para 2022","490"
"1035","https://www.boatos.org/opiniao/apos-prisao-de-deputado-fake-news-sobre-alexandre-de-moraes-e-stf-voltam-a-viralizar-na-web.html","Após prisão de deputado, fake news sobre Alexandre de Moraes e STF voltam a viralizar na web","820"
"1036","https://www.boatos.org/opiniao/as-fake-news-que-sempre-circulam-apos-tragedias-como-a-de-marilia-mendonca.html","As fake news que sempre circulam após tragédias como a de Marília Mendonça","879"
"1037","https://www.boatos.org/opiniao/as-fake-news-sobre-7-de-setembro-estao-ai-cai-quem-quer.html","As fake news sobre 7 de setembro estão aí, cai quem quer","896"
"1038","https://www.boatos.org/opiniao/atencao-ate-o-momento-ninguem-morreu-por-causa-da-vacina-contra-covid-19-no-brasil.html","Atenção: até o momento, ninguém morreu por causa da vacina contra Covid-19 no Brasil","901"
"1039","https://www.boatos.org/opiniao/atencao-negacionistas-tentarao-a-ultima-cartada-contra-vacinas.html","Atenção: negacionistas tentarão a “última cartada” contra vacinas","886"
"1040","https://www.boatos.org/opiniao/atencao-nunca-envie-codigos-recebidos-sms-desconhecidos-whatsapp.html","Atenção! Nunca envie códigos recebidos por SMS para desconhecidos no WhatsApp","790"
"1041","https://www.boatos.org/opiniao/black-friday-chegou-mas-a-black-fraude-ja-esta-ai-faz-tempo.html","Black Friday chegou, mas a “Black Fraude” já está aí faz tempo","792"
"1042","https://www.boatos.org/opiniao/boatos-org-2018-obrigado-feliz-2019.html","A todos que acompanharam o Boatos.org em 2018, um muito obrigado e feliz 2019!","475"
"1043","https://www.boatos.org/opiniao/checadores-pede-autoridades-parem-de-distorcer-fatos-sobre-a-covid-19.html","Checadores pedem para que autoridades parem de distorcer fatos sobre a Covid-19","683"
"1044","https://www.boatos.org/opiniao/cinco-textos-mais-lidos-no-boatos-org-em-2022.html","Cinco textos mais lidos no Boatos.org em 2022","671"
"1045","https://www.boatos.org/opiniao/cinco-tipos-de-fake-news-que-mais-viralizaram-ate-o-momento-na-campanha-eleitoral.html","Cinco tipos de fake news que mais viralizaram até o momento na campanha eleitoral","879"
"1046","https://www.boatos.org/opiniao/cloroquina-de-aposta-errada-a-uma-das-maiores-fake-news-da-pandemia.html","Cloroquina: de aposta errada a uma das maiores fake news da pandemia","1000"
"1047","https://www.boatos.org/opiniao/como-previamos-antivacinas-estao-desesperados-com-aprovacao-de-imunizantes-para-criancas.html","Como prevíamos, antivacinas estão desesperados com aprovação de imunizantes para crianças","812"
"1048","https://www.boatos.org/opiniao/cronogramas-errados-golpes-alertas-falsos-confundem-vacinacao-brasil.html","Cronogramas errados, tentativas de golpes e alertas falsos confundem a (já confusa) vacinação no Brasil","1121"
"1049","https://www.boatos.org/opiniao/cura-da-covid-19-fake-news-sobre-formulas-milagrosas-voltam-circular.html","“Cura da Covid-19”: em meio ao colapso, fake news sobre fórmulas milagrosas voltam a circular na internet","736"
"1050","https://www.boatos.org/opiniao/de-bolsonaro-a-gauchos-arnaldo-jabor-ganhou-fama-por-textos-que-nunca-escreveu.html","De Bolsonaro a gaúchos: Arnaldo Jabor “ganhou fama” na internet por textos que nunca escreveu","506"
"1051","https://www.boatos.org/opiniao/de-peixe-com-verme-doenca-da-urina-preta-tsunami-na-bahia-semana-marcada-factoides.html","De “peixe com verme e doença da urina preta” a “tsunami na Bahia”, semana foi marcada por factoides","898"
"1052","https://www.boatos.org/opiniao/de-semana-a-semana-o-ano-de-2021-em-fakes.html","De semana a semana, o ano de 2021 em fakes","1159"
"1053","https://www.boatos.org/opiniao/estaremos-na-cpmi-das-fake-news-e-e-sobre-isso-que-iremos-ou-queremos-falar.html","Estaremos na CPMI das fake news e é sobre isso que iremos (ou queremos) falar","2345"
"1054","https://www.boatos.org/opiniao/fake-news-criancas-doentes-gente-sem-nocao.html","O sucesso das fake news que expõem crianças doentes é a prova de que há muita gente “sem noção” na web","702"
"1055","https://www.boatos.org/opiniao/fake-news-enlatadas-reforcam-municao-de-negacionistas-no-brasil.html","Fake news “enlatadas” reforçam munição de negacionistas no Brasil","836"
"1056","https://www.boatos.org/opiniao/fake-news-ignoram-prazo-para-imunizacao-fim-atacar-eficacia-vacinas.html","Fake news ignoram prazo para imunização a fim de atacar eficácia das vacinas","887"
"1057","https://www.boatos.org/opiniao/fake-news-petrobras-combustiveis-viralizam-alta-precos-troca-estatal.html","Fake news sobre Petrobras e combustíveis viralizam após alta de preços e troca na estatal","813"
"1058","https://www.boatos.org/opiniao/fake-news-promovem-manifestacoes-7-de-setembro-ameacas-democracia.html","Fake news promovem manifestações de 7 de setembro e ameaças à democracia","1589"
"1059","https://www.boatos.org/opiniao/fake-news-recentes-tentam-colocar-eficacia-da-vacina-coronavac-em-xeque.html","Fake news recentes tentam colocar eficácia da vacina Coronavac em xeque","741"
"1060","https://www.boatos.org/opiniao/fake-news-recorrentes-e-obvias-mostram-que-precisamos-fazer-mais-para-combater-a-desinformacao.html","Fake news recorrentes (e óbvias) mostram que precisamos fazer mais para combater à desinformação","809"
"1061","https://www.boatos.org/opiniao/fake-news-reforcam-homofobia-racismo-xenofobia-intolerancia-religiosa.html","Fake news reforçam homofobia, racismo, xenofobia e intolerância religiosa","989"
"1062","https://www.boatos.org/opiniao/fake-news-sobre-guerra-na-ucrania-nos-mostram-como-se-espalha-a-desinformacao-sem-apoio-de-grupos-politicos.html","Fake news sobre guerra na Ucrânia nos mostram como se espalha a desinformação sem apoio de grupos políticos","667"
"1063","https://www.boatos.org/opiniao/fake-news-sobre-lazaro-criam-panico-atrapalham-investigacoes-e-politizam-o-caso.html","Fake news sobre Lázaro criam pânico, atrapalham investigações e politizam o caso","882"
"1064","https://www.boatos.org/opiniao/fake-news-sobre-urnas-e-titulos-cancelados-mostram-como-boatos-anexos-reforcam-narrativas-falsas-de-maior-magnitude.html","Fake news sobre “urnas” e “títulos cancelados” mostram como “boatos anexos” reforçam narrativas falsas de maior magnitude","722"
"1065","https://www.boatos.org/opiniao/fake-news-sobre-vacinas-e-aids-revela-como-funciona-ciclo-da-desinformacao.html","Fake news sobre vacinas e aids revela como funciona ciclo da desinformação","1229"
"1066","https://www.boatos.org/opiniao/fake-news-sobre-variola-dos-macacos-se-assemelham-as-da-covid-19-no-periodo-pre-pandemia.html","Fake news sobre varíola dos macacos se assemelham as da Covid-19 no período pré-pandemia","491"
"1067","https://www.boatos.org/opiniao/fakes-apos-morte-de-lazaro-e-os-ataques-defensores-direitos-humanos.html","Fakes após a morte de Lázaro e os ataques a defensores de direitos humanos","780"
"1068","https://www.boatos.org/opiniao/fakes-da-semana-de-outras-dao-pequena-amostra-vira-2022.html","Fakes da semana (e de outras) dão (pequena) amostra do que virá em 2022","765"
"1069","https://www.boatos.org/opiniao/falacias-contra-isolamento-social-pandemia-prova-fake-news-podem-matar.html","Falácias contra o isolamento social na pandemia são mais uma prova de que as fake news podem matar","758"
"1070","https://www.boatos.org/opiniao/falsos-alertas-crimes-causam-panico-podem-ter-consequencias-piores-que-imaginamos.html","Falsos alertas de crimes causam pânico e podem ter consequências piores do que imaginamos","838"
"1071","https://www.boatos.org/opiniao/ford-manaus-congresso-videos-antigos-sao-retirados-de-contexto-para-fortalecer-teses-falsas-antidemocraticas-e-negacionistas.html","Ford, Manaus e Congresso: vídeos antigos são retirados de contexto para fortalecer teses falsas, antidemocráticas e negacionistas","888"
"1072","https://www.boatos.org/opiniao/fotos-preto-branco-facebook-cancer.html","Fotos em preto e branco no Facebook ajudam na luta contra o câncer?","676"
"1073","https://www.boatos.org/opiniao/golpes-brasil-afeganistao-dao-tom-noticias-falsas-semana.html","Golpes no Brasil e no Afeganistão dão o tom das notícias falsas da semana","787"
"1074","https://www.boatos.org/opiniao/informacoes-falsas-sobre-urnas-eletronicas-dominam-de-novo-pauta-fake-news-semana.html","Informações falsas sobre urnas eletrônicas dominam (de novo) pauta de fake news da semana","727"
"1075","https://www.boatos.org/opiniao/ivermectina-falsa-cura-milagrosa-patrocinada-desinformacao.html","Ivermectina: a (falsa) “cura milagrosa” patrocinada pela desinformação","1042"
"1076","https://www.boatos.org/opiniao/luc-montagnier-mike-yeadon-robert-f-kennedy-jr-ate-os-idolos-de-negacionistas-sao-vitimas-de-fake-news.html","Luc Montagnier, Mike Yeadon, Robert F. Kennedy Jr.: até os “ídolos” de negacionistas são vítimas de fake news","770"
"1077","https://www.boatos.org/opiniao/manifestacao-patriotica-tragedias-dao-tom-fake-news-semana.html","Manifestação “patriótica” e tragédias dão o tom das fake news da semana","661"
"1078","https://www.boatos.org/opiniao/melhor-2017-kyene-becker.html","O melhor do Boatos.org em 2017, por Kyene Becker","731"
"1079","https://www.boatos.org/opiniao/melhor-boatos-2019-carol-lira.html","O melhor do Boatos.org em 2019, por Carol Lira","587"
"1080","https://www.boatos.org/opiniao/melhor-boatos-2021-carol-lira.html","O melhor de 2021 no Boatos.org, por Carol Lira","887"
"1081","https://www.boatos.org/opiniao/melhor-boatos-raiane-gonoli-2.html","O melhor do Boatos.org em 2019, por Raiane Gonoli","1336"
"1082","https://www.boatos.org/opiniao/melhor-boatos-raiane-gonoli.html","O melhor do Boatos.org em 2020, por Raiane Gonoli","1638"
"1083","https://www.boatos.org/opiniao/milagres-tratamento-precoce-cidades-brasileiras-reforcam-teses-falsas-remedios-sem-eficacia-contra-covid-19.html","“Milagres do tratamento precoce” em cidades brasileiras reforçam teses falsas sobre remédios sem eficácia contra a Covid-19","907"
"1084","https://www.boatos.org/opiniao/mundo-dos-negacionistas-tem-revolucao-contra-vacinas-no-cazaquistao-seguro-nao-pago-na-franca-e-fim-da-pandemia-na-espanha.html","“Mundo dos negacionistas” tem “revolução contra vacinas no Cazaquistão”, “seguro não pago na França” e “fim da pandemia na Espanha”","438"
"1085","https://www.boatos.org/opiniao/nao-caminhoneiros-nao-vao-parar-o-brasil-pedindo-intervencao-militar.html","Não, caminhoneiros não vão “parar o Brasil” pedindo intervenção militar","877"
"1086","https://www.boatos.org/opiniao/negacionistas-expoem-historias-falsas-de-danos-de-vacinas-a-criancas-enquanto-se-esquecem-de-mortes-por-covid-19.html","Negacionistas expõem histórias (falsas) de danos de vacinas a crianças enquanto se “esquecem” de mortes por Covid-19","655"
"1087","https://www.boatos.org/opiniao/no-ano-do-fake-artificial-tentamos-fazer-checagem-com-inteligencia-quase-natural.html","No ano do fake artificial, tentamos fazer checagem com inteligência (quase) natural","771"
"1088","https://www.boatos.org/opiniao/nova-regra-whatsapp-gera-onda-desinformacao-sobre-aplicativo.html","Nova regra do WhatsApp gera onda de desinformação sobre o aplicativo","603"
"1089","https://www.boatos.org/opiniao/nunca-deixe-amem-em-posts-no-facebook.html","Nunca “deixe seu amém” em posts no Facebook, pelo amor de Deus!","382"
"1090","https://www.boatos.org/opiniao/o-boatos-org-adverte-acreditar-no-pronunciamento-de-bolsonaro-sobre-a-covid-19-pode-fazer-mal-a-saude.html","O Boatos.org adverte: acreditar no pronunciamento de Bolsonaro sobre a Covid-19 pode fazer mal à saúde","1115"
"1091","https://www.boatos.org/opiniao/o-melhor-de-2020-no-boatos-org-por-edgard-matsuki.html","O melhor de 2020 no Boatos.org, por Edgard Matsuki","1591"
"1092","https://www.boatos.org/opiniao/o-melhor-de-2021-no-boatos-org-por-edgard-matsuki.html","O melhor de 2021 no Boatos.org, por Edgard Matsuki","1384"
"1093","https://www.boatos.org/opiniao/o-melhor-de-2021-no-boatos-org-por-kyene-becker.html","O melhor de 2021 no Boatos.org, por Kyene Becker","1341"
"1094","https://www.boatos.org/opiniao/o-melhor-de-2022-no-boatos-org-por-carol-lira.html","O melhor de 2022 no Boatos.org, por Carol Lira","627"
"1095","https://www.boatos.org/opiniao/o-melhor-de-2022-no-boatos-org-por-edgard-matsuki.html","O melhor de 2022 no Boatos.org, por Edgard Matsuki","973"
"1096","https://www.boatos.org/opiniao/o-melhor-do-boatos-org-em-2015-por-hellen-bizerra.html","O melhor do Boatos.org em 2015, por Hellen Bizerra","612"
"1097","https://www.boatos.org/opiniao/o-melhor-do-boatos-org-em-2019-por-kyene-becker.html","O melhor do Boatos.org em 2019, por Kyene Becker","994"
"1098","https://www.boatos.org/opiniao/o-melhor-do-boatos-org-em-2020-por-carol-lira.html","O melhor do Boatos.org em 2020, por Carol Lira","824"
"1099","https://www.boatos.org/opiniao/o-melhor-do-boatos-org-em-2020-por-kyene-becker.html","O melhor do Boatos.org em 2020, por Kyene Becker","1197"
"1100","https://www.boatos.org/opiniao/o-melhor-do-boatos-org-em-2022-por-kyene-becker.html","O melhor do Boatos.org em 2022, por Kyene Becker","1319"
"1101","https://www.boatos.org/opiniao/o-que-aprendi-desmentindo-fake-news-por-carol-lira.html","O que aprendi desmentindo fake news, por Carol Lira","519"
"1102","https://www.boatos.org/opiniao/o-zelenko-nao-ganhou-o-nobel-e-a-cura-da-cloroquina-continua-sendo-uma-farsa.html","O Zelenko não ganhou o Nobel e a “cura da cloroquina” continua sendo uma farsa","808"
"1103","https://www.boatos.org/opiniao/ofertas-falsas-brindes-gratis-enganam-de-novo-milhoes-inocentes-whatsapp.html","Ofertas falsas de brindes grátis enganam (de novo) milhões de “inocentes” no WhatsApp","1038"
"1104","https://www.boatos.org/opiniao/onda-de-frio-aqueceu-fake-news-nos-ultimos-dias-relembre-algumas.html","Onda de frio “aqueceu” fake news nos últimos dias; relembre algumas","648"
"1105","https://www.boatos.org/opiniao/os-cinco-textos-mais-lidos-do-boatos-org-em-2020-e-outros-dados.html","Cinco textos mais lidos do Boatos.org em 2020","858"
"1106","https://www.boatos.org/opiniao/pfizer-ganha-de-lula-como-maior-alvo-de-fake-news-na-primeira-semana-de-2022.html","Pfizer “ganha” de Lula como maior alvo de fake news na primeira semana de 2022","434"
"1107","https://www.boatos.org/opiniao/policiais-entram-na-mira-das-fake-news-sobre-covid-19-e-politica.html","Policiais entram na mira das fake news sobre Covid-19 e política","855"
"1108","https://www.boatos.org/opiniao/por-que-bolsonaristas-quase-nao-ligam-para-as-fake-news-sobre-bolsonaro.html","Por que bolsonaristas (quase) não ligam para as fake news sobre Bolsonaro","502"
"1109","https://www.boatos.org/opiniao/por-um-2022-com-menos-fake-news-sobre-a-pandemia.html","Por um 2022 com menos fake news sobre a pandemia","546"
"1110","https://www.boatos.org/opiniao/pressao-por-voto-impresso-acusacoes-sem-provas-de-fraudes-suscitam-sao-suscitadas-por-fake-news.html","Pressão por voto impresso e acusações sem provas de fraudes suscitam e são suscitadas por fake news","1003"
"1111","https://www.boatos.org/opiniao/protestos-em-cuba-suscitam-fake-news-politizadas-no-brasil.html","Protestos em Cuba suscitam fake news “politizadas” no Brasil","650"
"1112","https://www.boatos.org/opiniao/retrospectiva-2021-das-fake-news-boatos-org.html","Retrospectiva 2021 das fake news – Boatos.org","314"
"1113","https://www.boatos.org/opiniao/sabatina-de-lula-e-bolsonaro-no-jornal-nacional-suscitam-fake-news-da-semana.html","Sabatinas de Lula e Bolsonaro no Jornal Nacional suscitam fake news da semana","362"
"1114","https://www.boatos.org/opiniao/saiba-quem-foram-os-maiores-alvos-das-fake-news-sobre-eleicoes-nos-primeiros-meses-de-2022.html","Saiba quem foram os maiores alvos das fake news sobre eleições nos primeiros meses de 2022","648"
"1115","https://www.boatos.org/opiniao/um-reflexao-de-convidado-sobre-boatos-e-noticias-falsas-nas-redes.html","Um reflexão de convidado sobre boatos e notícias falsas nas redes","584"
"1116","https://www.boatos.org/opiniao/uma-semana-de-fake-news-regadas-a-leite-condensado.html","Uma semana de fake news “regadas” a leite condensado","853"
"1117","https://www.boatos.org/opiniao/vacinas-vencidas-alarmes-falsos-bagunca-nos-dados-e-panico-desnecessario.html","Vacinas vencidas, alarmes falsos, bagunça nos dados e pânico desnecessário","1404"
"1118","https://www.boatos.org/opiniao/variante-omicron-vira-principal-pauta-de-fake-news-nos-ultimos-dias.html","Variante Ômicron vira principal pauta de fake news nos últimos dias","737"
"1119","https://www.boatos.org/opiniao/variantes-fake-news-sobre-covid-19-tambem-ameacam-combate-pandemia.html","“Variantes” de fake news sobre a Covid-19 também ameaçam combate à pandemia","816"
"1120","https://www.boatos.org/opiniao/vidente-jucelino-da-luz-pede-direito-de-resposta-ao-boatos-org.html","Vidente Jucelino da Luz pede direito de resposta ao Boatos.org","1421"
"1121","https://www.boatos.org/politica/20-fake-news-sobre-eleicoes-2020.html","20 fake news sobre as eleições de 2020 que viralizaram na web","779"
"1122","https://www.boatos.org/politica/41-fake-news-desmentidas-balanco-desinformacao-eleicoes-2020.html","41 fake news desmentidas e um balanço da desinformação nas eleições 2020","1152"
"1123","https://www.boatos.org/politica/50-fake-news-eleicoes-2018.html","Lista: 50 fake news sobre as eleições 2018 que você deveria ler antes de votar","878"
"1124","https://www.boatos.org/politica/7-boatos-eleicoes-voce-acreditou.html","7 boatos sobre as eleições municipais que você não deveria acreditar","1270"
"1125","https://www.boatos.org/politica/7-boatos-que-circulam-sobre-lula-na-internet.html","7 boatos que circulam sobre Lula na internet","567"
"1126","https://www.boatos.org/politica/7-de-setembro-tera-paralisacao-todos-caminhoneiros-brasil-falta-mantimentos-todas-redes-sociais-bloqueadas.html","7 de setembro terá paralisação de todos caminhoneiros do Brasil, falta de mantimentos e todas redes sociais bloqueadas #boato","1378"
"1127","https://www.boatos.org/politica/acm-neto-anuncia-lockdown-salvador-apos-eleicoes.html","ACM Neto anuncia lockdown em Salvador após as eleições municipais #boato","611"
"1128","https://www.boatos.org/politica/adelio-bispo-sera-solto-logo-justica-federal.html","Adélio Bispo será solto logo, aponta Justiça Federal #boato","378"
"1129","https://www.boatos.org/politica/advogado-torceu-marisa-avc.html","Advogado que torceu pela morte de dona Marisa sofre AVC #boato","571"
"1130","https://www.boatos.org/politica/aeronaves-estao-sendo-impedidas-de-abastecer-pelo-governo-no-rio-grande-do-sul.html","Não há provas de que aeronaves estejam sendo impedidas de abastecer pelo governo no Rio Grande do Sul","486"
"1131","https://www.boatos.org/politica/albert-einstein-morte-jair-bolsonaro.html","Hospital Albert Einstein acaba de confirmar a morte de Jair Bolsonaro #boato","588"
"1132","https://www.boatos.org/politica/alberto-youssef-e-achado-morto-em-curitiba-diz-informacao-falsa.html","Alberto Youssef é achado morto em Curitiba, diz informação falsa","599"
"1133","https://www.boatos.org/politica/alexandre-de-moraes-gravou-audio-proibindo-socorro-medico-a-bolsonaro.html","É falso que Alexandre de Moraes gravou áudio dizendo que só vai analisar pedidos de Bolsonaro após 24 horas","938"
"1134","https://www.boatos.org/politica/alexandre-de-moraes-proibiu-pequi-em-lontra-japonvar-e-januaria-mg.html","Publicação que afirma que o ministro de Alexandre de Moraes teria proibido o pequi em Lontra, Japonvar e Januária (MG) é falsa","620"
"1135","https://www.boatos.org/politica/alexandre-de-moraes-tem-sindrome-de-borderline-e-glenn-revelou-isso.html","É falso que Glenn Greenwald tenha revelado que Alexandre de Moraes tem síndrome de borderline","421"
"1136","https://www.boatos.org/politica/alexandre-de-moraes-vai-renunciar-nos-proximos-dias-nao-sera-o-unico-do-stf.html","Alexandre de Moraes vai renunciar nos próximos dias e não será o único do STF #boato","999"
"1137","https://www.boatos.org/politica/alexandre-garcia-diz-que-a-pandemia-descobriu-dois-patetas-doria-e-witzel-boato.html","Alexandre Garcia diz que a pandemia descobriu dois patetas: Doria e Witzel #boato","856"
"1138","https://www.boatos.org/politica/alexandre-garcia-escreve-texto-caia-logo-bolsonaro-de-apoio-ao-presidente.html","Alexandre Garcia escreve texto “Caia logo Bolsonaro”, de apoio ao presidente #boato","1090"
"1139","https://www.boatos.org/politica/alexandre-garcia-escreve-texto-criticando-luiz-henrique-mandetta.html","Alexandre Garcia escreve texto criticando Luiz Henrique Mandetta, ex-ministro da Saúde #boato","726"
"1140","https://www.boatos.org/politica/alexandre-garcia-escreve-texto-demissao-moro-psdb.html","Alexandre Garcia escreve texto sobre demissão de Moro e diz que ele é do PSDB #boato","514"
"1141","https://www.boatos.org/politica/alexandre-garcia-revelou-que-alexandre-de-moraes-esta-sob-tratamento-desde-os-10-anos-e-que-mae-e-esquizofrenica.html","É falso que Alexandre Garcia revelou que Alexandre de Moraes está sob tratamento desde os 10 anos e que mãe é esquizofrênica","652"
"1142","https://www.boatos.org/politica/alexandre-kalil-acaba-anunciar-fechamento-comercio-belo-horizonte.html","Alexandre Kalil acaba de anunciar fechamento do comércio de Belo Horizonte #boato","594"
"1143","https://www.boatos.org/politica/alexandre-ramagem-chama-moro-banana-twitter.html","Alexandre Ramagem chama Moro de banana em publicação do Twitter #boato","744"
"1144","https://www.boatos.org/politica/amazon-pagou-1-bilhao-doria-decretar-lockdown-sao-paulo-prejudicar-comercio.html","Amazon pagou R$ 1 bilhão para Doria decretar lockdown em São Paulo e prejudicar comércio #boato","1102"
"1145","https://www.boatos.org/politica/ambulancias-compradas-por-bolsonaro-estao-paradas-em-sete-lagoas-mg-por-negligencia.html","Ambulâncias não foram abandonadas em Sete Lagoas (MG) e pátio pertence à empresa de customização de veículos especiais","1024"
"1146","https://www.boatos.org/politica/anderson-do-molejo-morreu-hoje-por-conta-do-cancer.html","É falso que o cantor Anderson, do Molejo, morreu hoje","345"
"1147","https://www.boatos.org/politica/andre-fernandes-disse-que-vai-colocar-professores-adaptados-em-series-iniciais-e-contratar-terceirizados.html","André Fernandes não deu declaração sobre professores readaptados, terceirizados e substitutos","528"
"1148","https://www.boatos.org/politica/andre-mendonca-determina-que-bolsonaro-va-para-prisao-domiciliar.html","É falso que André Mendonça determinou que Bolsonaro vá para prisão domiciliar","784"
"1149","https://www.boatos.org/politica/aprovacao-bolsonaro-bate-recorde-datafolha.html","Aprovação de Bolsonaro bate recorde, diz pesquisa Datafolha #boato","942"
"1150","https://www.boatos.org/politica/arnaldo-jabor-diz-bolsonaro-cara-sem-etiqueta-que-voce-passa-a-gostar.html","Arnaldo Jabor diz que Bolsonaro é o “cara sem etiqueta que você passa a gostar” #boato","775"
"1151","https://www.boatos.org/politica/arnaldo-jabor-escreveu-texto-elogios-bolsonaro-criticas-opositores.html","Arnaldo Jabor escreveu texto com elogios a Bolsonaro e críticas a opositores #boato","766"
"1152","https://www.boatos.org/politica/arthur-mamae-falei-mbl-assassinado.html","Arthur do Val “Mamãe Falei”, do MBL, foi morto por militantes de Lula no ABC #boato","609"
"1153","https://www.boatos.org/politica/atentado-bolsonaro-forjado-sangue.html","Atentado contra Bolsonaro foi forjado porque não há manchas de sangue #boato","911"
"1154","https://www.boatos.org/politica/audio-bolsonaro-enfermeira-teatro.html","Vaza áudio de Bolsonaro no hospital xingando enfermeira, Ibope e “teatro” #boato","988"
"1155","https://www.boatos.org/politica/audio-doria-prova-vacina-coronavac-apenas-plano-derrubar-bolsonaro.html","Áudio de Doria prova que vacina Coronavac é apenas um plano para derrubar Bolsonaro #boato","1330"
"1156","https://www.boatos.org/politica/auxilio-emergencial-atrasado-170-milhoes-brasileiros-inscrever-app.html","Auxílio Emergencial está atrasado porque 170 milhões de brasileiros tentaram se inscrever no APP #boato","1183"
"1157","https://www.boatos.org/politica/auxilio-reclusao-teve-aumento-de-11-e-foi-para-r-1-157-diz-hoax.html","Auxílio reclusão teve aumento de 11% e foi para R$ 1.157, diz hoax","733"
"1158","https://www.boatos.org/politica/aviao-caiu-com-filho-lula-ele-morreu.html","Mensagem que sugere que avião caiu com o filho de Lula e ele morreu é falsa","479"
"1159","https://www.boatos.org/politica/aviao-de-lula-demorou-para-pousar-no-mexico-porque-presidente-estava-bebado.html","Mensagem que aponta que Lula estava bêbado em avião no México não passa de boato e não tem qualquer evidência","784"
"1160","https://www.boatos.org/politica/barroso-ligou-para-marco-rubio-soube-que-casa-vai-a-leilao-e-passou-mal.html","É falso que Barroso passou mal após ligação de Marco Rubio e leilão de apartamento nos EUA","861"
"1161","https://www.boatos.org/politica/barroso-mandou-adelio-bispo-dar-a-facada-em-jair-bolsonaro.html","É falso que Barroso mandou Adélio dar a facada em Bolsonaro em 2018","1120"
"1162","https://www.boatos.org/politica/batalhao-exercito-ponta-grossa-pintado-vermelho-governo-lula.html","Batalhão do Exército em Ponta Grossa foi pintado de vermelho pelo governo Lula #boato","761"
"1163","https://www.boatos.org/politica/biometria-sera-exigida-nas-eleicoes-de-2022-em-todo-o-brasil.html","Biometria será exigida nas eleições de 2022 em todo o Brasil #boato","847"
"1164","https://www.boatos.org/politica/boato-diz-que-lula-faz-tratamento-sigiloso-contra-um-novo-cancer.html","Boato diz que Lula faz tratamento sigiloso contra um novo câncer","578"
"1165","https://www.boatos.org/politica/boatos-dona-marisa-leticia.html","7 boatos relacionados à morte de dona Marisa Letícia que circularam na internet","836"
"1166","https://www.boatos.org/politica/bolsonarista-retirou-o-testiculo-esquerdo-para-nao-ter-filhos-de-esquerda.html","É falso que bolsonarista tenha feito cirurgia para retirar testículo esquerdo após episódio das Havaianas","648"
"1167","https://www.boatos.org/politica/bolsonaro-acaba-anunciar-sua-renuncia-crise-coronavirus.html","Bolsonaro acaba anunciar sua renúncia por não aguentar crise do coronavírus #boato","427"
"1168","https://www.boatos.org/politica/bolsonaro-acaba-de-renunciar-em-meio-a-crise.html","Bolsonaro acaba de renunciar em meio à crise #boato","474"
"1169","https://www.boatos.org/politica/bolsonaro-apagou-todas-fotos-promovia-cloroquina.html","Bolsonaro apagou todas as fotos em que promovia cloroquina #boato","473"
"1170","https://www.boatos.org/politica/bolsonaro-apanhou-na-prisao-e-michelle-esta-desesperada.html","É falso que Bolsonaro tenha apanhado na prisão","624"
"1171","https://www.boatos.org/politica/bolsonaro-assina-decreto-presidencial-fim-isolamento.html","Bolsonaro assina decreto presidencial determinando o fim do isolamento #boato","410"
"1172","https://www.boatos.org/politica/bolsonaro-cancer-terminal.html","Bolsonaro está com câncer terminal e quem vai assumir é o Mourão #boato","1539"
"1173","https://www.boatos.org/politica/bolsonaro-comprou-r5-bilhoes-em-tanques-de-guerra-da-russia.html","Bolsonaro comprou R$ 5 bilhões em tanques de guerra da Rússia #boato","960"
"1174","https://www.boatos.org/politica/bolsonaro-confirma-possivel-cancer-pele-desabafo.html","Bolsonaro confirma possível câncer de pele e faz desabafo #boato","502"
"1175","https://www.boatos.org/politica/bolsonaro-construiu-fabrica-5g-secretamente-frustra-planos-china.html","Bolsonaro construiu fábrica de 5G secretamente e frustou planos da China #boato","648"
"1176","https://www.boatos.org/politica/bolsonaro-copo-de-leite-brindar-supremacistas-brancos-nazismo.html","Bolsonaro bebeu copo de leite porque quis brindar supremacistas brancos (nazismo) em live #boato","833"
"1177","https://www.boatos.org/politica/bolsonaro-cria-projeto-para-separar-sangue-doado-por-gays-afirma-hoax.html","Bolsonaro cria projeto para separar sangue doado por gays, afirma hoax","536"
"1178","https://www.boatos.org/politica/bolsonaro-descobre-plano-bilionario-joao-doria-china-brasil-fica-chocado.html","Bolsonaro descobre plano bilionário de João Doria e China e Brasil fica chocado #boato","499"
"1179","https://www.boatos.org/politica/bolsonaro-desmaiou-na-cadeia-e-foi-levado-para-oracao-em-hospital.html","É falso que Bolsonaro desmaiou na cadeia em dezembro de 2025 e foi levado para oração em hospital","663"
"1180","https://www.boatos.org/politica/bolsonaro-diz-e-dai-nao-sou-cozinheiro-sobre-volta-da-fome-no-brasil.html","Bolsonaro diz “e daí, não sou cozinheiro” sobre volta da fome no Brasil #boato","548"
"1181","https://www.boatos.org/politica/bolsonaro-doou-os-r-17-milhoes-recebidos-em-pix-para-o-rio-grande-do-sul.html","É falso que Bolsonaro tenha doado R$ 17 milhões em Pix para vítimas das enchentes no RS","868"
"1182","https://www.boatos.org/politica/bolsonaro-entrou-andando-pe-hospital.html","Bolsonaro entrou andando a pé no hospital após ser esfaqueado #boato","537"
"1183","https://www.boatos.org/politica/bolsonaro-esta-internado-hospital-das-forcas-armadas-em-brasilia.html","Bolsonaro está internado no Hospital das Forças Armadas, em Brasília #boato","438"
"1184","https://www.boatos.org/politica/bolsonaro-fazer-corte-25-salarios-pensoes-aposentadorias-sabatina-sbt.html","Bolsonaro diz que vai fazer um corte de 25% nos salários, pensões e aposentadorias durante sabatina no SBT #boato","941"
"1185","https://www.boatos.org/politica/bolsonaro-fez-pronunciamento-enigmatico-sobre-dias-dificeis-hoje.html","Bolsonaro fez pronunciamento enigmático sobre dias difíceis hoje #boato","1561"
"1186","https://www.boatos.org/politica/bolsonaro-foi-envenenado-chumbo-mostram-exames-sangue.html","Bolsonaro foi envenenado com chumbo, mostram exames de sangue #boato","568"
"1187","https://www.boatos.org/politica/bolsonaro-gastou-r-15-milhoes-com-leite-condensado-e-r-2-milhoes-com-chicletes-no-cartao-corporativo.html","Bolsonaro gastou R$ 15 milhões com leite condensado e R$ 2 milhões com chicletes no Cartão Corporativo #boato","580"
"1188","https://www.boatos.org/politica/bolsonaro-ignorem-partidos-vermelhos.html","Bolsonaro pede que eleitores ignorem os partidos vermelhos anti-brasileiros #boato","631"
"1189","https://www.boatos.org/politica/bolsonaro-internado-hospital-forcas-armadas-magno-malta-pediu-oracoes-2023.html","Bolsonaro foi internado no Hospital das Forças Armadas e Magno Malta pediu orações em 2023 #boato","569"
"1190","https://www.boatos.org/politica/bolsonaro-medico-urologista-dedo-esquerdista.html","Bolsonaro se veste de médico e diz “sou urologista, vou meter o dedo em esquerdista” #boato","498"
"1191","https://www.boatos.org/politica/bolsonaro-morreu-em-dezembro-de-2025.html","Mais uma vez (em dezembro de 2025), fake news sobre morte de Bolsonaro se espalha na internet","555"
"1192","https://www.boatos.org/politica/bolsonaro-nomeou-100-marechais-durante-seu-governo.html","Bolsonaro nomeou 100 marechais durante o seu governo #boato","603"
"1193","https://www.boatos.org/politica/bolsonaro-paciente-cancer-custa-caro-folha.html","Bolsonaro diz que paciente com câncer custa caro em entrevista à Folha #boato","562"
"1194","https://www.boatos.org/politica/bolsonaro-pediu-doacoes-em-vaquinha-para-pagar-multas-e-hospital.html","É falso que Bolsonaro tenha pedido doações em vaquinha para pagar dívidas","712"
"1195","https://www.boatos.org/politica/bolsonaro-pode-cancelar-carnaval-brasil-coronavirus.html","Bolsonaro pode cancelar o carnaval no Brasil por causa do coronavírus #boato","707"
"1196","https://www.boatos.org/politica/bolsonaro-prender-doria-trazer-800-empresarios-china-brasil.html","Bolsonaro deve mandar prender Doria por trazer 800 empresários da China para o Brasil #boato","914"
"1197","https://www.boatos.org/politica/bolsonaro-recebe-alta-do-hospital-e-vai-para-casa-em-janeiro-de-2026.html","É falso que Bolsonaro tenha recebido alta do hospital e vai para casa em janeiro de 2026","655"
"1198","https://www.boatos.org/politica/bolsonaro-sera-entrevistado-ratinho-sbt-quinta-feira-20h30-mesmo-horario-lula-jornal-nacional-globo.html","Bolsonaro será entrevistado no Programa do Ratinho (SBT) nesta quinta-feira às 20h30, mesmo horário da entrevista de Lula no Jornal Nacional (Globo) #boato","773"
"1199","https://www.boatos.org/politica/bolsonaro-sera-entrevistado-record-hoje-as-22h.html","Bolsonaro será entrevistado na Record hoje às 22h #boato","504"
"1200","https://www.boatos.org/politica/bolsonaro-sobras-campanha-santa-casa.html","Bolsonaro vai doar sobras de campanha para Santa Casa de Juiz de Fora #boato","1041"
"1201","https://www.boatos.org/politica/bolsonaro-teve-que-ser-internado-porque-passou-a-mao-no-anus-e-cheirou.html","Vídeo de médica falando sobre internação de homem que colocou a mão no ânus e cheirou não tem relação com Bolsonaro","716"
"1202","https://www.boatos.org/politica/bolsonaro-unir-bolsa-familia-criar-beneficio-permanente-r-1200.html","Bolsonaro vai unir Bolsa Família e criar benefício permanente de R$ 1200 #boato","967"
"1203","https://www.boatos.org/politica/bolsonaro-usou-cartao-corporativo-comprar-vibrador-assinatura-canal-adulto.html","Bolsonaro usou cartão corporativo para comprar vibrador e assinatura de canal adulto #boato","427"
"1204","https://www.boatos.org/politica/bolsonaro-usou-sonda-falsa-por-fora-do-nariz-durante-internacao-em-2025.html","É falso que Bolsonaro simulou uso de sonda para enganar o público durante internação em 2025","643"
"1205","https://www.boatos.org/politica/bolsonaro-vai-acabar-com-ferias-remuneradas-com-mp-1045-2022.html","Bolsonaro vai acabar com férias remuneradas com a MP 1045/2022 #boato","818"
"1206","https://www.boatos.org/politica/bolsonaro-vai-levar-criancas-da-escola-para-maconaria-em-troca-de-financiamento.html","Bolsonaro vai levar crianças da escola para a maçonaria em troca de financiamento #boato","1345"
"1207","https://www.boatos.org/politica/bolsonaro-vai-orfanato-pergunta-como-foi-dia-dos-pais.html","Bolsonaro vai a orfanato e pergunta como foi o Dia dos Pais #boato","682"
"1208","https://www.boatos.org/politica/bolsonaro-vai-suspender-concessao-da-tv-globo.html","Bolsonaro vai suspender a concessão da TV Globo em 21 de abril de 2020 #boato","821"
"1209","https://www.boatos.org/politica/bolsonaro-vai-ter-que-amputar-perna-por-causa-de-erisipela.html","É falso que Bolsonaro vá amputar perna por causa de erisipela","345"
"1210","https://www.boatos.org/politica/boris-casoy-bolsonaro-globo-inferno.html","Boris Casoy diz que Bolsonaro deve mandar a Globo para o inferno #boato","473"
"1211","https://www.boatos.org/politica/boulos-criou-laranjal-empresas-fantasmas-eleicoes-2020.html","Boulos criou um “laranjal” com empresas fantasmas nas eleições 2020 #boato","1211"
"1212","https://www.boatos.org/politica/boulos-esta-internado-albert-einstein-covid-19.html","Boulos está internado no hospital Albert Einstein por causa da Covid-19 #boato","423"
"1213","https://www.boatos.org/politica/boulos-sofreu-um-atentado-em-sao-paulo-em-2024.html","É falso que Guilherme Boulos tenha sofrido atentado em São Paulo","312"
"1214","https://www.boatos.org/politica/braga-netto-convida-sergio-reis-ze-trovao-desfile-7-de-setembro-brasilia.html","Braga Netto convida Sérgio Reis e Zé Trovão para desfile de 7 de setembro em Brasília #boato","572"
"1215","https://www.boatos.org/politica/brigadistas-icmbio-colocam-fogo-mata-pantanal-prejudicar-bolsonaro.html","Brigadistas do ICMBio colocam fogo em mata no Pantanal para prejudicar Bolsonaro #boato","838"
"1216","https://www.boatos.org/politica/bruno-covas-comprou-38-mil-caixoes-por-causa-da-covid-19-e-tem-20-mil-empilhados.html","Bruno Covas comprou 38 mil caixões por causa da Covid-19 e tem 20 mil empilhados #boato","503"
"1217","https://www.boatos.org/politica/bruno-covas-esta-usando-cloroquina-contra-covid-19.html","Bruno Covas está usando cloroquina contra a Covid-19 e só agora liberou o remédio em São Paulo #boato","967"
"1218","https://www.boatos.org/politica/bruno-covas-ja-morreu-anuncio-sera-feito-1o-de-maio.html","Bruno Covas já morreu e anúncio só será feito no dia 1º de maio #boato","779"
"1219","https://www.boatos.org/politica/bruno-covas-libera-cloroquina-em-2021.html","Bruno Covas acaba (em 2021) de liberar cloroquina para tratamento da Covid-19 #boato","828"
"1220","https://www.boatos.org/politica/cacique-serere-morreu-apos-ter-parada-cardiaca-na-prisao.html","Cacique Serere morreu após ter parada cardíaca na prisão #boato","740"
"1221","https://www.boatos.org/politica/caio-coppolla-afastado-cnn-brasil-criticar-stf-decisao-moraes.html","Caio Coppolla foi afastado da CNN Brasil por criticar STF e decisão de Moraes #boato","477"
"1222","https://www.boatos.org/politica/caio-coppolla-e-demitido-cnn-escreve-texto-momento-vivemos.html","Caio Coppolla é demitido da CNN e escreve texto sobre “momento que vivemos” #boato","1016"
"1223","https://www.boatos.org/politica/camara-aprovar-legalizacao-aborto-22-semanas-pandemia.html","Câmara acaba de aprovar legalização do aborto até 22 semanas durante pandemia #boato","1069"
"1224","https://www.boatos.org/politica/camilo-santana-governador-ceara-aniversario-quarentena-coronavirus.html","Camilo Santana, governador do Ceará, participa de festa durante quarentena do coronavírus #boato","768"
"1225","https://www.boatos.org/politica/camilo-santana-governador-ceara-teatro-covid-19.html","Camilo Santana, governador do Ceará, cria teatro da Covid-19 para assustar população #boato","771"
"1226","https://www.boatos.org/politica/caminhoneiros-vao-fazer-greve-parar-brasil-se-lula-ganhar-eleicoes.html","Caminhoneiros vão fazer greve e parar o Brasil se Lula ganhar as eleições #boato","977"
"1227","https://www.boatos.org/politica/caminhoneiros-vao-fazer-greve-por-voto-impresso-7-de-setembro-parar-brasil.html","Caminhoneiros vão fazer greve por voto impresso em 7 de setembro e parar o Brasil #boato","858"
"1228","https://www.boatos.org/politica/cancer-lula-voltou-ele-esta-internado-hospital-sirio-libanes.html","Câncer de Lula voltou e ele está internado no hospital Sírio-Libanês #boato","560"
"1229","https://www.boatos.org/politica/candidata-a-vereadora-presa-apos-se-oferecer-troca-votos.html","Candidata a vereadora no Maranhão é presa após se oferecer em troca de votos #boato","548"
"1230","https://www.boatos.org/politica/carlos-ayres-britto-diz-carta-moro-enviado-esquerda-derrubar-bolsonaro.html","Carlos Ayres Britto diz, em carta, que Moro foi enviado pela esquerda para derrubar Bolsonaro #boato","1162"
"1231","https://www.boatos.org/politica/carlos-bolsonaro-foi-internado-por-causa-uma-overdose-cocaina.html","Carlos Bolsonaro foi internado por causa de uma overdose de cocaína #boato","558"
"1232","https://www.boatos.org/politica/carlos-bolsonaro-furou-fila-tomou-vacina-contra-covid-19.html","Carlos Bolsonaro furou fila e tomou a vacina contra Covid-19 #boato","639"
"1233","https://www.boatos.org/politica/cartaz-quem-apoia-pisca-c-utilizado-manifestacao-contra-bolsonaro.html","Cartaz “quem apoia pisca o c…” foi utilizado em manifestação contra Bolsonaro #boato","569"
"1234","https://www.boatos.org/politica/casal-que-levou-cusparada-de-amantes.html","Casal que levou cuspida de José de Abreu é de amantes #boato","839"
"1235","https://www.boatos.org/politica/casamento-jair-bolsonaro-michelle-chegou-ao-fim.html","Casamento entre Jair Bolsonaro e Michelle chegou ao fim #boato","450"
"1236","https://www.boatos.org/politica/ceasa-belo-horizonte-desabastecido-quarentena-coronavirus.html","Ceasa de Belo Horizonte está desabastecido por causa de quarentena do coronavírus #boato","822"
"1237","https://www.boatos.org/politica/centro-pesquisa-sirius-foicriado-implantado-por-bolsonaro.html","Centro de pesquisa Sirius foi criado e implantado por Bolsonaro #boato","738"
"1238","https://www.boatos.org/politica/checadores-15-fake-news-eleicoes-2018.html","Checadores escolhem as 15 fake news mais impactantes das eleições 2018","1074"
"1239","https://www.boatos.org/politica/chefe-do-trafico-envia-audio-de-agradecimento-a-edson-fachin-ministro-do-stf-boato.html","Chefe do tráfico envia áudio de agradecimento a Edson Fachin, ministro do STF #boato","715"
"1240","https://www.boatos.org/politica/china-comprou-todo-estoque-soja-brasil-prejudicar-bolsonaro.html","China comprou todo estoque de soja do Brasil para prejudicar Bolsonaro #boato","1023"
"1241","https://www.boatos.org/politica/china-invadir-brasil-bolsonaro-tenta-agir.html","China vai invadir o Brasil e Bolsonaro tenta agir rápido #boato","1337"
"1242","https://www.boatos.org/politica/chineses-compraram-10-da-area-da-bahia-para-construir-china-tow-bahia.html","Chineses compraram 10% da área da Bahia para construir “China Tow Bahia” #boato","851"
"1243","https://www.boatos.org/politica/cid-gomes-atingido-balas-borracha-armou-farsa.html","Cid Gomes foi atingido por balas de borracha e armou farsa sobre ferimentos #boato","937"
"1244","https://www.boatos.org/politica/ciro-nogueira-firmino-filho-quebrar-bolsonaro-covid-19-piaui.html","Ciro Nogueira e Firmino Filho falam em “quebrar Bolsonaro” com Covid-19 no Piauí #boato","944"
"1245","https://www.boatos.org/politica/cnn-brasil-principal-objetivo-derrubar-bolsonaro-eleger-doria.html","CNN Brasil tem como principal objetivo derrubar Bolsonaro e eleger Dória #boato","1678"
"1246","https://www.boatos.org/politica/cnn-desmentiu-e-desmascarou-lula-sobre-o-desemprego-em-2025.html","Não é verdade que a CNN “desmentiu e desmascarou” Lula em relação a dados sobre desemprego","742"
"1247","https://www.boatos.org/politica/comecou-votacao-impeachment-bolsonaro-estao-divulgando-esquerda.html","Começou votação do impeachment de Bolsonaro e estão divulgando só em grupos de esquerda #boato","681"
"1248","https://www.boatos.org/politica/correios-compram-aviao-gracas-fim-corrupcao-governo-bolsonaro.html","Correios compram avião graças “ao fim da corrupção” e ao governo Bolsonaro #boato","558"
"1249","https://www.boatos.org/politica/cotrim-bolsonaro-entrega-pec-de-reforma-do-congresso-com-25-milhoes-de-assinaturas.html","Cotrim Bolsonaro entrega PEC de Reforma do Congresso com 2,5 milhões de assinaturas #boato","1255"
"1250","https://www.boatos.org/politica/cuba-envia-medicos-siria-2018.html","Cuba envia médicos, enfermeiros e medicamentos para Síria em 2018 #boato","572"
"1251","https://www.boatos.org/politica/damares-grava-audio-pedindo-povo-portas-dos-quarteis.html","Damares grava áudio pedindo que o povo vá às portas dos quartéis cobrar intervenção militar #boato","760"
"1252","https://www.boatos.org/politica/daniel-silveira-fotos-com-luciano-huck-cristiano-ronaldo.html","Daniel Silveira aparece com Luciano Huck e Cristiano Ronaldo em fotos #boato","408"
"1253","https://www.boatos.org/politica/daniela-lima-foi-demitida-do-uol-e-pode-ser-presa-por-ter-atacado-bolsonaro.html","É falso que Daniela Lima tenha sido demitida do UOL e corrido risco de prisão após críticas a Bolsonaro","1058"
"1254","https://www.boatos.org/politica/decreto-permite-o-confisco-de-doacoes-para-vitimas-das-enchentes-em-canoas-rio-grande-do-sul.html","É falso que o prefeito de Canoas editou decreto que permite o confisco de doações para vítimas das enchentes no Rio Grande do Sul","1603"
"1255","https://www.boatos.org/politica/delacao-palocci-vaza-lula-dilma.html","Delação de Palocci vaza e aponta que Lula e Dilma têm bilhões no exterior #boato","919"
"1256","https://www.boatos.org/politica/deputada-cria-projeto-a-favor-de-casamento-entre-pessoas-e-animais-diz-hoax.html","Deputada cria projeto a favor de casamento entre pessoas e animais, diz hoax","466"
"1257","https://www.boatos.org/politica/dilma-escolas-podem-voltar-aulas-rodizio-alunos-professores.html","Dilma diz que escolas já podem voltar às aulas e defende rodízio entre alunos e professores #boato","407"
"1258","https://www.boatos.org/politica/dilma-manda-por-luz-vermelha-no-planalto-para-provocar-os-brasileiros-diz-balela.html","Dilma provoca brasileiros com luz vermelha no Planalto, diz balela","390"
"1259","https://www.boatos.org/politica/dilma-rousseff-comentario-segunda-dose-vacina-comete-gafe.html","Dilma Rousseff faz comentário sobre segunda dose da vacina e comete gafe #boato","411"
"1260","https://www.boatos.org/politica/dilmecio-casal-da-nome-de-candidatos-para-bebe-diz-noticia-falsa.html","Dilmécio: casal dá nome de candidatos para bebê, diz notícia falsa","424"
"1261","https://www.boatos.org/politica/diretor-do-hospital-revelou-condicoes-de-bolsonaro-na-internacao-e-disse-que-orou-com-ele.html","É falso que diretor de hospital tenha revelado condições de Bolsonaro e falado que orou com ele","597"
"1262","https://www.boatos.org/politica/diretor-itau-grava-audio-sobre-eleicoes-20221-china-bolsonaro-simposio-eua.html","Diretor do Itaú grava áudio sobre eleições de 2022, China, Bolsonaro e simpósio nos EUA #boato","1120"
"1263","https://www.boatos.org/politica/donald-trump-enviou-uma-nova-carta-para-bolsonaro-e-ameacou-invadir-o-brasil-em-janeiro-de-2026.html","Vídeo que fala de “nova carta” de Trump para Bolsonaro não é de janeiro de 2026","1008"
"1264","https://www.boatos.org/politica/donald-trump-visitou-bolsonaro-no-hospital-e-propos-operacao-internacional.html","É falso que Trump tenha visitado Bolsonaro no hospital e proposto operação internacional","619"
"1265","https://www.boatos.org/politica/doria-admitiu-ha-duplicidade-numero-mortos-coronavirus.html","Doria admitiu que há duplicidade no número de mortos por coronavírus #boato","389"
"1266","https://www.boatos.org/politica/doria-antecipa-natal-reveillon-semana-que-vem-coronavirus.html","Doria antecipa o Natal e réveillon para semana que vem por causa do coronavírus #boato","599"
"1267","https://www.boatos.org/politica/doria-assinou-acordo-vacina-contra-covid-19-agosto-2019.html","Doria assinou acordo para produção de vacina contra Covid-19 em agosto de 2019 #boato","833"
"1268","https://www.boatos.org/politica/doria-cogita-cortar-fornecimento-de-luz-entre-0h-6h-em-sao-paulo-veja.html","Doria cogita cortar fornecimento de luz entre 0h e 6h em São Paulo, aponta Veja #boato","547"
"1269","https://www.boatos.org/politica/doria-esta-tomando-cloroquina-tratar-covid-19.html","Doria acaba de declarar que está tomando cloroquina para se tratar da Covid-19 #boato","611"
"1270","https://www.boatos.org/politica/doria-filho-de-lula-socios-vacina-coronavac-diz-pf-inquerito-20221345.html","Doria e filho de Lula são sócios na vacina Coronavac , diz PF em inquérito nº 20221345 #boato","924"
"1271","https://www.boatos.org/politica/doria-negou-vacinas-prefeita-de-bauru-ela-foi-pedir-bolsonaro.html","Doria negou vacinas a prefeita de Bauru e ela foi pedir a Bolsonaro #boato","861"
"1272","https://www.boatos.org/politica/doria-nomeou-chineses-presidencia-diretoria-cpfl.html","Doria nomeou chineses para a presidência e diretoria da CPFL #boato","629"
"1273","https://www.boatos.org/politica/doria-obriga-samu-atestar-mortes-naturais-como-conovirus.html","Doria obriga Samu a atestar mortes por outras doenças como se fossem por coronavírus em São Paulo #boato","1188"
"1274","https://www.boatos.org/politica/doria-pagou-outdoor-campo-grande-ms-dinheiro-publico.html","Doria pagou outdoor em Campo Grande (MS) com dinheiro público #boato","552"
"1275","https://www.boatos.org/politica/doria-prorroga-lockdown-dia-22-abril-2021-sao-paulo.html","Doria prorroga o lockdown até o dia 22 de abril de 2021 em São Paulo #boato","640"
"1276","https://www.boatos.org/politica/doria-sem-mascara-primeiro-tomar-vacina-chinesa-contra-covid-19.html","Doria, sem máscara, foi o primeiro a tomar a vacina chinesa contra Covid-19 #boato","811"
"1277","https://www.boatos.org/politica/doria-sucateou-ceagesp-para-privatizar-e-vender-para-a-china-boato.html","Doria sucateou Ceagesp para privatizar e vender para a China #boato","600"
"1278","https://www.boatos.org/politica/doria-tomou-vacina-chinesa-contra-covid-19-mesmo-assim-foi-infectado.html","Doria tomou a vacina chinesa contra a Covid-19 e, mesmo assim, foi infectado #boato","604"
"1279","https://www.boatos.org/politica/doria-vai-fazer-lockdown-total-apos-dia-das-maes-sao-paulo.html","Doria vai decretar lockdown total após o Dia das Mães em São Paulo #boato","743"
"1280","https://www.boatos.org/politica/dr-keed-bengaille-existe-e-se-ofereceu-para-cuidar-de-bolsonaro.html","É falso que médico chamado Keed Bengaille tenha oferecido tratamento a Bolsonaro","553"
"1281","https://www.boatos.org/politica/e-falso-que-medicos-assassinados-no-rio-de-janeiro-foram-os-que-operaram-lula-no-sirio-libanes.html","É falso que médicos assassinados no Rio de Janeiro foram os que operaram Lula no Sírio-Libanês","496"
"1282","https://www.boatos.org/politica/eduardo-bolsonaro-acaba-de-ser-preso-nos-eua.html","É falso que Eduardo Bolsonaro tenha acabado de ser preso nos EUA","792"
"1283","https://www.boatos.org/politica/eduardo-bolsonaro-camiseta-bolsonaro.html","Eduardo Bolsonaro pede que eleitores não usem camiseta de apoio a Jair Bolsonaro #boato","766"
"1284","https://www.boatos.org/politica/eduardo-bolsonaro-e-sbt-falaram-que-trump-prometeu-vir-ao-brasil-buscar-bolsonaro.html","É falso que Eduardo Bolsonaro e SBT falaram que Trump prometeu vir ao Brasil buscar Bolsonaro","506"
"1285","https://www.boatos.org/politica/eduardo-leite-governador-terno-rosa-mourao.html","Eduardo Leite, governador do Rio Grande do Sul, usa terno rosa em evento com Mourão #boato","474"
"1286","https://www.boatos.org/politica/efetivo-reserva-exercito-marinha-aeronautica-convocado-mesario-eleicoes.html","Efetivo de reserva do Exército, Marinha e Aeronáutica é convocado para ser mesário nas eleições #boato","866"
"1287","https://www.boatos.org/politica/eleitor-com-mais-60-anos-nao-precisa-votar-justificar-2020.html","Eleitor com mais de 60 anos não precisa votar ou justificar em 2020 #boato","582"
"1288","https://www.boatos.org/politica/embaixador-da-china-diz-que-dilma-cedeu-costa-brasileira-para-pesca-chinesa-por-25-anos-boato.html","Embaixador da China diz que Dilma cedeu costa brasileira para pesca chinesa por 25 anos #boato","526"
"1289","https://www.boatos.org/politica/empresaria-tereza-travassos-tirou-vida-apos-ser-indiciada-como-financiadora-de-patriotas-nas-manifestacoes-golpistas.html","Empresária Tereza Travassos tirou a vida após ser indiciada como financiadora de “patriotas” nas manifestações golpistas #boato","810"
"1290","https://www.boatos.org/politica/enfermeira-gravou-bolsonaro-demitida.html","Enfermeira que gravou áudio de Bolsonaro no hospital foi demitida #boato","715"
"1291","https://www.boatos.org/politica/enfermeira-tomou-vacina-mostrou-bilhete-chora-bolsonaro.html","Enfermeira que tomou vacina mostrou bilhete “Chora Bolsonaro” #boato","406"
"1292","https://www.boatos.org/politica/escola-leonardo-da-vinci-leva-alunos-prestigiar-maduro-itamaraty.html","Escola Leonardo da Vinci leva alunos para prestigiar Maduro no Itamaraty #boato","531"
"1293","https://www.boatos.org/politica/esquerdistas-agentes-saude-ibope-contaminar-testes-falsos-covid-19.html","Esquerdistas estão se passando por agentes de saúde do Ibope para contaminar as pessoas com testes falsos de Covid-19 #boato","898"
"1294","https://www.boatos.org/politica/ex-enfermeira-revela-que-lula-morreu-em-2022-e-sosia-esta-no-lugar.html","Fake sobre ex-enferemeira revelar que Lula morreu em 2022 e sósia está no lugar volta a circular online","675"
"1295","https://www.boatos.org/politica/ex-presidente-lula-cancer-laringe-novamente.html","Ex-presidente Lula está com câncer de laringe novamente #boato","653"
"1296","https://www.boatos.org/politica/facada-bolsonaro-foi-uma-invencao-maconaria-nova-ordem-mundial.html","Facada em Bolsonaro foi uma invenção da maçonaria e da Nova Ordem Mundial #boato","769"
"1297","https://www.boatos.org/politica/fachin-cancelou-crimes-de-lazaro-carmem-lucia-deu-48h-para-ele-explicar-por-que-morreu.html","Fachin cancelou crimes de Lázaro e Cármem Lúcia deu 48h para ele explicar por que morreu #boato","709"
"1298","https://www.boatos.org/politica/fake-news-eleicoes-2018.html","20 fake news que mais circularam durante as eleições 2018 no Boatos.org","602"
"1299","https://www.boatos.org/politica/falso-enfermeiro-filiado-pcdob-preso-em-hospital-bolsonaro-esta-internado.html","Falso enfermeiro filiado ao PCdoB é preso em hospital onde Bolsonaro está internado #boato","584"
"1300","https://www.boatos.org/politica/falta-oxigenio-manaus-amazonas-porque-governador-nao-quer-comprar-da-oposicao-tem-divida-fornecedor.html","Falta oxigênio em Manaus porque governador não quer comprar da oposição e tem dívida com fornecedor #boato","1135"
"1301","https://www.boatos.org/politica/fbi-defendeu-elon-musk-e-ofereceu-ajuda-para-prender-alexandre-de-moraes.html","Canal que sempre divulga fake news divulga mentira sobre FBI, Elon Musk e prisão de Alexandre de Moraes","768"
"1302","https://www.boatos.org/politica/fernanda-costa-ativista-psol-mendiga-video.html","Fernanda Costa, ativista da ideologia de gênero do PSOL, destratou mendiga em vídeo #boato","765"
"1303","https://www.boatos.org/politica/fernando-haddad-brinquedo-mao.html","Fernando Haddad é flagrado com “brinquedo” na mão em foto #boato","458"
"1304","https://www.boatos.org/politica/festa-casa-do-filho-joao-doria-realizada-durante-pandemia-video.html","Festa na casa do filho de João Doria é realizada durante pandemia, mostra vídeo #boato","715"
"1305","https://www.boatos.org/politica/filha-de-bolsonaro-laura-foi-presa-por-alexandre-de-moraes-ao-chegar-no-brasil.html","É falso que filha de Bolsonaro, Laura, tenha sido presa ao chegar ao Brasil a mando de Alexandre de Moraes","492"
"1306","https://www.boatos.org/politica/filho-de-frei-chico-e-sobrinho-de-lula-denis-da-silva-comprou-fazendas-em-sao-paulo-por-r-280-milhoes.html","É falso que filho de Frei Chico e sobrinho de Lula, Denis da Silva, tenha comprado fazendas por R$ 280 milhões","1105"
"1307","https://www.boatos.org/politica/filho-de-jose-dirceu-tem-iate-de-luxo-atracado-na-marina-da-gloria.html","Iate mostrado em imagem na Marina da Glória não é do “filho do José Dirceu”","541"
"1308","https://www.boatos.org/politica/filho-joao-doria-festa-quarentena-coronavirus.html","Filho de João Doria dá festa de aniversário com 200 pessoas durante quarentena do coronavírus #boato","520"
"1309","https://www.boatos.org/politica/filho-lula-comprou-20-sinovac-pacto-doria-com-pt.html","Filho de Lula comprou 20% da Sinovac em pacto de Dória com o PT #boato","971"
"1310","https://www.boatos.org/politica/fim-das-faculdades-aprovado-106-profissoes-nao-vao-precisar-de-diploma.html","Fim das faculdades é aprovado e 106 profissões não vão precisar de diploma #boato","558"
"1311","https://www.boatos.org/politica/flavio-bolsonaro-foi-envenenado.html","Flávio Bolsonaro foi envenenado durante debate eleitoral no Rio #boato","719"
"1312","https://www.boatos.org/politica/flavio-dino-assumiu-postagem-twitter-gay.html","Flávio Dino assumiu, em postagem no Twitter, que é gay #boato","465"
"1313","https://www.boatos.org/politica/flavio-dino-sera-relator-e-reu-em-caso-dos-respiradores-do-consorcio-nordeste-no-stf.html","É falso que Flávio Dino seja réu e relator em caso dos respiradores do Consórcio Nordeste no STF","771"
"1314","https://www.boatos.org/politica/forex-moeda-brasil-negociada-governo-bolsonaro.html","Forex tem moeda do Brasil x EUA (Real x Dólar) como a mais negociada graças ao governo Bolsonaro #boato","1234"
"1315","https://www.boatos.org/politica/foto-falsa-mostra-bebes-colocados-em-caixa-de-papelao-em-hospital-do-para.html","Foto falsa mostra bebês colocados em caixa de papelão em hospital do Pará","449"
"1316","https://www.boatos.org/politica/fox-news-bolsonaro-golpe-eua-vao-intervir.html","Fox News diz que se Bolsonaro sofrer um golpe EUA vão intervir militar e economicamente #boato","598"
"1317","https://www.boatos.org/politica/fraude-nas-urnas-nordeste-foi-comprovada-e-e-noticia-no-exterior.html","Fraude nas urnas no Nordeste foi comprovada e é notícia no exterior #boato","851"
"1318","https://www.boatos.org/politica/freixo-diz-que-colocou-advogados-para-defender-lazaro-e-condenar-perseguicao-policial-boato.html","Freixo diz que colocou advogados para defender Lázaro e condenar perseguição policial #boato","450"
"1319","https://www.boatos.org/politica/fux-ordena-soltura-do-ex-presidente-jair-bolsonaro-em-janeiro-de-2026.html","Vídeo sobre suposta soltura de Bolsonaro por Luiz Fux é fake criado por IA","753"
"1320","https://www.boatos.org/politica/general-hamilton-mourao-sofre-infarto.html","General Hamilton Mourão sofre infarto e está internado em hospital #boato","543"
"1321","https://www.boatos.org/politica/general-heleno-diz-que-bolsonaro-teve-coronavirus.html","General Heleno diz que Bolsonaro teve coronavírus em post no Twitter #boato","610"
"1322","https://www.boatos.org/politica/general-heleno-terra-plana.html","General Heleno diz, em entrevista ao SBT, que a Terra é plana #boato","862"
"1323","https://www.boatos.org/politica/general-mario-lucio-derrubar-rodrigo-maia-stf-na-bala-defender-bolsonaro.html","General Mário Lúcio diz que vai derrubar Rodrigo Maia e STF na bala para defender Bolsonaro #boato","763"
"1324","https://www.boatos.org/politica/general-mourao-convoca-populacao-manifestacoes-quarteis-19-abril-2020.html","General Mourão convoca população para manifestações em quartéis no dia 19 de abril de 2020 #boato","655"
"1325","https://www.boatos.org/politica/general-roberto-mendonca-se-recusou-a-falar-com-lula-em-publico.html","É falso que general Roberto Mendonça tenha se recusado a falar com Lula na frente de todos","1069"
"1326","https://www.boatos.org/politica/general-villas-boas-gravou-audio-falando-que-lula-nao-sera-presidente-se-codigo-fonte-nao-for-liberado.html","General Villas Bôas gravou áudio falando que Lula não será presidente se o “código-fonte” não for liberado #boato","663"
"1327","https://www.boatos.org/politica/general-walter-braga-netto-fio-desencapado-audio.html","General Walter de Braga Netto, o fio desencapado, grava áudio sobre comunistas e Bolsonaro #boato","848"
"1328","https://www.boatos.org/politica/gleisi-chile-fazer-violencia-internacional-protestos.html","Gleisi está indo para o Chile fazer violência internacional em protestos de 2019 #boato","794"
"1329","https://www.boatos.org/politica/gleisi-hoffmann-apoio-greve-caminhoneiros.html","Gleisi Hoffmann fez tuíte de apoio à greve dos caminhoneiros #boato","675"
"1330","https://www.boatos.org/politica/glenn-greenwald-internado-infarto-cocaina.html","Glenn Greenwald tem infarto e é internado às pressas após overdose de cocaína #boato","651"
"1331","https://www.boatos.org/politica/globo-manifestacao-bolsonaro-maior.html","Globo admite que manifestação pró-Bolsonaro é a maior da história #boato","594"
"1332","https://www.boatos.org/politica/governador-do-espirito-santo-impede-navios-russos-com-diesel-de-atracar-no-pais.html","Governador do Espírito Santo impede navios russos com diesel de atracar no país #boato","618"
"1333","https://www.boatos.org/politica/governador-para-helder-barbalho-escondeu-cloroquina-galpao.html","Governador do Pará, Hélder Barbalho, escondeu toneladas de cloroquina em um galpão #boato","492"
"1334","https://www.boatos.org/politica/governador-piaui-wellington-dias-participa-festa-quarentena-coronavirus.html","Governador do Piauí, Wellington Dias, participa de festa durante quarentena do coronavírus #boato","467"
"1335","https://www.boatos.org/politica/governador-sergipe-permite-confiscar-propriedade-privada-quem-descumprir-criticar-quarentena-decreto-40-798.html","Governador de Sergipe permite confiscar propriedade privada de quem descumprir ou criticar quarentena em Decreto 40.798 #boato","868"
"1336","https://www.boatos.org/politica/governadores-escondem-respiradores-em-galpoes.html","Governadores e prefeitos escondem respiradores enviados por Bolsonaro em galpões e não mandam para hospitais #boato","1010"
"1337","https://www.boatos.org/politica/governadores-escondendo-vacinas-desestabilizar-bolsonaro.html","Governadores estão escondendo vacinas para desestabilizar Bolsonaro #boato","563"
"1338","https://www.boatos.org/politica/governo-cancela-pagamento-auxilio-emergencial.html","Governo cancela pagamento do auxílio emergencial de R$ 600 porque está sem dinheiro #boato","684"
"1339","https://www.boatos.org/politica/governo-ceara-desativa-leitos-hospital-recursos-federais-video.html","Governo do Ceará desativa leitos de hospital para receber mais recursos federais, mostra vídeo #boato","1178"
"1340","https://www.boatos.org/politica/governo-gasta-r-85-bilhoes-por-ano-em-carros-oficiais.html","É falso que governo tenha gastado R$ 85 bilhões por ano em carros oficiais","851"
"1341","https://www.boatos.org/politica/governo-lula-acabou-com-direito-a-ferias-de-30-dias-dos-trabalhadores.html","Não é verdade que governo Lula tenha aprovado o fim das férias de 30 dias remuneradas","1066"
"1342","https://www.boatos.org/politica/governo-lula-aprovou-aborto-ate-os-nove-meses-no-brasil.html","Governo Lula não aprovou o aborto até os 9 meses de gestação para todas as mulheres","853"
"1343","https://www.boatos.org/politica/governo-lula-autorizou-mudanca-de-sexo-sus-14-anos.html","É falso que governo Lula tenha autorizado cirurgia de mudança de sexo pelo SUS para crianças de 14 anos","682"
"1344","https://www.boatos.org/politica/governo-lula-criou-um-programa-chamado-bolsa-crack-para-usuarios-de-drogas.html","É falso que o governo Lula tenha criado um programa chamado “Bolsa Crack”","715"
"1345","https://www.boatos.org/politica/governo-lula-pagou-passagens-aereas-congresso-lgbt-2023.html","Vídeo que fala de passagens aéreas pagas para Congresso LGBT não é atual e não tem relação direta com governo Lula","570"
"1346","https://www.boatos.org/politica/governo-lula-recusou-120-toneladas-de-doacoes-enviadas-por-portugal.html","É falso que governo Lula tenha recusado doações enviadas por Portugal para vítimas no RS","717"
"1347","https://www.boatos.org/politica/governo-lula-vai-comprar-arroz-da-asia-com-agrotoxico-proibido-no-brasil.html","Não há qualquer confirmação de que arroz importado pelo governo seja da Ásia e tenha agrotóxico proibido no Brasil","585"
"1348","https://www.boatos.org/politica/governo-lula-vai-implantar-chip-pele-das-pessoas.html","Governo Lula vai implantar chip na pele das pessoas #boato","762"
"1349","https://www.boatos.org/politica/governo-lula-vendeu-r-93-bilhoes-em-precatorios-para-bancos.html","Governo Lula não vendeu precatórios para bancos, porque transação só pode ser feita por credores da dívida","1088"
"1350","https://www.boatos.org/politica/governo-nao-tem-dinheiro-para-pagar-funcionalismo-indices-do-ibge-falso-e-por-isso-vai-prender-bolsonaro.html","Não é verdade que governo não terá dinheiro para pagar funcionalismo, dados do IBGE são falsos e vão armar para Bolsonaro","1054"
"1351","https://www.boatos.org/politica/governo-pernambuco-comprou-140-jeep-renegade-sem-licitacao-bloqueios-quarentena.html","Governo de Pernambuco comprou 140 Jeep Renegade sem licitação para fazer bloqueios de quarentena #boato","682"
"1352","https://www.boatos.org/politica/governo-petista-rio-grande-norte-enterra-merenda-escola-prejudicar-bolsonaro.html","Governo petista do Rio Grande do Norte enterra merenda em escola para prejudicar Bolsonaro #boato","604"
"1353","https://www.boatos.org/politica/governo-vai-cobrar-r-200-de-taxa-de-quem-tem-animais-de-estimacao-em-casa.html","É falso que o governo cobrará taxa de R$ 200 para donos de animais de estimação","807"
"1354","https://www.boatos.org/politica/grandes-empreiteiras-doria-esquerda-forcam-funcionarios-gritar-fora-bolsonaro.html","Grandes empreiteiras ligadas a Doria e esquerda forçam funcionários a gritar “fora Bolsonaro” #boato","743"
"1355","https://www.boatos.org/politica/greve-geral-brasil-sera-deflagrada-dia-7-de-novembro-apoiadores-bolsonaro.html","Greve geral no Brasil será deflagrada no dia 7 de novembro por apoiadores de Bolsonaro #boato","674"
"1356","https://www.boatos.org/politica/grupo-whatsapp-resistencia-para-psol-infectar-coronavirus.html","Grupo no WhatsApp Resistência Para (do PSOL UEPA) planeja infectar pessoas com coronavírus #boato","1153"
"1357","https://www.boatos.org/politica/guga-chacra-chorou-ao-vivo-apos-vitoria-de-trump-nas-eleicoes.html","É falso que Guga Chacra tenha chorado ao vivo após vitória de Donald Trump nos EUA","472"
"1358","https://www.boatos.org/politica/guilherme-boulos-mansao-mtst.html","Boulos tem uma mansão vazia pronta para ser ocupada pelo MTST #boato","632"
"1359","https://www.boatos.org/politica/haddad-criou-imposto-para-taxar-o-oxigenio-respirado-pelos-brasileiros.html","É falso que Haddad criou imposto sobre oxigênio no governo Lula","802"
"1360","https://www.boatos.org/politica/haddad-disse-que-vai-taxar-tudo-e-anunciou-imposto-para-animais-de-estimacao-gravidas-e-bets.html","É falso que Haddad tenha dito que vai taxar tudo e criar impostos para pets e grávidas","631"
"1361","https://www.boatos.org/politica/haddad-diz-que-gosta-de-taxar-os-pobres-e-sugere-que-eles-comam-abobora.html","É falso que Haddad tenha dito que gosta de taxar os pobres e sugeriu que comam abóbora","687"
"1362","https://www.boatos.org/politica/haddad-lula-presidencia-solucao-crise-coronavirus.html","Haddad diz que Lula na presidência é a solução da crise do coronavírus #boato","723"
"1363","https://www.boatos.org/politica/heloisa-campos-viuva-de-eduardo-campos-escreveu-texto-final-carreira-lula.html","É falso que texto que fala de “final de carreira de Lula” seja de Heloisa Campos ou “viúva de Eduardo Campos”","1109"
"1364","https://www.boatos.org/politica/historia-falsa-jose-mujica-espera-para-ser-atendido-em-hospital-publico.html","História falsa: Jose Mujica espera para ser atendido em hospital público","308"
"1365","https://www.boatos.org/politica/homem-seguranca-lula-atacou-manuela.html","Homem que fez a segurança de Lula já atacou Manuela D’Ávila em vídeo #boato","625"
"1366","https://www.boatos.org/politica/homem-soco-beliscao-bolsonaro-adelio.html","Homem deu soco e beliscão em Bolsonaro após ataque de Adelio #boato","680"
"1367","https://www.boatos.org/politica/hospital-fundao-foi-reformado-gracas-ao-presidente-jair-bolsonaro.html","Hospital do Fundão foi reformado graças ao presidente Jair Bolsonaro #boato","1017"
"1368","https://www.boatos.org/politica/hospital-infantil-darcy-vargas-sera-demolido-terreno-vendido-por-doria.html","Hospital Infantil Darcy Vargas será demolido e terreno será vendido por Doria #boato","586"
"1369","https://www.boatos.org/politica/humberto-costa-diz-nao-podemos-admitir-que-atual-governo-pratique-corrupcao-dos-anteriores.html","Humberto Costa diz “não podemos admitir que o atual governo pratique a corrupção dos anteriores” #boato","497"
"1370","https://www.boatos.org/politica/ibaneis-rocha-bebado-cai-e-arma-confusao-hospital.html","Governador do DF (Brasília), Ibaneis Rocha, fica bêbado, cai e arma confusão em hospital #boato","773"
"1371","https://www.boatos.org/politica/ibge-tem-celular-com-urna-eletronica-para-roubar-biometria-eleitores-de-bolsonaro.html","IBGE tem celular com urna eletrônica para roubar biometria de eleitores de Bolsonaro #boato","1397"
"1372","https://www.boatos.org/politica/idosa-chora-bpc-loas-inss.html","Idosa chora ao tentar sacar BPC-Loas cancelado pelo INSS, mostra foto #boato","674"
"1373","https://www.boatos.org/politica/imposto-do-viagra-vai-ser-de-40-apos-aprovacao-da-reforma-tributaria.html","Viagra não vai ter imposto de 40% após a reforma tributária","752"
"1374","https://www.boatos.org/politica/imposto-para-compra-e-venda-de-imoveis-vai-ser-de-25-com-a-reforma-tributaria.html","É falso que Lula vá cobrar 25% de imposto para compra e venda de imóveis","963"
"1375","https://www.boatos.org/politica/indios-invadiram-governadoria-da-bahia-para-cobrar-dinheiro-passeata-contra-bolsonaro.html","Índios invadiram a governadoria da Bahia para cobrar dinheiro de passeata contra Bolsonaro #boato","539"
"1376","https://www.boatos.org/politica/inquerito-6897-alexandre-de-moraes-proibe-bolsonaro-decretar-intervencao-militar.html","Inquérito 6897 de Alexandre de Moraes proíbe Bolsonaro de decretar intervenção militar #boato","1113"
"1377","https://www.boatos.org/politica/irmao-de-wilson-lima-ameaca-medica.html","Irmão de Wilson Lima, governador do Amazonas, é flagrado ameaçando médica #boato","834"
"1378","https://www.boatos.org/politica/israel-cancela-contrato-de-aparelho-ultrassom-que-detecta-cancer-apos-fala-de-lula.html","Israel não cancelou, após fala de Lula, contrato de aparelho de ultrassom que detecta câncer","729"
"1379","https://www.boatos.org/politica/ivo-gomes-grava-audio-transposicao-rio-sao-francisco-pt-bolsonaro.html","Ivo Gomes, irmão de Ciro Gomes, grava áudio sobre transposição do rio São Francisco, PT e Bolsonaro #boato","740"
"1380","https://www.boatos.org/politica/jair-bolsonaro-morreu-apos-ataque-fulminante-em-prisao-domiciliar.html","É falso que o ex-presidente Jair Bolsonaro morreu por ataque fulminante em casa","567"
"1381","https://www.boatos.org/politica/janaina-paschoal-audio-moro-bolsonaro-operacao-storm-eua.html","Janaína Paschoal grava áudio atacando Moro, defendendo Bolsonaro e denunciando Operação Storm nos EUA #boato","1213"
"1382","https://www.boatos.org/politica/janja-diz-a-pessoa-que-nao-respeita-a-si-mesmo-nao-consegue-respeitar-nem-a-si-proprio-entrevista-fantastico.html","Janja diz “a pessoa que não respeita a si mesmo, não consegue respeitar nem a si próprio” em entrevista no Fantástico #boato","511"
"1383","https://www.boatos.org/politica/janja-e-responsavel-por-espalhar-virus-da-gripe-aviaria.html","Vídeo que diz que Janja comanda quadrilha de gripe aviária é absurdo e misógino","591"
"1384","https://www.boatos.org/politica/janja-posa-biquini-sutia-cartaz-homenagem-prostitutas.html","Janja posa de biquíni (sutiã) com cartaz em homenagem as prostitutas #boato","459"
"1385","https://www.boatos.org/politica/janja-viu-mascara-do-lula-cair-no-hospital-e-descobriu-que-e-um-sosia-que-esta-no-seu-lugar.html","Teoria falsa e maluca de sósia de Lula volta a circular com papo de “máscara que caiu no hospital”","582"
"1386","https://www.boatos.org/politica/jantar-de-lula-com-presidente-da-america-do-sul-foi-cancelado-por-falta-de-quorum.html","Jantar de Lula com presidentes da América do Sul foi cancelado por falta de quórum #boato","913"
"1387","https://www.boatos.org/politica/joao-doria-aumentar-valor-imposto-itcmd-4-8.html","João Doria decidiu aumentar valor do imposto ITCMD de 4% para 8% durante pandemia #boato","990"
"1388","https://www.boatos.org/politica/joao-doria-fechou-ceasa-ceagesp-caminhoneiros-jogaram-comida-fora.html","João Doria fechou o Ceasa (Ceagesp), em São Paulo #boato","680"
"1389","https://www.boatos.org/politica/joao-doria-internado-endocardite-bacteriana.html","João Doria é internado com endocardite bacteriana #boato","626"
"1390","https://www.boatos.org/politica/joao-doria-participa-festa-aracatuba-durante-quarentena-coronavirus.html","João Doria participa de festa em Araçatuba (SP) durante quarentena do coronavírus #boato","691"
"1391","https://www.boatos.org/politica/joao-doria-pinta-bandeira-china-muro-quarentena-sp.html","João Doria pinta bandeira do Partido Comunista Chinês (PCC) em muro durante quarentena em SP #boato","582"
"1392","https://www.boatos.org/politica/joao-doria-testou-positivo-para-covid-19.html","João Doria testou positivo para Covid-19 (novo coronavírus) #boato","618"
"1393","https://www.boatos.org/politica/joao-doria-tomou-vacina-pfizer-se-negou-tomar-coronavac.html","João Doria tomou a vacina da Pfizer e se negou a tomar Coronavac #boato","489"
"1394","https://www.boatos.org/politica/joaquim-barbosa-prisao-2a-instancia-fa-lula.html","Joaquim Barbosa é contra prisão em 2ª Instância e fã de Lula e Dilma #boato","864"
"1395","https://www.boatos.org/politica/joesley-batista-envenenado-laudo.html","Joesley Batista foi envenenado, diz laudo da polícia científica #boato","672"
"1396","https://www.boatos.org/politica/joesley-batista-estado-grave.html","Joesley Batista é internado em estado grave e inconsciente #boato","684"
"1397","https://www.boatos.org/politica/jorge-paulo-lemann-dono-da-fabrica-de-absorventes-pg-tabata-amaral-sugeriu-projeto.html","Jorge Paulo Lemann é dono da fábrica de absorventes P&G e, por isso, Tabata Amaral sugeriu projeto #boato","728"
"1398","https://www.boatos.org/politica/jose-dirceu-esta-em-coma-e-continua-internado-apos-problema-de-saude.html","José Dirceu está em coma e continua internado após problema de saúde #boato","711"
"1399","https://www.boatos.org/politica/jose-mujica-morre.html","Jose Mujica, ex-presidente do Uruguai, morre aos 82 anos #boato","536"
"1400","https://www.boatos.org/politica/lei-13246-criada-bolsonaro-acaba-dia-das-bruxas-brasil.html","Lei 13.246 foi criada por Bolsonaro e acaba com o Dia das Bruxas no Brasil #boato","741"
"1401","https://www.boatos.org/politica/lei-muda-o-nome-mae-para-corpo-que-pariu-na-certidao-de-nascimento.html","É falso que lei preveja mudança do nome de mãe para “corpo que pariu” na certidão de nascimento","726"
"1402","https://www.boatos.org/politica/lei-obriga-uso-de-mascaras-dentro-de-casa.html","Lei que obriga uso de máscaras dentro de casa é aprovada pelo Congresso #boato","847"
"1403","https://www.boatos.org/politica/lista-mostra-processos-crimes-ministros-governo-lula.html","Lista mostra processos e crimes de ministros do governo Lula #boato","840"
"1404","https://www.boatos.org/politica/luis-roberto-barroso-ministro-stf-sai-defesa-bolsonaro.html","Luís Roberto Barroso, ministro do STF, sai em defesa de Bolsonaro após manifestações #boato","835"
"1405","https://www.boatos.org/politica/lula-admite-derrota-para-bolsonaro-em-discurso-de-1-de-maio-de-2022.html","Lula admite derrota para Bolsonaro em discurso de 1º de maio de 2022 #boato","674"
"1406","https://www.boatos.org/politica/lula-afirma-em-video-que-vai-transformar-brasil-china-comunista.html","Lula afirma, em vídeo, que vai transformar o Brasil em China comunista #boato","969"
"1407","https://www.boatos.org/politica/lula-aumentou-o-valor-do-auxilio-reclusao-para-r-1-800-em-2024.html","Lula não aumentou auxílio-reclusão para R$ 1.800 em 2024","937"
"1408","https://www.boatos.org/politica/lula-bebado-confessa-tudo-depois-convoca-15-advogados-para-tirar-video-redes-sociais.html","Lula bêbado confessa tudo e depois convoca 15 advogados para tirar vídeo de redes sociais #boato","819"
"1409","https://www.boatos.org/politica/lula-bolsonaro-rodrigo-maia-coronavirus.html","Lula, Bolsonaro e Rodrigo Maia estão infectados com coronavírus #boato","657"
"1410","https://www.boatos.org/politica/lula-coronavirus-covid-19-exame-confirmado-hospital-adventista.html","Lula está com coronavírus (Covid-19) e exame foi confirmado pelo hospital Adventista #boato","338"
"1411","https://www.boatos.org/politica/lula-criou-nova-taxa-do-lixo-que-comecara-a-ser-cobrada-em-todo-o-brasil.html","Taxa do lixo atribuída a Lula na internet é, na verdade, decisão municipal","563"
"1412","https://www.boatos.org/politica/lula-crise-abstinencia-prisao.html","Lula teve crise de abstinência de álcool na sede da PF e quase morreu #boato","1109"
"1413","https://www.boatos.org/politica/lula-desiste-ser-candidato-eleicoes-2022.html","Lula desiste de ser candidato nas eleições de 2022 #boato","639"
"1414","https://www.boatos.org/politica/lula-desmaiou-durante-encontro-com-trump-apos-ouvir-que-nao-pisaria-mais-nos-eua.html","É falso que Lula tenha desmaiado após ouvir que Trump proibiu sua entrada nos EUA em reunião","1681"
"1415","https://www.boatos.org/politica/lula-disse-ninguem-vai-trabalhar-brasil-se-nao-tiver-cartao-de-vacina-atualizado.html","É falso que Lula tenha falado que ninguém vai trabalhar no Brasil se não tiver o cartão de vacinação atualizado","565"
"1416","https://www.boatos.org/politica/lula-diz-que-enfermeiros-so-servem-para-servir-sopa-se-posicionou-contra-piso-salarial.html","Lula diz que enfermeiros só servem para servir sopa e se posicionou contra piso salarial #boato","567"
"1417","https://www.boatos.org/politica/lula-diz-que-vai-vencer-bolsonaro-com-ajuda-de-xango-e-que-nem-jesus-vai-lhe-parar.html","Lula diz que vai vencer Bolsonaro com a ajuda de Xangô e que nem Jesus vai lhe parar #boato","659"
"1418","https://www.boatos.org/politica/lula-doou-r-25-milhoes-para-grupo-terrorista-hamas.html","Lula doou R$ 25 milhões para o Hamas quando era presidente #boato","567"
"1419","https://www.boatos.org/politica/lula-e-janja-tiveram-vistos-negados-por-trump-para-assembleia-da-onu-nos-eua.html","É falso que Lula e Janja tiveram vistos negados por Trump para Assembleia da ONU nos EUA","826"
"1420","https://www.boatos.org/politica/lula-e-vaiado-em-aeroporto-brasileiro-conta-boato.html","Lula é vaiado em aeroporto brasileiro, conta boato","546"
"1421","https://www.boatos.org/politica/lula-encontrou-fernandinho-beira-mar-marcola-penitenciaria.html","Vídeo de Lula que viralizou não é de uma penitenciária e não há encontro com Marcola e Fernandinho Beira-Mar","673"
"1422","https://www.boatos.org/politica/lula-esta-com-cancer-no-cerebro-e-por-isso-esta-sumido.html","Presidente Lula não está com câncer no cérebro e esse não é o motivo pelo qual ele está “sumido”","854"
"1423","https://www.boatos.org/politica/lula-esta-com-doenca-grave-ha-choro-na-sede-pt-e-o-fim-da-candidatura.html","Lula está com doença grave, há choro na sede do PT e é o fim da candidatura #boato","694"
"1424","https://www.boatos.org/politica/lula-esta-com-doenca-grave-vai-desistir-da-candidatura.html","Lula está com doença grave e vai desistir da candidatura #boato","658"
"1425","https://www.boatos.org/politica/lula-esta-dinamarca-pais-livre-coronavirus-brasil-covid-19.html","Lula está na Dinamarca, país livre do coronavírus, enquanto Brasil sofre com Covid-19 #boato","717"
"1426","https://www.boatos.org/politica/lula-esta-internado-com-cancer.html","Lula está internado com câncer no Sírio-libanês #boato","483"
"1427","https://www.boatos.org/politica/lula-esta-muito-ruim-foi-para-hospital.html","Lula está muito ruim, foi para o hospital e caso é grave #boato","605"
"1428","https://www.boatos.org/politica/lula-faz-tratamento-com-medium-para-se-curar-de-cancer-diz-boato.html","Lula faz tratamento com médium para se curar de câncer, diz boato","555"
"1429","https://www.boatos.org/politica/lula-flagrado-e-xingado-em-bar-durante-quarentena.html","Lula é flagrado e xingado em bar durante quarentena da Covid-19, mostra vídeo #boato","721"
"1430","https://www.boatos.org/politica/lula-foi-substituido-por-sosia-que-esta-usando-mascara-silicone-feita-no-projac-oela-globo.html","Lula foi substituído por sósia que está usando máscara de silicone feita no Projac pela Globo #boato","1032"
"1431","https://www.boatos.org/politica/lula-fylho-filho-ex-presidente-lula-esta-envolvido-esquema-fraude-compra-mascaras.html","Lula Fylho, investigado em esquema de fraude na compra de máscaras, é filho do ex-presidente Lula #boato","634"
"1432","https://www.boatos.org/politica/lula-garantiu-indenizacao-e-pensao-vitalicia-para-familia-dos-mortos-em-operacao-no-morro-do-alemao.html","É falso que Lula tenha garantido indenização e pensão vitalícia para família de mortos em operação no Morro do Alemão","801"
"1433","https://www.boatos.org/politica/lula-incluir-terreiro-candomble-lista-tratamentos-sus.html","Resolução do CNS sobre Candomblé como cura complementar do SUS é distorcida para ser utilizada politicamente","864"
"1434","https://www.boatos.org/politica/lula-internado-no-sirio-libanes-depois-sofrer-avc-ou-infarto.html","Lula foi internado no Sírio-Libanês depois de sofrer um AVC (ou infarto) #boato","812"
"1435","https://www.boatos.org/politica/lula-justifica-aumento-combustiveis-dizendo-idosos-precisam-tirar-bunda-do-sofa.html","Lula justifica aumento dos combustíveis dizendo que idosos precisam tirar a “bunda do sofá” #boato","784"
"1436","https://www.boatos.org/politica/lula-levado-sirio-libanes-morte.html","Lula é levado às pressas ao hospital Sírio-libanês #boato","511"
"1437","https://www.boatos.org/politica/lula-marisa-culpa-sergio-moro.html","Lula diz que Marisa morreu por culpa de Sérgio Moro, povo e Justiça #boato","537"
"1438","https://www.boatos.org/politica/lula-morreu-aos-77-anos-idade-apos-sofrer-avc.html","Lula morreu aos 77 anos de idade após sofrer AVC #boato","513"
"1439","https://www.boatos.org/politica/lula-morreu-esfaqueado-e-noticia-foi-dada-no-jornal-nacional.html","Vídeo forjado anuncia falsa morte de Lula esfaqueado com montagem do Jornal Nacional","567"
"1440","https://www.boatos.org/politica/lula-morreu-sabado-corpo-esta-escondido-hospital-sirio-libanes.html","Lula morreu no sábado e corpo está escondido no hospital Sírio-Libanês #boato","1066"
"1441","https://www.boatos.org/politica/lula-mostrou-musculos-e-abdomen-definido-em-foto-tirada-com-janja-na-praia.html","Imagens que mostram Lula com abdômen definido e costas musculosas na praia são fruto de edição por IA","561"
"1442","https://www.boatos.org/politica/lula-nao-se-vacinou-contra-covid-19-e-usou-cartao-de-vacinacao-falso.html","Lula não se vacinou contra Covid-19 e usou cartão de vacinação falso #boato","664"
"1443","https://www.boatos.org/politica/lula-planeja-golpe-de-estado-livrar-acusacao-trafico-drogas.html","Lula planeja golpe de estado para se livrar de acusação de tráfico de drogas #boato","727"
"1444","https://www.boatos.org/politica/lula-proibiu-aplicacao-vacina-meningite.html","Lula proibiu aplicação de vacina contra meningite no SUS em 2010 #boato","651"
"1445","https://www.boatos.org/politica/lula-r-60-mil-salario-membros-cdess-conselho-economico-de-desenvolvimento-sustentavel.html","É falso que membros do CDESS vão receber salário de R$ 60 mil para participar de conselho","1090"
"1446","https://www.boatos.org/politica/lula-reuniu-gavioes-fiel-horas-antes-protesto-antifascista-2020.html","Lula se reuniu na sede da Gaviões da Fiel horas antes de protesto antifascista em 2020 #boato","867"
"1447","https://www.boatos.org/politica/lula-sofreu-um-derrame-cerebral-e-por-isso-foi-internado-na-uti.html","É falso que Lula tenha sido internado em SP por causa de derrame cerebral","471"
"1448","https://www.boatos.org/politica/lula-tomou-vacina-bivalente-contra-covid-19-seringa-vazia.html","Lula tomou vacina bivalente contra Covid-19 com seringa vazia #boato","591"
"1449","https://www.boatos.org/politica/lula-usou-ponto-eletronico-durante-debate-da-band.html","Lula usou ponto eletrônico durante debate da Band #boato","635"
"1450","https://www.boatos.org/politica/lula-vai-confiscar-dinheiro-da-poupanca-e-outras-aplicacoes-aponta-materia-cnn.html","Lula vai confiscar dinheiro da poupança e outras aplicações, aponta matéria da CNN #boato","776"
"1451","https://www.boatos.org/politica/lula-vai-congelar-contas-bancarias-poupanca-investimentos-fevereiro.html","Lula vai congelar contas bancárias (poupança e investimentos) em fevereiro #boato","1114"
"1452","https://www.boatos.org/politica/lula-vai-implantar-banheiros-unissex-e-ideologia-de-genero-nas-escolas-se-ganhar-eleicoes.html","Lula vai implantar banheiros unissex e ideologia de gênero nas escolas se ganhar eleições #boato","916"
"1453","https://www.boatos.org/politica/lula-video-cadeia-votos-bolsonaro.html","Lula grava vídeo na cadeia pedindo votos para Bolsonaro #boato","588"
"1454","https://www.boatos.org/politica/lula-visitou-bolsonaro-no-hospital-em-brasilia-apos-a-cirurgia.html","É falso que Lula visitou Bolsonaro no hospital após cirurgia de hérnia e chocou Brasília","744"
"1455","https://www.boatos.org/politica/lula-xinga-assessora-sofia-debate-band.html","Lula xinga assessora Sofia após debate da Band, mostra vídeo #boato","568"
"1456","https://www.boatos.org/politica/lurian-filha-de-lula-contratada-como-assessora-de-imprensa-do-senado-vai-ganhar-r-58-mil.html","Lurian, filha de Lula, é contratada como assessora de imprensa do Senado e vai ganhar R$ 58 mil #boato","547"
"1457","https://www.boatos.org/politica/maduro-ameaca-brasil-e-bolsonaro-apos-declarar-apoio-a-putin-e-russia.html","Maduro ameaça Brasil e Bolsonaro após declarar apoio a Putin e Rússia em 2022 #boato","728"
"1458","https://www.boatos.org/politica/major-olimpio-nao-morreu-de-covid-19-morreu-avc-diz-assessor.html","Major Olímpio não morreu de Covid-19 (morreu de AVC), diz assessor #boato","1111"
"1459","https://www.boatos.org/politica/mandetta-e-gilmar-mendes-em-portugal-na-pandemia.html","Mandetta é flagrado com Gilmar Mendes em Portugal no meio da pandemia da Covid-19 #boato","865"
"1460","https://www.boatos.org/politica/mandetta-embolsou-r-5-bilhoes-compra-vacinas-contra-covid-19.html","Mandetta embolsou R$ 5 bilhões destinados à compra de vacinas contra Covid-19 #boato","596"
"1461","https://www.boatos.org/politica/mandetta-renovou-contratos-publicidade-r-1-bilhao-firmados-dilma.html","Mandetta renovou contratos de publicidade de R$ 1 bilhão firmados no governo Dilma #boato","745"
"1462","https://www.boatos.org/politica/manifestacao-07-09-2023-500-mil-patriotas-juristas-artistas-intervencao-militar.html","Texto que está circulando sobre 7 de setembro de 2023 é de fake news desmentida em 2021","1341"
"1463","https://www.boatos.org/politica/manifestacao-15-de-marco-para-disseminar-coronavirus.html","Manifestação de 15 de março foi criada para disseminar coronavírus entre apoiadores de Bolsonaro #boato","1026"
"1464","https://www.boatos.org/politica/manifestacao-7-de-setembro-tera-intervencao-militar-fim-do-stf-todos-caminhoneiros-parados-por-72-horas.html","Manifestação de 7 de setembro terá intervenção militar, fim do STF e todos caminhoneiros parados por 72 horas #boato","1170"
"1465","https://www.boatos.org/politica/manifestacao-pro-bolsonaro-1o-de-maio-2021-maior-da-historia-admite-globo.html","Manifestação pró-Bolsonaro de 1º de maio de 2021 é a maior da história, admite Globo #boato","807"
"1466","https://www.boatos.org/politica/manifestacao-renan-vagabundo-frente-casa-renan-calheiros-em-alagoas-hoje.html","Manifestação “Renan Vagabundo” ocorre em frente à casa de senador hoje #boato","598"
"1467","https://www.boatos.org/politica/manifestantes-pro-bolsonaro-faixa-somos-todos-hemorroidas.html","Manifestantes pró-Bolsonaro criaram faixa com dizeres “somos todos hemorróidas” #boato","426"
"1468","https://www.boatos.org/politica/marcelo-biar-psol-liderou-campanha-forca-covid-contra-bolsonaro.html","Marcelo Biar, do PSOL, liderou campanha “Força Covid” contra Bolsonaro antes de morrer por coronavírus #boato","682"
"1469","https://www.boatos.org/politica/marcelo-crivella-abrir-escolas-rio-de-janeiro-partir-1o-de-junho.html","Marcelo Crivella vai abrir escolas no Rio de Janeiro a partir de 1º de junho #boato","719"
"1470","https://www.boatos.org/politica/marcelo-queiroga-demitido-ministerio-da-saude.html","Marcelo Queiroga foi demitido do Ministério da Saúde #boato","528"
"1471","https://www.boatos.org/politica/marcelo-rezende-greve-caminhoneiros.html","Marcelo Rezende previu greve dos caminhoneiros em áudio de 2014 #boato","717"
"1472","https://www.boatos.org/politica/marco-aurelio-mello-foto-fidel.html","Ministro Marco Aurélio Mello aparece em foto com Fidel Castro #boato","782"
"1473","https://www.boatos.org/politica/marco-aurelio-mello-stf-pede-afastamento-bolsonaro.html","Marco Aurélio Mello, do STF, pede o afastamento do presidente Jair Bolsonaro #boato","1216"
"1474","https://www.boatos.org/politica/marco-maciel-morreu-77-anos.html","Marco Maciel, ex-vice-presidente da República, morreu aos 77 anos #boato","406"
"1475","https://www.boatos.org/politica/maria-do-rosario-tenta-costurar-mascara-sem-linha.html","Maria do Rosário tenta costurar máscara em máquina sem linha #boato","635"
"1476","https://www.boatos.org/politica/marido-randolfe-rodrigues-paga-aluguel-salario-para-senador.html","Marido de Randolfe Rodrigues paga aluguel e salário de R$ 23 mil para senador #boato","703"
"1477","https://www.boatos.org/politica/marielle-franco-defendendo-bandido.html","Vídeo mostra Marielle Franco defendendo bandido e discutindo com Carlos Jordy #boato","530"
"1478","https://www.boatos.org/politica/marisa-leticia-morte-cerebral.html","Marisa Letícia teve morte cerebral e mídia esconde que ela morreu #boato","706"
"1479","https://www.boatos.org/politica/mascaras-comprovante-vacinacao-eleicoes-2022.html","Uso de máscaras e comprovante de vacinação são obrigatórios para votar nas eleições 2022 #boato","1048"
"1480","https://www.boatos.org/politica/medico-bolsonaro-texto-defesa.html","Médico que operou Bolsonaro publica texto sobre ausência dele em debates #boato","950"
"1481","https://www.boatos.org/politica/medico-giovanni-quintella-bezerra-apoiador-bolsonaro-mostram-perfis-instagram-facebook.html","Médico Giovanni Quintella Bezerra é apoiador de Bolsonaro, mostram perfis no Instagram e Facebook #boato","482"
"1482","https://www.boatos.org/politica/medico-petista-matou-11-pacientes-pesquisa-desacreditar-cloroquina.html","Médico petista matou 11 pacientes em pesquisa para desacreditar a eficácia da cloroquina #boato","1408"
"1483","https://www.boatos.org/politica/medico-revelou-que-cirurgia-de-lula-no-sirio-libanes-foi-falsa.html","Homem que gravou vídeo não é médico e não é verdade que cirurgia de Lula tenha sido uma farsa","842"
"1484","https://www.boatos.org/politica/medicos-santa-casa-agradecem-bolsonaro.html","Médicos da Santa Casa agradecem doação de Bolsonaro, mostram foto e vídeo #boato","1040"
"1485","https://www.boatos.org/politica/medida-provisoria-922-suspensao-aposentadoria-idosos-ruas.html","Medida Provisória 922 prevê suspensão de aposentadoria para idoso que sair na rua #boato","658"
"1486","https://www.boatos.org/politica/mentira-ativista-sininho-e-neta-de-janio-quadros.html","Mentira: ativista Sininho é neta de Jânio Quadros","456"
"1487","https://www.boatos.org/politica/michelle-bolsonaro-professora-fascismo.html","Michelle Bolsonaro é professora doutoranda da USP e fez vídeo sobre fascismo #boato","736"
"1488","https://www.boatos.org/politica/michelle-recebeu-proposta-de-alexandre-de-moraes-para-libertar-bolsonaro-em-reuniao.html","É falso que Alexandre de Moraes fez proposta secreta a Michelle Bolsonaro para libertar Bolsonaro durante reunião","1032"
"1489","https://www.boatos.org/politica/militares-desafiam-witzel-correm-praia-quarentena.html","Militares da reserva desafiam Witzel e correm em praia do Rio de Janeiro durante quarentena #boato","850"
"1490","https://www.boatos.org/politica/ministerio-da-defesa-fez-nota-oficial-cita-nao-foi-encontrado-indicio-de-fraudes-eleicoes-2022.html","Ministério da Defesa fez nota oficial que cita que não foi encontrado indício de fraudes nas eleições de 2022 #boato","849"
"1491","https://www.boatos.org/politica/ministerio-publico-militar-stm-pede-prisao-alexandre-de-moraes.html","Ministério Público Militar do STM pede a prisão de Alexandre de Moraes #boato","519"
"1492","https://www.boatos.org/politica/ministro-da-saude-eduardo-pazuello-filmado-em-aula-de-bale.html","Ministro da Saúde, Eduardo Pazuello, é filmado em aula de balé #boato","388"
"1493","https://www.boatos.org/politica/ministro-educacao-abraham-weintraub-pede-criancas-voltem-aulas.html","Ministro da Educação Abraham Weintraub pede que crianças voltem às aulas nas escolas, mostra vídeo #boato","788"
"1494","https://www.boatos.org/politica/ministro-luiz-fux-visitou-bolsonaro-no-hospital-apos-julgamento-no-stf.html","É falso que Luiz Fux tenha visitado Bolsonaro no hospital depois de julgamento no STF","566"
"1495","https://www.boatos.org/politica/ministro-stf-cancer-pancreas-trocado-bolsonaro.html","Ministro do STF (Dias Toffoli) está com câncer no pâncreas e será trocado por Bolsonaro #boato","847"
"1496","https://www.boatos.org/politica/ministros-do-stf-deixam-rombo-em-itaipu.html","Ministros do STF deixam rombo em Itaipu similar ao rombo da Petrobras #boato","743"
"1497","https://www.boatos.org/politica/miriam-leitao-disse-que-devemos-substituir-suco-de-laranja-natural-por-tang.html","É falso que Miriam Leitão tenha falado sobre substituir suco de laranja por Tang","481"
"1498","https://www.boatos.org/politica/morre-luiz-fernando-pezao-governador-do-rj-boato.html","Morre Luiz Fernando Pezão, governador do RJ #boato","308"
"1499","https://www.boatos.org/politica/morte-cerebral-de-lula-e-confirmada-pelo-hospital-sirio-libanes.html","É falso que morte de Lula tenha sido confirmada pelo Hospital Sírio-Libanês","527"
"1500","https://www.boatos.org/politica/morte-de-jair-bolsonaro-foi-anunciada-em-novembro-de-2025.html","Mensagem cria “checagem” para espalhar notícia falsa de morte de Bolsonaro","544"
"1501","https://www.boatos.org/politica/morte-dona-marisa-farsa-italia.html","Morte de dona Marisa é uma farsa; ela foi fotografada na Itália #boato","756"
"1502","https://www.boatos.org/politica/motoqueiros-brasil-lancam-nota-de-repudio-omar-aziz-em-defesa-bolsonaro.html","Motoqueiros do Brasil lançam nota de repúdio a Omar Aziz e em defesa a Bolsonaro #boato","866"
"1503","https://www.boatos.org/politica/mourao-escreveu-texto-no-estadao-que-comeca-com-nao-vi-nosso-presidente-proibir-nem-obrigar-ninguem-se-vacinar.html","Mourão escreveu texto no Estadão hoje que começa com “não vi nosso presidente proibir nem obrigar ninguém a se vacinar” #boato","1052"
"1504","https://www.boatos.org/politica/mourao-xeque-mate-stf-pedir-intervencao-militar-discurso-2021.html","Mourão pede intervenção militar em discurso de 2021 e dá xeque-mate no STF #boato","758"
"1505","https://www.boatos.org/politica/mp-acaba-pedir-prisao-wilson-witzel-governador-rio-de-janeiro.html","MP acaba de pedir prisão de Wilson Witzel, governador do Rio de Janeiro #boato","520"
"1506","https://www.boatos.org/politica/mst-pt-destruiram-500-casas-populares-seriam-entregues-santa-cruz-do-capibaribe-pernambuco.html","MST e PT destruíram 500 casas populares que seriam entregues em Santa Cruz do Capibaribe, Pernambuco #boato","1259"
"1507","https://www.boatos.org/politica/mulher-arrancou-o-penis-do-marido-por-causa-de-uma-tatuagem-de-bolsonaro.html","É falso que mulher que tenha arrancado pênis do marido por tatuagem de Bolsonaro","811"
"1508","https://www.boatos.org/politica/mulher-assediada-por-pedro-guimaraes-militante-do-psol-cut-ja-esteve-com-haddad.html","Mulher assediada por Pedro Guimarães é militante do PSOL, CUT e já esteve com Haddad #boato","724"
"1509","https://www.boatos.org/politica/mulher-bolsonaro-michelle-foi-presa-trafico-drogas.html","Mulher de Bolsonaro (Michelle) já foi presa por tráfico de drogas #boato","979"
"1510","https://www.boatos.org/politica/mulher-feminista-protesta-nua-aeroporto-de-guargulhos-contra-preco-passagens-de-lula.html","Vídeo que mostra mulher nua em aeroporto não foi gravado no Brasil e nem mostra um protesto","648"
"1511","https://www.boatos.org/politica/mulher-subiu-carrinho-de-supermercado-pediu-aplausos-lula-ter-baixado-preco-carne.html","Não há provas de que mulher tenha subido em um carrinho de supermercado e pedido aplausos por Lula ter “baixado” o preço da carne","881"
"1512","https://www.boatos.org/politica/mulher-video-bolsonaro-nao-e-professora-wal-acai.html","Mulher que aparece em vídeo com Bolsonaro não é professora e é a Wal do Açaí #boato","792"
"1513","https://www.boatos.org/politica/nelson-teich-nao-ser-ministro-saude-pais-presidente-coloca-ignorancia-a-frente-ciencia.html","Nelson Teich diz que não há como ser ministro da Saúde num país em que o presidente coloca a ignorância à frente da ciência #boato","436"
"1514","https://www.boatos.org/politica/nicolas-maduro-cair-venezuela-guerra.html","Nicolás Maduro acaba de cair e Venezuela entra em guerra #boato","603"
"1515","https://www.boatos.org/politica/nikolas-ferreira-passa-mal-durante-caminhada-e-estado-e-grave.html","É falso que Nikolas Ferreira tenha passado mal durante caminhada e estado é grave","669"
"1516","https://www.boatos.org/politica/nikolas-ferreira-pede-doacoes-para-vaquinha-em-prol-de-menina-alice.html","Golpe que pede doações para menina Alice usa vídeo de Nikolas Ferreira dublado por IA","754"
"1517","https://www.boatos.org/politica/nikolas-ferreira-sofre-atentado-de-atirador-em-helicoptero-durante-caminhada.html","É falso que Nikolas Ferreira tenha sofrido atentado de atirador em helicóptero durante caminhada","726"
"1518","https://www.boatos.org/politica/noticia-falsa-familias-de-presos-vao-receber-ate-r-4-159-governo.html","Notícia falsa: Famílias de presos vão receber até R$ 4.159 do governo","680"
"1519","https://www.boatos.org/politica/noticia-falsa-governo-quer-incluir-ritalina-na-merenda-escolar.html","Notícia falsa: Governo quer incluir Ritalina na merenda escolar","527"
"1520","https://www.boatos.org/politica/noticia-falsa-senado-aprova-bolsa-prostituicao-de-r-2-mil-por-mes.html","Senado aprova bolsa-prostituição de R$ 2 mil por mês #boato","580"
"1521","https://www.boatos.org/politica/o-voto-valera-como-prova-de-vida-para-o-inss-em-2024.html","Lei prevê que voto valha como prova de vida, mas integração entre TSE e INSS ainda não foi implementada","875"
"1522","https://www.boatos.org/politica/olavo-de-carvalho-religiao-socialista.html","Olavo de Carvalho disse “subestime a religião socialista, e eles vão arrebentar você” #boato","813"
"1523","https://www.boatos.org/politica/omar-aziz-nao-tomou-vacina-contra-covid-19.html","Omar Aziz não tomou a vacina contra a Covid-19 #boato","930"
"1524","https://www.boatos.org/politica/onyx-lorenzoni-audio-oracao-para-dores-bolsonaro.html","Onyx Lorenzoni pede, em áudio, oração para Bolsonaro curar suas fortes dores no corpo #boato","1003"
"1525","https://www.boatos.org/politica/papa-francisco-caiu-esta-doente.html","Papa Francisco caiu pela segunda vez em um mês por causa de doença #boato","756"
"1526","https://www.boatos.org/politica/paralisacao-rodovias-federais-inicio-7-setembro-duracao-indeterminada.html","Paralisação das rodovias federais terá início 7 de setembro e duração indeterminada #boato","1151"
"1527","https://www.boatos.org/politica/parana-pesquisas-esta-fazendo-pesquisa-eleitoral-para-presidente-em-questionario-no-site-oficial.html","Paraná Pesquisas está fazendo pesquisa eleitoral para presidente em questionário no site oficial #boato","845"
"1528","https://www.boatos.org/politica/paul-krugman-disse-2021-brasil-saiu-muito-bem-crise-contrariou-miriam-leitao.html","Paul Krugman disse, em 2021, que Brasil saiu muito bem da crise e contrariou Miriam Leitão #boato","956"
"1529","https://www.boatos.org/politica/paula-esposa-mourao-curriculo.html","Paula Mourão, esposa do general Mourão, é médica e professora, mostra currículo #boato","841"
"1530","https://www.boatos.org/politica/pazuello-diz-nao-estou-aqui-para-satisfazer-fetiche-de-gazela-randolfe.html","Pazuello diz “não estou aqui para satisfazer fetiche de gazela” para Randolfe #boato","470"
"1531","https://www.boatos.org/politica/pazuello-ganha-passaporte-diplomatico-itamaraty-viaja-para-eua.html","Pazuello ganha passaporte diplomático do Itamaraty e viaja para os EUA #boato","501"
"1532","https://www.boatos.org/politica/pec-da-previdencia-vai-cortar-salarios-de-aposentados-e-mobilizacao-de-policiais-em-brasilia-tenta-evitar.html","PEC da Previdência vai cortar salários de aposentados e mobilização de policiais em Brasília tenta evitar #boato","1261"
"1533","https://www.boatos.org/politica/pedido-intervencao-militar-forcas-armadas-assinado-modesto-carvalhosa-desembargador.html","Pedido de intervenção militar às Forças Armadas é assinado por Modesto Carvalhosa e desembargador #boato","1090"
"1534","https://www.boatos.org/politica/pessoas-maiores-de-60-anos-votar-7h-e-10h-dia-15-11.html","Pessoas maiores de 60 anos só poderão votar entre 7h e 10h no dia 15/11 #boato","1008"
"1535","https://www.boatos.org/politica/pm-sp-ordens-doria-agride-idoso-rua-quarentena.html","PM de SP obedece ordens de Doria e agride idoso que saiu na rua na quarentena #boato","803"
"1536","https://www.boatos.org/politica/policia-federal-apreende-baus-com-bilhoes-de-dolares-no-porto-de-santos-em-2024.html","Mensagem que fala de baús com bilhões de dólares no Porto de Santos é falsa e antiga","481"
"1537","https://www.boatos.org/politica/policia-federal-apreendeu-dinheiro-que-seria-distribuido-para-eleitores-de-lula-no-para-por-helder-barbalho-mostra-foto.html","Polícia Federal apreendeu dinheiro que seria distribuído para eleitores de Lula no Pará por Helder Barbalho #boato","588"
"1538","https://www.boatos.org/politica/policia-federal-baus-porto-santos.html","Polícia Federal descobre baús com bilhões de dólares no Porto de Santos #boato","635"
"1539","https://www.boatos.org/politica/policia-federal-desvenda-sacanagem-vacina-chinesa-brasil.html","Polícia Federal desvenda sacanagem da vacina chinesa Coronavac no Brasil #boato","965"
"1540","https://www.boatos.org/politica/policia-federal-encontra-r-200-milhoes-endereco-bolsonaro.html","Polícia Federal encontra R$ 200 milhões no endereço de Bolsonaro #boato","428"
"1541","https://www.boatos.org/politica/policia-federal-esta-investigando-falsa-facada-bolsonaro-deposito-r-50-mil-conta-adelio.html","Nem facada em Bolsonaro foi falsa tampouco Polícia Federal está realizando investigações sobre R$ 50 mil na conta de Adélio","446"
"1542","https://www.boatos.org/politica/policia-militar-de-sao-paulo-continencia-manifestantes-pro-bolsonaro.html","Polícia Militar de São Paulo presta continência a manifestantes pró-Bolsonaro e contra isolamento #boato","794"
"1543","https://www.boatos.org/politica/policia-prende-militantes-de-lula-iriam-onibus-fortaleza-realizar-saques-supermercados.html","Polícia prende militantes de Lula que iriam de ônibus para Fortaleza realizar saques em supermercados #boato","727"
"1544","https://www.boatos.org/politica/policiais-federais-civis-militares-invadiram-congresso-hoje-descobriram-golpe-contra-bolsonaro.html","Policiais federais, civis e militares invadiram Congresso hoje e descobriram golpe contra Bolsonaro #boato","1225"
"1545","https://www.boatos.org/politica/policial-federal-karina-lino-atingida-por-roberto-jefferson-estava-gravida-e-perdeu-bebe.html","Policial federal Karina Lino, atingida por Roberto Jefferson, estava grávida e perdeu o bebê #boato","547"
"1546","https://www.boatos.org/politica/povo-faz-manifestacao-gigantesca-em-frente-a-hospital-onde-bolsonaro-internado.html","Povo faz manifestação gigantesca em frente a hospital onde Bolsonaro ficou internado #boato","470"
"1547","https://www.boatos.org/politica/preco-gasolina-esta-alto-porque-petrobras-teve-pagar-indenizacao-eua.html","Preço da gasolina está alto porque Petrobras teve que pagar indenização aos EUA #boato","1201"
"1548","https://www.boatos.org/politica/prefeito-bh-alexandre-kalil-e-hostilizado-restaurante-nova-lima-pandemia.html","Prefeito de BH, Alexandre Kalil, é hostilizado em restaurante de Nova Lima durante pandemia #boato","785"
"1549","https://www.boatos.org/politica/prefeito-cuiaba-emanuel-pinheiro-critica-governador-piaui-defende-bolsonaro.html","Prefeito de Cuiabá, Emanuel Pinheiro, critica governador do Piauí e defende Bolsonaro em vídeo #boato","800"
"1550","https://www.boatos.org/politica/prefeito-de-batatais-volta-ao-cargo-apos-ter-alta-do-hospital-psiquiatrico-e-grava-video.html","Vídeo de influencer surtando é atribuído falsamente a prefeito de Batatais que “teve alta”","452"
"1551","https://www.boatos.org/politica/prefeito-de-curitiba-nao-mandou-fechar-nada-zero-mortes.html","Prefeito de Curitiba diz que não mandou fechar nada e, mesmo assim, cidade tem zero mortes #boato","927"
"1552","https://www.boatos.org/politica/prefeito-de-sao-bento-criou-lei-para-cortar-bolsa-familia-de-quem-recusar-emprego.html","É falso que prefeito de São Bento tenha criado lei que corta Bolsa Família de quem recusar emprego","640"
"1553","https://www.boatos.org/politica/prefeito-de-sao-leopoldo-expulsa-defesa-civil-de-sao-sebastiao-sao-paulo-de-resgates-em-enchentes-no-rio-grande-do-sul.html","É falso que prefeito de São Leopoldo tenha expulsado membros da Defesa Civil de São Sebastião (São Paulo) de resgates","1011"
"1554","https://www.boatos.org/politica/prefeito-votuporanga-perde-paciencia-libera-tudo-decreto-xinga-populacao.html","Prefeito de Votuporanga perde a paciência, libera tudo em decreto e xinga a população #boato","785"
"1555","https://www.boatos.org/politica/prefeitura-de-sao-bernardo-do-campo-sp-fechar-comercio-apos-eleicoes-16-11.html","Prefeitura de São Bernardo do Campo (SP) vai fechar comércio após eleições (16/11) #boato","775"
"1556","https://www.boatos.org/politica/prefeitura-joao-pessoa-compra-mesas-de-plastico-superfaturadas-por-r-18-950.html","Prefeitura de João Pessoa compra mesas de plástico superfaturadas por R$ 18.950,00 #boato","764"
"1557","https://www.boatos.org/politica/prefeituras-ganham-8-mil-medicos-ganham-1-mil-por-diagnostico-positivo-covid-19.html","Prefeituras ganham R$ 8 mil e médicos ganham R$ 1 mil por diagnóstico positivo de Covid-19 #boato","1377"
"1558","https://www.boatos.org/politica/presidente-da-drogasil-e-droga-raia-chamou-bolsonaristas-de-golpistas-e-merece-boicote.html","É falso que presidente da Drogasil e Droga Raia chamou bolsonaristas de golpistas","449"
"1559","https://www.boatos.org/politica/presidente-lula-acaba-de-desistir-da-eleicao-2026.html","Fake news aponta que presidente Lula acaba de desistir da eleição 2026","676"
"1560","https://www.boatos.org/politica/profissionais-de-saude-dao-as-costas-bruno-covas.html","Profissionais de saúde dão as costas para Bruno Covas em chegada a hospital, mostra vídeo #boato","556"
"1561","https://www.boatos.org/politica/proprietarios-casas-vazias-brasil-perder-imoveis-ordem-lula.html","Proprietários de casas vazias do Brasil vão perder imóveis por ordem de Lula #boato","483"
"1562","https://www.boatos.org/politica/psol-pede-stf-banheiros-unissex-escolas-obrigatoriedade-ideologia-genero.html","PSOL pede no STF banheiros unissex nas escolas e obrigatoriedade da ideologia de gênero #boato","968"
"1563","https://www.boatos.org/politica/pt-enterrar-caixoes-vazios-golpe-bolsonaro.html","PT manda enterrar caixões vazios para dar golpe em Bolsonaro #boato","544"
"1564","https://www.boatos.org/politica/pt-esta-preocupado-com-lula-ser-internado-ou-desistir-candidatura-por-problemas-saude.html","PT está preocupado com Lula ser internado ou desistir da candidatura por problemas de saúde #boato","911"
"1565","https://www.boatos.org/politica/pt-segundo-lugar-ranking-maiores-organizacoes-criminosas-da-historia.html","PT está em segundo lugar no ranking das maiores organizações criminosas da história #boato","700"
"1566","https://www.boatos.org/politica/radio-band-soltou-bomba-washington-post-doria-china.html","Rádio Band soltou bomba sobre Washington Post, Doria e China #boato","981"
"1567","https://www.boatos.org/politica/ratinho-entrevista-bolsonaro-debate.html","Ratinho vai entrevistar Bolsonaro no dia do debate da Globo, 04/10 #boato","658"
"1568","https://www.boatos.org/politica/raul-castro-ex-presidente-cuba-fugiu-venezuela.html","Raúl Castro, ex-presidente de Cuba, fugiu para a Venezuela #boato","487"
"1569","https://www.boatos.org/politica/reforma-da-previdencia-acabou-seguro-desemprego-pis-licenca-aposentadorias.html","Reforma da Previdência acabou com seguro-desemprego, PIS, licença e aposentadorias #boato","1344"
"1570","https://www.boatos.org/politica/reforma-previdencia-nao-muda-nada-regras.html","Reforma da Previdência não muda nada nas regras de aposentadoria de pobres e mulheres #boato","1742"
"1571","https://www.boatos.org/politica/reforma-previdencia-pensao-deficientes.html","Reforma da Previdência (artigo 28) acaba com pensão de deficientes no caso de morte dos pais #boato","825"
"1572","https://www.boatos.org/politica/regina-souza-aborto-rinite-sinusite.html","Senadora Regina Souza (Célia) defende aborto para criança não nascer com rinite ou sinusite #boato","579"
"1573","https://www.boatos.org/politica/rei-charles-iii-fez-discurso-em-portugues-pedindo-a-soltura-de-bolsonaro-e-criticando-o-stf.html","Vídeo do Rei Charles III pedindo soltura de Bolsonaro em português é deepfake de IA","912"
"1574","https://www.boatos.org/politica/renan-filho-furou-quarentena-festa-trabalho.html","Renan Filho furou a quarentena para participar de festa de 1º de maio (Dia do Trabalho) #boato","534"
"1575","https://www.boatos.org/politica/revista-exame-publicou-fake-news-sobre-vacina-aids-lida-bolsonaro-live.html","Revista Exame publicou fake news sobre vacina e aids lida por Bolsonaro em live #boato","885"
"1576","https://www.boatos.org/politica/ricardo-amorim-grava-audio-pedindo-fim-da-quarentena-apoiando-bolsonaro.html","Ricardo Amorim grava áudio pedindo o fim da quarentena e apoiando Bolsonaro #boato","2148"
"1577","https://www.boatos.org/politica/ricardo-certi-assessor-camilo-santana-audio-verdes-mares-ataques-bolsonaro.html","Ricardo Certi, assessor de Camilo Santana, grava áudio para Sistema Verdes Mares pedindo ataques a Bolsonaro no Ceará #boato","1396"
"1578","https://www.boatos.org/politica/ricardo-salles-envenenado-ecoterrorismo-teve-infarto.html","Ricardo Salles foi envenenado, vítima de ecoterrorismo e sofreu infarto #boato","672"
"1579","https://www.boatos.org/politica/ricardo-salles-envenenado-governadores-teve-internado-2021.html","Ricardo Salles foi envenenado por governadores e teve que ser internado em 2021 #boato","706"
"1580","https://www.boatos.org/politica/ricardo-salles-traduz-texto-que-acusa-ucrania-de-ter-laboratorio-de-armas-quimicas.html","Ricardo Salles traduz texto que acusa Ucrânia de ter laboratório de armas químicas #boato","1445"
"1581","https://www.boatos.org/politica/rodrigo-constantino-acabou-ser-bloqueado-7-dias-facebook-publicou-lista-comunistas.html","Rodrigo Constantino acabou de ser bloqueado por 7 dias no Facebook e publicou lista de comunistas #boato","817"
"1582","https://www.boatos.org/politica/rodrigo-maia-clarissa-garotinho-prefeitura-rio.html","Rodrigo Maia e Clarissa Garotinho lançam candidatura à Prefeitura do Rio de Janeiro em 2020 #boato","701"
"1583","https://www.boatos.org/politica/rodrigo-maia-festa-aniversario-pezao-pandemia.html","Rodrigo Maia participa de festa de aniversário de Luiz Fernando Pezão durante pandemia da Covid-19 #boato","854"
"1584","https://www.boatos.org/politica/rodrigo-maia-foto-abracado-presidente-china-xi-jinping.html","Rodrigo Maia posa para foto abraçado com presidente da China Xi Jinping #boato","728"
"1585","https://www.boatos.org/politica/rodrigo-maia-prisao-bolsonaro-apos-reuniao-secreta-alcolumbre-stf.html","Rodrigo Maia pede prisão de Bolsonaro após reunião secreta com Alcolumbre e STF #boato","796"
"1586","https://www.boatos.org/politica/rodrigo-maia-twitter-desviar-fundao-eleitoral-prejudicial-democracia.html","Rodrigo Maia diz, no Twitter, que desviar dinheiro do fundão eleitoral é prejudicial à democracia #boato","628"
"1587","https://www.boatos.org/politica/romeu-zema-estado-calamidade-minas-gerais-covid.html","Romeu Zema acaba de decretar estado de calamidade em Minas Gerais por causa de Covid-19, mostra vídeo #boato","781"
"1588","https://www.boatos.org/politica/ronaldo-caiado-apanha-populacao-comercio-goias.html","Ronaldo Caiado apanha de população revoltada com fechamento do comércio em Goiás #boato","679"
"1589","https://www.boatos.org/politica/ronaldo-caiado-cercado-povo-goias-rompeu-bolsonaro.html","Ronaldo Caiado é cercado pelo povo de Goiás após anunciar que rompeu com Bolsonaro #boato","688"
"1590","https://www.boatos.org/politica/rui-costa-demitiu-dra-raissa-soares-video-cloroquina.html","Rui Costa demitiu Dra. Raíssa Soares por causa de vídeo sobre cloroquina #boato","894"
"1591","https://www.boatos.org/politica/rui-costa-governador-bahia-prefeita-porto-seguro-invente-200-casos-coronavirus.html","Rui Costa, governador da Bahia, pede que prefeita de Porto Seguro invente 200 casos de coronavírus #boato","653"
"1592","https://www.boatos.org/politica/rui-costa-jacques-wagner-otto-alencar-sao-filmados-forro-durante-pandemia.html","Rui Costa, Jacques Wagner e Otto Alencar são filmados no forró durante pandemia #boato","630"
"1593","https://www.boatos.org/politica/rui-costa-posto-de-saude-bahia-manda-retirar.html","Rui Costa inaugura posto de saúde na Bahia e depois manda retirar equipamentos #boato","708"
"1594","https://www.boatos.org/politica/rui-costa-recebeu-r-370-milhoes-declarou-r-45-milhoes-investiga-policia-federal.html","Rui Costa recebeu R$ 370 milhões e declarou R$ 45 milhões, investiga Polícia Federal #boato","1027"
"1595","https://www.boatos.org/politica/salario-vera-magalhaes-tv-cultura-r-500-mil.html","Salário de Vera Magalhães na TV Cultura é de R$ 500 mil #boato","716"
"1596","https://www.boatos.org/politica/salim-mattar-dono-da-localiza-grava-video-criticando-quarentena-congresso-apoiando-bolsonaro.html","Salim Mattar, dono da Localiza, grava vídeo criticando quarentena, Congresso e apoiando Bolsonaro #boato","741"
"1597","https://www.boatos.org/politica/santinho-dr-jairinho-fechado-com-bolsonaro-defensor-da-familia.html","Santinho de Dr. Jairinho tinha dizeres “fechado com Bolsonaro” e “defensor da família” #boato","766"
"1598","https://www.boatos.org/politica/segredos-de-lula-vazam-e-arrastam-ministros-do-stf-no-caso-banco-master.html","Vídeo que fala que segredos de Lula vazaram e arrastaram ministros do STF no caso Banco Master é fake criado por IA","1217"
"1599","https://www.boatos.org/politica/sergio-moro-ex-ministro-justica-filiado-psdb-ha-21-anos-desde-1999.html","Sérgio Moro, ex-ministro da Justiça, é filiado ao PSDB há 21 anos (desde 1999) #boato","559"
"1600","https://www.boatos.org/politica/sergio-moro-treinado-eua.html","Sérgio Moro foi treinado pela CIA nos EUA para Lava Jato #boato","635"
"1601","https://www.boatos.org/politica/sergio-reis-escreve-carta-para-diario-de-sao-paulo-hoje.html","Sérgio Reis escreve carta para o Diário de São Paulo hoje #boato","1034"
"1602","https://www.boatos.org/politica/sigilo-de-100-anos-cartao-de-vacinacao-bolsonaro-foi-quebrado-revelado-se-vacinou.html","Sigilo de 100 anos no cartão de vacinação de Bolsonaro foi quebrado e foi revelado que ele se vacinou #boato","556"
"1603","https://www.boatos.org/politica/simone-tebet-deixa-o-governo-e-pede-o-impeachment-de-lula.html","É falso que Simone Tebet tenha deixado o governo e pedido o impeachment de Lula","859"
"1604","https://www.boatos.org/politica/simone-tebet-disse-na-cpi-da-covid-que-dinheiro-desviado-por-estados-nao-deveria-ser-investigado.html","Simone Tebet disse na CPI da Covid que dinheiro desviado por estados não deveria ser investigado #boato","666"
"1605","https://www.boatos.org/politica/simone-tebet-esta-com-bens-bloqueados-pela-justica-e-por-isso-nao-quer-investigar-governadores.html","Simone Tebet está com bens bloqueados pela Justiça e por isso não quer investigar governadores #boato","660"
"1606","https://www.boatos.org/politica/spray-nasal-contra-covid-19-interessou-bolsonaro-comeca-ser-vendido-israel.html","Spray nasal contra Covid-19 que interessou Bolsonaro começa a ser vendido em Israel #boato","460"
"1607","https://www.boatos.org/politica/stf-dinheiro-roubado-devolvido-cinco-anos.html","STF decide que dinheiro público roubado não pode ser devolvido após cinco anos #boato","1054"
"1608","https://www.boatos.org/politica/stf-impediu-bolsonaro-combater-pandemia-covid-19-brasil.html","STF impediu Bolsonaro de combater a pandemia da Covid-19 no Brasil #boato","1269"
"1609","https://www.boatos.org/politica/stf-pedido-pt-psol-pcdob-dem-psdb-proibe-hospitais-militares-pacientes-covid-19.html","STF atende pedido de PT, PSOL, PCdoB, DEM e PSDB e proíbe hospitais militares de atenderem pacientes com Covid-19 #boato","850"
"1610","https://www.boatos.org/politica/stf-tse-proibiu-propaganda-ze-gotinha.html","STF (TSE) proibiu a propaganda do Zé Gotinha a favor da vacinação contra poliomielite #boato","715"
"1611","https://www.boatos.org/politica/stm-da-72-horas-para-alexandre-de-moraes-explicar-manipulacoes-tse-nas-eleicoes-2022.html","STM dá 72 horas para Alexandre de Moraes explicar manipulações do TSE nas eleições 2022 #boato","821"
"1612","https://www.boatos.org/politica/tancredo-neves-enviou-mensagem-bolsonaro-psicografia.html","Não há qualquer prova de que Tancredo Neves tenha enviado mensagem psicografada sobre Bolsonaro","897"
"1613","https://www.boatos.org/politica/tcu-abre-caminho-para-prisao-sergio-moro.html","TCU abre caminho para prisão de Sérgio Moro #boato","844"
"1614","https://www.boatos.org/politica/tema-de-dark-horse-filme-sobre-jair-bolsonaro-e-uma-das-musicas-mais-tocadas-dos-eua.html","Nem música criada por IA é o tema do filme Dark Horse sobre Bolsonaro tampouco é uma das músicas mais tocadas nos EUA","992"
"1615","https://www.boatos.org/politica/temer-doenca-mortal-chora.html","Temer tem doença mortal, chora e vai deixar o governo #boato","595"
"1616","https://www.boatos.org/politica/temer-manda-cancelar-bilhoes-cuba.html","Temer manda cancelar bilhões que iriam para Cuba #boato","733"
"1617","https://www.boatos.org/politica/texto-que-fala-de-salario-verba-de-gabinete-auxilio-paleto-auxilio-cultural-e-outros-beneficios-de-deputados-esta-correto.html","Corrente sobre protesto virtual que fala de salário, verba de gabinete, auxílio paletó, auxílio cultural e outros de deputados distorce valores e benefícios de parlamentares","724"
"1618","https://www.boatos.org/politica/the-new-york-times-concorda-com-bolsonaro-presidente-certo-coronavirus.html","The New York Times concorda com Bolsonaro e diz que presidente está certo sobre coronavírus #boato","1166"
"1619","https://www.boatos.org/politica/toffoli-maia-alcolumbre-quarentena-pacto-derrubar-bolsonaro.html","Toffoli, Maia e Alcolumbre criaram a quarentena em um pacto para derrubar Bolsonaro #boato","1402"
"1620","https://www.boatos.org/politica/tornozeleira-de-bolsonaro-esta-envenenada.html","Teoria que aponta que tornozeleira de Bolsonaro está envenenada é falsa e sem cabimento","885"
"1621","https://www.boatos.org/politica/tornozeleira-de-bolsonaro-foi-envenenada-com-cesio-137.html","É falso que tornozeleira “envenenou” Bolsonaro com Césio 137","620"
"1622","https://www.boatos.org/politica/troca-cedulas-50-100-reais-aprovada-sera-implementada-bolsonaro.html","Troca de cédulas de 50 e 100 reais é aprovada e será implementada por Bolsonaro #boato","893"
"1623","https://www.boatos.org/politica/trump-anunciou-a-volta-da-lei-magnitsky-para-alexandre-de-moraes.html","É falso que Trump anunciou retorno de sanções da Lei Magnitsky contra Alexandre de Moraes por suposta tortura a Bolsonaro","690"
"1624","https://www.boatos.org/politica/trump-enviou-agentes-ao-hospital-de-bolsonaro-e-falou-ao-telefone-com-ele.html","Fake news que fala de visita de agentes de Trump a Bolsonaro e conversa por telefone no hospital viraliza nas redes","907"
"1625","https://www.boatos.org/politica/trump-ligou-para-bolsonaro-apos-internacao-e-ofereceu-jato-para-ele-fazer-tratamento-nos-eua.html","É falso que Trump ligou para Bolsonaro e ofereceu jato particular para ele se tratar nos EUA","703"
"1626","https://www.boatos.org/politica/trump-proibiu-janja-de-sair-do-hotel-e-fazer-compras-em-nova-york.html","É falso que Janja foi proibida por Trump de sair de hotel e fazer compras nos EUA","587"
"1627","https://www.boatos.org/politica/tse-esta-cancelando-titulo-eleitor-pessoas-com-mais-de-70-anos.html","TSE está cancelando título de eleitor de idosos com mais de 70 anos #boato","900"
"1628","https://www.boatos.org/politica/usaid-alterou-resultado-das-eleicoes-e-e-o-responsavel-pela-derrota-de-bolsonaro-em-2022.html","Acusações que ligam derrota de Bolsonaro ao Usaid não têm comprovação e nem lógica","568"
"1629","https://www.boatos.org/politica/usuarios-de-drogas-podem-ter-10-de-vagas-em-concurso-diz-informacao-falsa.html","Usuários de drogas podem ter 10% de vagas em concurso, diz informação falsa","424"
"1630","https://www.boatos.org/politica/vacina-brasileira-covid-19-mantida-segredo-bolsonaro-pazuello-fiocruz.html","Vacina brasileira contra Covid-19 foi mantida em segredo por Bolsonaro, Pazuello e Fiocruz #boato","900"
"1631","https://www.boatos.org/politica/veja-lancada-ontem-mostra-riquezas-de-lulinha-deixa-lula-desesperado.html","Veja lançada ontem mostra riquezas de Lulinha e deixa Lula desesperado #boato","1056"
"1632","https://www.boatos.org/politica/vera-magalhaes-recebe-r-500-mil-mes-doria-tv-cultura-bolsonaro.html","Vera Magalhães recebe R$ 500 mil por mês de Doria (TV Cultura) para falar mal de Bolsonaro #boato","598"
"1633","https://www.boatos.org/politica/video-bolsonaro-convocando-para-manifestacoes-15-de-marco-2015.html","Vídeo de Bolsonaro convocando para manifestações de 15 de março é de 2015 #boato","700"
"1634","https://www.boatos.org/politica/video-de-lula-caminhando-em-hospital-e-falso-e-antigo.html","Teoria que aponta que vídeo de Lula caminhando é falso não procede","634"
"1635","https://www.boatos.org/politica/video-mostra-esposa-omar-aziz-sendo-presa-aviao.html","Vídeo mostra esposa de Omar Aziz sendo presa em avião #boato","652"
"1636","https://www.boatos.org/politica/video-mostra-festa-do-trafico-no-vidigal-para-comemorar-chegada-de-flavio-dino-ao-stf.html","Vídeo não mostra festa do tráfico no Vidigal (RJ) para comemorar a nomeação de Flávio Dino ao STF","724"
"1637","https://www.boatos.org/politica/video-mostra-nicolas-maduro-e-celso-amorim-se-abracando-na-venezuela.html","Vídeo que mostraria Celso Amorim e Nicolás Maduro se abraçando é fruto de criação com IA","581"
"1638","https://www.boatos.org/politica/video-mostra-ponte-lotada-durante-motociata-chapeco-sc.html","Vídeo mostra ponte lotada durante motociata em Chapecó (SC) #boato","673"
"1639","https://www.boatos.org/politica/video-nao-mostra-jair-bolsonaro-deixando-hospital-apos-receber-alta-em-abril-de-2025.html","Vídeo não mostra Jair Bolsonaro deixando hospital após receber alta em abril de 2025","501"
"1640","https://www.boatos.org/politica/vladimir-putin-parkinson-deixar-governo.html","Vladimir Putin está com mal de Parkinson e vai deixar governo da Rússia #boato","772"
"1641","https://www.boatos.org/politica/voto-parcial-presidente-branco-anulado.html","Voto parcial: quem votar só para presidente e branco nos outros candidatos terá voto anulado #boato","763"
"1642","https://www.boatos.org/politica/voto-parcial-so-para-presidente-sera-considerado-anulado-nas-eleicoes-2022.html","Voto parcial (só para presidente) será considerado anulado nas eleições 2022 #boato","761"
"1643","https://www.boatos.org/politica/wall-street-journal-publicou-editorial-lula-desastre-anunciado.html","É falso que o Wall Street Journal tenha publicado editorial “Lula: desastre anunciado”","1211"
"1644","https://www.boatos.org/politica/walter-braga-netto-chefe-casa-civil-audio-sobre-povo-intervencao-militar.html","Walter Braga Netto, chefe da Casa Civil, grava áudio sobre papel do povo na intervenção militar #boato","946"
"1645","https://www.boatos.org/politica/washington-post-destaca-motociata-bolsonaro-maior-tour-de-moto-capa.html","Washington Post destaca motociata de Bolsonaro como “maior tour de moto” em capa #boato","592"
"1646","https://www.boatos.org/politica/zanin-chorou-em-reuniao-e-apoiou-anistia-ampla-no-congresso.html","É falso que Zanin tenha chorado, apoiado anistia e dito que STF está fora de controle","688"
"1647","https://www.boatos.org/politica/zema-anuncia-em-2021-lockdown-todas-cidades-minas-gerais-fechamento-fronteiras.html","Zema anuncia, em 2021, lockdown em todas cidades de Minas Gerais e fechamento de fronteiras #boato","737"
"1648","https://www.boatos.org/religiao/31-de-outubro-de-2023-marcar-fim-do-mundo-arrebatamento.html","Declaração sobre “fim do mundo” e “arrebatamento” em 31 de outubro não procede e não foi sequer feita em 2023","758"
"1649","https://www.boatos.org/religiao/7-boatos-sobre-sinais-da-volta-de-jesus.html","7 boatos sobre sinais da volta de Jesus Cristo que circulam na web","1214"
"1650","https://www.boatos.org/religiao/alcool-gel-ungido-coronavirus-r500-universal.html","Álcool gel ungido contra o coronavírus é vendido por R$ 500 pela Universal #boato","695"
"1651","https://www.boatos.org/religiao/antonio-fagundes-e-drauzio-varella-falam-sobre-oracao-milagrosa-de-frei-gilson-no-fantastico.html","É falso que Antônio Fagundes e Drauzio Varella deram depoimento ao Fantástico sobre milagre de Frei Gilson","1155"
"1652","https://www.boatos.org/religiao/aviao-cai-honduras-missionarios-cristaos-sobrevivem-queda.html","Avião cai em Honduras e missionários cristãos sobrevivem à queda #boato","583"
"1653","https://www.boatos.org/religiao/bebe-nasce-morto-ressuscita-oracao-da-mae.html","Bebê nasce morto em Feira de Santana (BA), mas ressuscita após oração da mãe #boato","908"
"1654","https://www.boatos.org/religiao/bebe-nasceu-com-apenas-um-olho-e-anunciou-o-fim-do-mundo-boato.html","Bebê com um olho só anuncia o fim do mundo #boato","483"
"1655","https://www.boatos.org/religiao/bispo-bruno-leonardo-morreu-apos-culto-em-salvador-ba.html","É falso que bispo Bruno Leonardo tenha morrido após culto em Salvador","726"
"1656","https://www.boatos.org/religiao/bolivia-proibe-pessoas-falem-nome-jesus-video.html","Bolívia proíbe que pessoas falem em nome de Jesus no país, mostra vídeo #boato","940"
"1657","https://www.boatos.org/religiao/boneca-reborn-matou-idosa-no-japao-em-ritual-demoniaco.html","História de boneca reborn assassina no Japão é invenção feita com IA","932"
"1658","https://www.boatos.org/religiao/cantora-gospel-fabiana-anastacio-audio-covid-19-hospital.html","Cantora gospel Fabiana Anastácio gravou áudio alertando sobre Covid-19 no hospital #boato","983"
"1659","https://www.boatos.org/religiao/carta-psicografada-alex-bardonnie-data-fim-pandemia-coronavirus.html","Carta psicografada de Alex Bardonnie revela data do fim da pandemia do coronavírus #boato","1395"
"1660","https://www.boatos.org/religiao/centro-tupyara-vacina-espiritual-coronavirus.html","Centro Tupyara está aplicando vacina espiritual contra o novo coronavírus #boato","647"
"1661","https://www.boatos.org/religiao/chico-xavier-compos-musica-o-homem-doou-roberto-carlos.html","Chico Xavier compôs a música “O Homem” e doou a Roberto Carlos #boato","706"
"1662","https://www.boatos.org/religiao/chico-xavier-previu-pandemia-coronavirus-mensagem-desencarnes-coletivos-nova-era.html","Chico Xavier previu pandemia do coronavírus em mensagem sobre desencarnes coletivos e nova era #boato","777"
"1663","https://www.boatos.org/religiao/clube-do-olho-roxo-em-figuras-publicas-envolve-olho-de-horus-e-ocultismo.html","Teoria que fala sobre Clube do Olho Roxo em figuras públicas, olho de Hórus e ocultismo não se sustenta","1000"
"1664","https://www.boatos.org/religiao/coca-cola-abril-loucura.html","Coca-Cola fabricada em abril é do diabo e tem o espírito da loucura #boato","1496"
"1665","https://www.boatos.org/religiao/crianca-nasce-morta-ressuscita-louvor-cristao.html","Criança nasce morta, mas ressuscita após mãe cantar louvor cristão, mostra vídeo #boato","645"
"1666","https://www.boatos.org/religiao/desafio-princesas-cancer-ritual-bruxas.html","Desafio das princesas da Disney contra o câncer é um ritual de bruxas #boato","1097"
"1667","https://www.boatos.org/religiao/divaldo-franco-divulga-mensagem-urgente-diz-brasil-corre-risco.html","Divaldo Franco divulga mensagem urgente e diz que Brasil corre risco #boato","889"
"1668","https://www.boatos.org/religiao/divaldo-franco-escreve-mensagem-urgente-em-que-diz-brasil-corre-risco-por-causa-onda-negativa.html","Divaldo Franco escreve mensagem urgente em que diz que Brasil corre risco por causa de “onda negativa” #boato","864"
"1669","https://www.boatos.org/religiao/fabio-de-melo-se-declara-para-homem-e-esta-namorando.html","Fábio de Melo se declara para homem e está namorando #boato","653"
"1670","https://www.boatos.org/religiao/fabio-de-melo-texto-caminhoneiros.html","Padre Fábio de Melo faz texto sobre caminhoneiros e diz que amanhã não terá combustível #boato","535"
"1671","https://www.boatos.org/religiao/flordelis-gravou-video-cantando-na-prisao-sem-cabelo-e-debilitada.html","Pessoa que cantou louvor com a aparência debilitada não é Flordelis","361"
"1672","https://www.boatos.org/religiao/freira-verdade-denunciar-vacinas-plano-papa-bill-gates-exterminar-populacao.html","Freira fala a verdade ao denunciar que vacinas são um plano do papa e Bill Gates para exterminar população #boato","826"
"1673","https://www.boatos.org/religiao/georg-ganswein-bento-xvi-muito-doente-nao-consegue-mais-andar.html","Georg Ganswein afirma que Bento XVI está muito doente e não consegue mais andar #boato","575"
"1674","https://www.boatos.org/religiao/governo-pernambuco-proibe-transmissao-missas-cultos-religiosos-online.html","Governo de Pernambuco proíbe transmissão de missas e cultos religiosos online #boato","628"
"1675","https://www.boatos.org/religiao/grimorio-secreto-de-sao-bento-acaba-com-dividas-cura-doencas-e-foi-recomendado-por-frei-gilson-e-reginaldo-manzotti.html","Golpe cita que Grimório Secreto de São Bento acaba com dívidas, cura doenças e foi recomendado por Frei Gilson e Reginaldo Manzotti","659"
"1676","https://www.boatos.org/religiao/historias-falsas-milagres-internet.html","7 histórias falsas de “milagres” que aparecem na internet","752"
"1677","https://www.boatos.org/religiao/hoax-menina-nasce-com-maos-coladas-anuncia-volta-de-jesus-e-morre.html","Menina nasce com as mãos coladas, anuncia volta de Jesus e morre #boato","411"
"1678","https://www.boatos.org/religiao/hostia-sangra-flutua-mt.html","Hóstia sangra, flutua e mostra rosto de Jesus em missa no MT #boato","501"
"1679","https://www.boatos.org/religiao/irmao-lazaro-canta-ultimo-louvor-enfermeira-antes-ser-intubado-video.html","Irmão Lázaro canta último louvor com enfermeira antes de ser intubado, mostra vídeo #boato","574"
"1680","https://www.boatos.org/religiao/irmao-lazaro-disse-so-pega-covid-19-quem-do-diabo.html","Irmão Lázaro disse que “só pega Covid-19 quem é do diabo” #boato","628"
"1681","https://www.boatos.org/religiao/irmao-lazaro-esta-vivo-homem-revela-em-video-ele-nao-morreu.html","Irmão Lázaro está vivo: homem revela, em vídeo, que ele não morreu #boato","632"
"1682","https://www.boatos.org/religiao/isadora-damasio-11-anos-internada-tromboflebite-pede-oracoes-grupo.html","Isadora de 11 anos está internada por causa de tromboflebite e pede orações no grupo #boato","506"
"1683","https://www.boatos.org/religiao/jovem-adventista-video-pregacao-antes-de-morrer-covid-19.html","Jovem da Adventista de São José do Rio Preto (SP) gravou vídeo com pregação dias antes de morrer de Covid-19 #boato","747"
"1684","https://www.boatos.org/religiao/jovem-morte-cerebral-ressuscita.html","Jovem com morte cerebral ressuscita após oração de familiares #boato","566"
"1685","https://www.boatos.org/religiao/lacta-e-do-diabo-porque-tem-bombom-chamado-feiticaria.html","Lacta é do diabo porque tem um bombom chamado Feitiçaria #boato","964"
"1686","https://www.boatos.org/religiao/mascaras-china-numero-666-marca-besta-brasil.html","Máscaras da China estão vindo com o número 666 (marca da besta) para o Brasil #boato","650"
"1687","https://www.boatos.org/religiao/ministerio-publico-quer-laicizar-e-acabar-com-a-rede-cancao-nova.html","Ministério Público nega que visa laicizar e acabar com rede Canção Nova","834"
"1688","https://www.boatos.org/religiao/missionarias-cristas-afeganistao-foram-colocadas-sacos-plasticos-praca-publica.html","Missionárias cristãs no Afeganistão foram colocadas em sacos plásticos em praça pública #boato","676"
"1689","https://www.boatos.org/religiao/monja-coen-esta-sintomas-de-covid-19-plataforma-missao-covid.html","Monja Coen está com sintomas de Covid-19 e foi atendida na plataforma Missão Covid #boato","580"
"1690","https://www.boatos.org/religiao/morre-carbonizado-homem-representou-demonio-arrastando-jesus-carnaval.html","Morre carbonizado homem que representou demônio arrastando Jesus no carnaval #boato","634"
"1691","https://www.boatos.org/religiao/motoqueiro-acidente-profecia-valparaiso.html","Motoqueiro sofre acidente, faz profecia e morre em Valparaíso (GO) #boato","664"
"1692","https://www.boatos.org/religiao/o-papa-francisco-morreu-e-foi-substituido-por-um-ator.html","Alegação de que papa Francisco foi substituído por ator é falsa e bizarra","720"
"1693","https://www.boatos.org/religiao/onu-se-declara-inimiga-igreja-crista-diz-que-criara-religiao-mundial-onuismo.html","ONU se declara inimiga da igreja cristã e diz que criará a religião mundial Onuísmo #boato","798"
"1694","https://www.boatos.org/religiao/oracao-de-salomao-do-padre-antonio-de-assis-e-milagrosa-e-vale-o-investimento.html","Golpe usa nome de padre Antônio de Assis e “oração de Salomão” para enganar fiéis","1016"
"1695","https://www.boatos.org/religiao/padre-fabio-de-melo-escreve-texto-pedido-oracao-para-proximas-24-horas.html","Padre Fábio de Melo escreve texto com pedido de oração para as próximas 24 horas #boato","956"
"1696","https://www.boatos.org/religiao/padre-fabio-de-melo-esta-com-depressao-porque-quer-sair-do-armario.html","Fala que relaciona depressão do padre Fábio de Melo à “armário” é absurda e desrespeitosa","577"
"1697","https://www.boatos.org/religiao/padre-fabio-de-melo-esta-pedindo-doacoes-para-a-menina-clara.html","Campanha falsa para menina Clara usa nome de padre Fábio de Melo para pedir doações","1114"
"1698","https://www.boatos.org/religiao/padre-fabio-de-melo-morreu-aos-61-anos-de-idade-em-2025.html","Morte de homônimo faz fake news sobre padre Fábio de Melo se espalhar na internet","485"
"1699","https://www.boatos.org/religiao/padre-fabio-de-melo-se-curou-da-catarata-com-remedio-vision-letina-e-anunciou-em-redes-sociais.html","Padre Fábio de Melo não teve catarata e não recomendou remédio Vision Letina","780"
"1700","https://www.boatos.org/religiao/padre-fabio-de-melo-texto-nao-estamos-no-mesmo-barco.html","Padre Fábio de Melo diz, em texto, que não estamos no mesmo barco e defende fim da quarentena #boato","939"
"1701","https://www.boatos.org/religiao/padre-julio-lancelotti-esta-pedindo-doacoes-para-bebe-davi-que-tem-doenca-que-deixa-a-barriga-grande.html","Golpe usa nome de Padre Júlio para arrecadar dinheiro com bebê Davi, que tem doença que deixa barriga grande","1451"
"1702","https://www.boatos.org/religiao/padre-manzotti-leu-testamento-secreto-do-papa-francisco.html","Circula vídeo falso sobre testamento do papa lido por Padre Manzotti","585"
"1703","https://www.boatos.org/religiao/padre-marcelo-rossi-divulgou-oracao-milagrosa-em-site-da-quaresma-do-padre-pio.html","Golpe usa nome de Padre Marcelo Rossi em falsa “oração milagrosa” vendida por site que cita Quaresma do Padre Pio","721"
"1704","https://www.boatos.org/religiao/padre-patrick-pede-doacoes-para-vaquinha-de-menina-que-esta-doente.html","Golpe de vaquinha falsa usa vídeo de Padre Patrick dublado por IA","728"
"1705","https://www.boatos.org/religiao/padres-de-aparecida-redentoristas-surto-covid-19-semana-santa.html","Padres de Aparecida (redentoristas) passam por surto de Covid-19 após Semana Santa #boato","711"
"1706","https://www.boatos.org/religiao/papa-francisco-alertando-revelacao-guerra-hamas-israel.html","Texto que fala que papa Francisco teve revelação sobre guerra entre Hamas e Israel é antigo e já foi desmentido","730"
"1707","https://www.boatos.org/religiao/papa-francisco-amarre-pano-branco-macaneta-porta-esta-noite.html","Papa Francisco pede que você amarre um pano branco na maçaneta da porta esta noite #boato","670"
"1708","https://www.boatos.org/religiao/papa-francisco-convoca-urgencia-bencao-praca-sao-pedro.html","Papa Francisco convoca a todos com urgência para benção na Praça São Pedro #boato","556"
"1709","https://www.boatos.org/religiao/papa-francisco-disse-comam-o-que-quiserem-na-pascoa-e-liberou-jejum.html","Fala atribuída ao Papa Francisco sobre jejum e carne na Páscoa é falsa e voltou a circular em 2025","693"
"1710","https://www.boatos.org/religiao/papa-francisco-disse-comam-o-que-quiserem-na-pascoa-o-sacrificio-nao-esta-no-estomago-mas-no-coracao.html","É falso que o papa Francisco tenha dito “comam o que quiserem na Páscoa” sobre jejum na Quaresma","578"
"1711","https://www.boatos.org/religiao/papa-francisco-diz-alcoolatras-autistas-pessoas-deficiencia-sacrificados.html","Papa Francisco diz que alcoólatras, autistas e pessoas com deficiência devem ser sacrificados #boato","513"
"1712","https://www.boatos.org/religiao/papa-francisco-diz-estupradores-criancas-povo-escolhido-deus.html","Papa Francisco diz que estupradores de crianças são o povo escolhido por Deus #boato","644"
"1713","https://www.boatos.org/religiao/papa-francisco-diz-jesus-satanas-promete-inaugurar-religiao-mundial.html","Papa Francisco diz que Jesus é Satanás e promete inaugurar “religião mundial” #boato","530"
"1714","https://www.boatos.org/religiao/papa-francisco-diz-que-familia-e-lugar-de-perdao-em-discurso-de-2024.html","Fake news de discurso de papa Francisco sobre família voltou a circular em 2024","459"
"1715","https://www.boatos.org/religiao/papa-francisco-diz-que-pedofilos-terao-um-lugar-no-ceu.html","Papa Francisco diz que pedófilos terão um lugar no céu #boato","710"
"1716","https://www.boatos.org/religiao/papa-francisco-enviou-carta-a-padre-reginaldo-manzotti-e-ao-frei-gilson-antes-de-morrer.html","É falso que o papa Francisco tenha enviado uma carta para o padre Reginaldo Manzotti e ao frei Gilson antes de morrer","946"
"1717","https://www.boatos.org/religiao/papa-francisco-enviou-carta-para-bolsonaro-antes-de-morrer.html","É falso que o papa Francisco tenha enviado uma carta para Bolsonaro antes de morrer","490"
"1718","https://www.boatos.org/religiao/papa-francisco-estou-vacinado-com-sangue-cristo-oracao.html","Papa Francisco disse “estou vacinado com sangue de Cristo” em oração #boato","515"
"1719","https://www.boatos.org/religiao/papa-francisco-familia-lugar-de-perdao-nao-existe-familia-perfeita.html","Papa Francisco disse que “família é lugar de perdão” e que não existe família perfeita #boato","795"
"1720","https://www.boatos.org/religiao/papa-francisco-foi-preso-acusacao-trafico-criancas-fraudes.html","Papa Francisco foi preso sob acusação de tráfico de crianças e fraudes #boato","769"
"1721","https://www.boatos.org/religiao/papa-francisco-jesus-pecou-deus-barbaro.html","Papa Francisco disse que Jesus pecou e que Deus é um bárbaro #boato","1020"
"1722","https://www.boatos.org/religiao/papa-francisco-morreu-e-vaticano-vai-anunciar-so-em-marco-de-2025.html","É falso que o papa Francisco já tenha morrido em fevereiro de 2025 e estão escondendo tudo","578"
"1723","https://www.boatos.org/religiao/papa-francisco-paredes-hospitais.html","Papa diz que paredes de hospitais já ouviram preces mais honestas do que igrejas #boato","527"
"1724","https://www.boatos.org/religiao/papa-francisco-sugere-15-acoes-para-lugar-jejum-carne-quaresma.html","Papa Francisco sugere 15 ações para o lugar do jejum de carne na Quaresma #boato","853"
"1725","https://www.boatos.org/religiao/papa-leao-xiv-disse-que-estava-zangado-com-deus-e-que-ele-sussurra-na-dor.html","Texto com trecho “eu também estava zangado com Deus” não é do Papa Leão XIV","794"
"1726","https://www.boatos.org/religiao/papa-morte-marisa-missa.html","Papa diz que quem desejou morte de Marisa não precisa mais ir na missa #boato","484"
"1727","https://www.boatos.org/religiao/pastor-adelio-vende-mascara-invisivel-r300.html","Pastor Adélio vende máscara invisível por R$ 300, mostra vídeo #boato","638"
"1728","https://www.boatos.org/religiao/pastor-deive-leonardo-e-reginaldo-manzotti-pediram-doacao-para-menina-alice.html","Golpistas usam vídeos falsos de Deive Leonardo e Reginaldo Manzotti para promover vaquinha falsa de menina Alice","1508"
"1729","https://www.boatos.org/religiao/pastor-gerson-de-macedo-fez-profecia-em-audio-antes-de-morrer.html","Pastor Gerson de Macedo (do Maranhão) fez profecia sobre a humanidade em áudio antes de morrer #boato","789"
"1730","https://www.boatos.org/religiao/pastor-italia-reabre-igreja-fotos-de-fieis-morreram-covid-19.html","Pastor na Itália reabre igreja com fotos de fiéis que morreram de Covid-19 #boato","524"
"1731","https://www.boatos.org/religiao/pastor-mirim-miguel-oliveira-morreu-apos-ser-agredido-com-um-soco.html","Vídeo com Luiz Bacci sobre morte de Pastor Mirim Miguel Oliveira é fake criado por IA","757"
"1732","https://www.boatos.org/religiao/pastor-sergio-von-helder-que-chutou-santa-nao-virou-catolico.html","Pastor Sérgio Von Helder, que chutou santa, não virou católico","428"
"1733","https://www.boatos.org/religiao/pastor-valdemiro-santiago-pegou-coronavirus-e-continuou-pregando.html","Pastor Valdemiro Santiago afirma que contraiu coronavírus e continuou pregando #boato","769"
"1734","https://www.boatos.org/religiao/pastor-vende-balao-com-ar-profetico-ungido-por-r-500.html","Pastor vende balão com ar profético e ungido por R$ 500 #boato","677"
"1735","https://www.boatos.org/religiao/pastora-quebrou-santa-parada-cardiaca.html","Pastora que quebrou imagem de santa sofre parada cardíaca #boato","422"
"1736","https://www.boatos.org/religiao/policia-rio-mata-bandido-enquanto-cristaos-faziam-oracoes-monte.html","Polícia mata bandido enquanto cristãos faziam orações no monte #boato","697"
"1737","https://www.boatos.org/religiao/projeto-de-lei-4257-2018-proibe-pregacoes-ou-que-se-fale-em-nome-de-deus.html","Projeto de Lei 4257/2018 proíbe pregações ou que se fale em nome de Deus #boato","821"
"1738","https://www.boatos.org/religiao/rio-nilo-vermelho-2023-por-causa-profecia-biblica.html","Não há provas que “rio com água vermelha” seja o Nilo e é falso que fenômeno prove “profecia bíblica”","838"
"1739","https://www.boatos.org/religiao/robert-prevost-papa-leao-xiv-recusou-harvard-em-1975.html","História sobre Robert Prevost (Papa Leão XIV) recusar Harvard em 1975 não procede","1130"
"1740","https://www.boatos.org/religiao/rr-soares-morreu-hoje-complicacoes-da-covid-19.html","RR Soares morreu hoje por complicações da Covid-19 #boato","433"
"1741","https://www.boatos.org/religiao/taliba-mata-homens-fuzilados-afeganistao.html","Talibã mata diversos homens fuzilados no Afeganistão em 2021, mostra vídeo #boato","452"
"1742","https://www.boatos.org/religiao/tancredo-neves-disse-nem-deus-me-tira-da-presidencia-pouco-antes-morrer.html","Tancredo Neves disse “nem Deus me tira da Presidência” pouco antes de morrer #boato","657"
"1743","https://www.boatos.org/religiao/tatuagem-quantica-feita-de-luciferase-sera-a-nova-marca-da-besta.html","Tatuagem quântica não existe e não é feita de luciferase","1020"
"1744","https://www.boatos.org/religiao/teologo-leonardo-boff-morre-aos-83-anos-boato.html","Teólogo Leonardo Boff morre aos 83 anos #boato","426"
"1745","https://www.boatos.org/religiao/texto-definicao-de-hospital-e-de-autoria-do-papa-francisco.html","Texto “Definição de Hospital”, sobre orações e fé, não é de autoria do papa Francisco","677"
"1746","https://www.boatos.org/religiao/vacina-espiritual-contra-covid-19-aplicada-casa-de-caridade-maria-de-nazare.html","Vacina espiritual contra Covid-19 será aplicada pela Casa de Caridade Maria de Nazaré #boato","643"
"1747","https://www.boatos.org/religiao/vaticano-confirma-papa-francisco-coronavirus.html","Vaticano confirma que papa Francisco está com coronavírus #boato","605"
"1748","https://www.boatos.org/religiao/zibia-gasparetto-morreu-sp.html","Zíbia Gasparetto, escritora espiritualista, morreu aos 91 anos em São Paulo #boato","689"
"1749","https://www.boatos.org/saude/10-mil-obitos-causa-vacina-caraguatatuba.html","É falso que 10 mil pessoas morreram por causa da vacina contra Covid-19 em Caraguatatuba","433"
"1750","https://www.boatos.org/saude/11-fake-news-ordens-absurdas-evitar-doencas.html","11 fake news com ordens absurdas para evitar doenças que viralizaram nos últimos dias","532"
"1751","https://www.boatos.org/saude/1322-morreram-de-avc-e-infarto-por-causa-da-vacina-bivalente-em-campina-grande-pb.html","1322 morreram de AVC e infarto por causa da vacina bivalente em Campina Grande (PB) #boato","722"
"1752","https://www.boatos.org/saude/26-pessoas-morreram-causa-vacinas-contra-covid-19-nas-ultimas-24-horas.html","26 pessoas morreram por causa de vacinas contra Covid-19 nas últimas 24 horas, diz Anvisa #boato","798"
"1753","https://www.boatos.org/saude/30-dos-vacinados-morrerao-dentro-tres-meses.html","30% dos vacinados morrerão dentro de três meses #boato","748"
"1754","https://www.boatos.org/saude/5-criancas-morreram-apos-comer-macarrao-instantaneo-no-brasil.html","É falso que 5 crianças morreram após comer macarrão instantâneo no Brasil","813"
"1755","https://www.boatos.org/saude/5-fake-news-sobre-a-vacina-que-previne-o-hpv.html","5 fake news sobre a vacina que previne o HPV","1507"
"1756","https://www.boatos.org/saude/501-pessoas-morreram-apos-tomar-vacina-contra-covid-19-brasil.html","501 pessoas morreram após tomar vacina contra Covid-19 no Brasil #boato","691"
"1757","https://www.boatos.org/saude/52-cidades-zero-casos-morte-covid-19-gracas-ivermectina-hidroxicloroquina-tratamento-precoce-boato.html","52 cidades tem zero casos de morte por Covid-19 graças a ivermectina, hidroxicloroquina e tratamento precoce #boato","898"
"1758","https://www.boatos.org/saude/6-das-mortes-de-coronavirus-foram-por-covid-pesquisa.html","Apenas 6% das mortes de pessoas com coronavírus foram, de fato, por Covid-19, mostra pesquisa #boato","813"
"1759","https://www.boatos.org/saude/60-criancas-estao-passando-mal-na-paraiba-apos-serem-vacinadas-contra-covid-19.html","60 crianças estão passando mal na Paraíba após serem vacinadas contra Covid-19 #boato","769"
"1760","https://www.boatos.org/saude/60-mil-cientistas-pedem-o-fim-da-vacinacao-em-documento-que-esta-certo-sobre-a-pandemia.html","60 mil cientistas pedem o fim da vacinação em documento que está certo sobre a pandemia #boato","1099"
"1761","https://www.boatos.org/saude/7-boatos-consumo-de-carne-peixe-e-frango.html","7 boatos relacionados ao consumo de carne, peixe e frango","1289"
"1762","https://www.boatos.org/saude/7-boatos-febre-amarela.html","7 boatos sobre a febre amarela que sempre enganam os menos informados","933"
"1763","https://www.boatos.org/saude/7-boatos-outubro-rosa-cancer-mamografias.html","7 boatos sobre Outubro Rosa, câncer de mama e mamografias","1430"
"1764","https://www.boatos.org/saude/7-boatos-sobre-o-jogo-baleia-azul.html","7 boatos que circulam na internet sobre o jogo Baleia Azul","1402"
"1765","https://www.boatos.org/saude/7-boatos-sobre-zika-dengue-microcefalia-e-aedes-aegypti.html","7 boatos sobre Zika, dengue, microcefalia e aedes aegypti","663"
"1766","https://www.boatos.org/saude/7-informacoes-falsas-gripe.html","7 informações falsas (e perigosas) sobre a gripe que sempre circulam online","779"
"1767","https://www.boatos.org/saude/7-recomendacoes-medicas-falsas.html","7 recomendações médicas falsas que sempre circulam na web","750"
"1768","https://www.boatos.org/saude/761-idosos-morreram-asilo-por-causa-vacina-contra-covid-19.html","761 idosos morreram em asilo por causa da vacina contra Covid-19 #boato","919"
"1769","https://www.boatos.org/saude/763-pessoas-famosas-morreram-ao-vivo-causa-vacina-contra-covid-19.html","É falso que 763 pessoas mostradas em vídeo “morreram ao vivo” por causa da vacina contra Covid-19","611"
"1770","https://www.boatos.org/saude/a-china-pinta-macas-verdes-para-vender-como-vermelhas.html","Vídeo de “maçãs pintadas” mostra doce e não fruta de verdade","486"
"1771","https://www.boatos.org/saude/a-covid-19-esta-em-alta-em-2026-e-sera-divulgada-so-apos-o-carnaval.html","Alerta falso sobre surto “escondido” de Covid-19 e doenças tropicais volta a circular antes do Carnaval de 2026","756"
"1772","https://www.boatos.org/saude/a-cura-do-cancer-esta-ao-alcance-de-todos-so-que-nao.html","A cura do câncer está ao alcance de todos #boato","882"
"1773","https://www.boatos.org/saude/abacaxi-cola-cola-rins-vesicula.html","Abacaxi com Cola-Cola cura pedras nos rins e pedras na vesícula #boato","813"
"1774","https://www.boatos.org/saude/abelhas-morreram-milho-transgenico.html","37 milhões de abelhas morreram por causa de plantio de milho transgênico #boato","662"
"1775","https://www.boatos.org/saude/acai-ensacado-higiene-moido-pes.html","Açaí é ensacado sem higiene e homens o amassam com os pés, mostra vídeo #boato","773"
"1776","https://www.boatos.org/saude/acaros-sao-encontrados-em-analise-de-miojo-macarrao-instantaneo-no-microscopio.html","Vídeo de ácaros no miojo (macarrão instantâneo) não condiz com a realidade do produto","800"
"1777","https://www.boatos.org/saude/accu-tech-lanca-medidor-de-glicose-a-laser-que-esta-sendo-vendido-na-internet.html","Golpe cita venda de medidor de glicose a laser por parte da Accu Tech","689"
"1778","https://www.boatos.org/saude/achocolatado-toddynho-contaminado.html","Achocolatado Toddynho contaminado está matando crianças envenenadas #boato","1564"
"1779","https://www.boatos.org/saude/acucar-limao-oleo-cancer.html","Pare com o açúcar, beba limão e óleo de coco e o câncer já era #boato","745"
"1780","https://www.boatos.org/saude/adesivo-mounjaro-que-esta-sendo-vendido-e-eficaz-a-aprovado-pela-anvisa.html","Golpe em anúncios cita venda de “adesivo Mounjaro” para emagrecer","985"
"1781","https://www.boatos.org/saude/adib-jatene-critica-isolamento-social-coronavirus-video.html","Adib Jatene critica isolamento social como solução para combater coronavírus, mostra vídeo #boato","705"
"1782","https://www.boatos.org/saude/adultos-vacina-sarampo-vacinado.html","Adultos têm que tomar a vacina contra o sarampo mesmo tendo se vacinado na infância #boato","681"
"1783","https://www.boatos.org/saude/agencia-europeia-de-medicamentos-disse-que-nunca-autorizou-vacina-contra-a-covid-19.html","É falso que Agência Europeia de Medicamentos disse que nunca autorizou vacina contra Covid-19","556"
"1784","https://www.boatos.org/saude/agora-teremos-casos-aids-sem-hiv-por-causa-da-vacina-contra-covid-19.html","Agora teremos casos de aids sem HIV por causa da vacina contra Covid-19 #boato","734"
"1785","https://www.boatos.org/saude/agua-alcalina-suco-de-bardana-curam-dengue-72-horas.html","É falso que suco de bardana e água alcalina curem a dengue em 72 horas","993"
"1786","https://www.boatos.org/saude/agua-ceade-rio-de-janeiro-esteja-contaminada-2024-como-mostra-audio.html","Fake news sobre áudio da Fiocruz e água contaminada da Cedae voltou a circular em 2024","1306"
"1787","https://www.boatos.org/saude/agua-coco-quente-mata-cancerigenas.html","Água de coco quente mata células cancerígenas e regula pressão #boato","748"
"1788","https://www.boatos.org/saude/agua-com-gas-aumenta-a-pressao-arterial-permanentemente.html","É falso que consumo de água com gás cause hipertensão de forma permanente","611"
"1789","https://www.boatos.org/saude/agua-contaminada-sabesp-esta-causando-virose-nas-pessoas-em-sao-paulo.html","Água contaminada da Sabesp está causando virose nas pessoas em São Paulo #boato","889"
"1790","https://www.boatos.org/saude/agua-da-sabesp-esta-tornando-meninos-afeminados-por-causa-do-fluor.html","Fake de flúor na água da Sabesp que afemina meninos é teoria da conspiração antiga","855"
"1791","https://www.boatos.org/saude/agua-de-coco-de-caixa-rico-em-acucar-prejudica-saude.html","Água de coco de caixa é rica em açúcar e prejudica a saúde #boato","582"
"1792","https://www.boatos.org/saude/agua-esta-contaminada-com-metanol-por-estar-rosa.html","É falso que a água potável no Brasil esteja contaminada com metanol por estar rosa","1051"
"1793","https://www.boatos.org/saude/agua-gelada-faz-mal-figado-coracao-causa-cancer-dr-drauzio-varella.html","Água gelada faz mal para o fígado, coração e causa câncer, diz Dr. Drauzio Varella #boato","699"
"1794","https://www.boatos.org/saude/agua-gelada-faz-mal.html","Água gelada faz mal para você; causa câncer e infarto #boato","389"
"1795","https://www.boatos.org/saude/agua-morna-cura-cancer.html","Beber água morna cura câncer; água gelada causa infarto #boato","695"
"1796","https://www.boatos.org/saude/agua-plastico-cancer-mama.html","Água em garrafa de plástico aquecida causa câncer de mama #boato","466"
"1797","https://www.boatos.org/saude/agua-quente-abacaxi-cura-cancer.html","Água quente de abacaxi cura câncer e mata células cancerígenas #boato","620"
"1798","https://www.boatos.org/saude/agua-quente-com-limao-cura-e-previne-o-cancer-e-outras-doencas-boato.html","Água quente com limão cura e previne o câncer e outras doenças #boato","725"
"1799","https://www.boatos.org/saude/agua-quente-de-abacaxi-previne-cura-cancer.html","Água quente de abacaxi previne e cura o câncer #boato","617"
"1800","https://www.boatos.org/saude/agua-rio-de-janeiro-contaminada-virus.html","É falso que água do Rio de Janeiro esteja contaminada com vírus e que Cedae, Fiocruz e mídia escondem","1594"
"1801","https://www.boatos.org/saude/agua-sanitaria-esgotos-evita-contagio-covid-19-autoridades-holandesas.html","Água sanitária nos esgotos ajuda a evitar contágio por Covid-19, dizem autoridades holandesas #boato","696"
"1802","https://www.boatos.org/saude/agua-tonica-cura-o-coronavirus-porque-tem-quinino-da-cloroquina-boato.html","Água tônica cura o coronavírus porque tem quinino da cloroquina #boato","686"
"1803","https://www.boatos.org/saude/agua-torneira-testa-positivo-para-covid-19-prova-pandemia-farsa-china.html","Água da torneira que testa positivo para Covid-19 prova que pandemia é uma farsa da China #boato","752"
"1804","https://www.boatos.org/saude/aideticos-passando-hiv-medicao-glicose.html","Aidéticos estão passando vírus HIV em medição de glicose #boato","554"
"1805","https://www.boatos.org/saude/alcool-gel-70-causa-sintomas-coronavirus-matar.html","Álcool gel 70% causa os mesmos sintomas do coronavírus e pode matar #boato","1455"
"1806","https://www.boatos.org/saude/alcool-gel-acarreta-multa-prisao-teste-bafometro-lei-seca.html","Álcool gel acarreta em multa e prisão após teste do bafômetro na blitz da lei seca #boato","1323"
"1807","https://www.boatos.org/saude/alcool-gel-caseiro-feito-gelatina-protege-novo-coronavirus.html","Álcool gel caseiro feito com gelatina protege contra o novo coronavírus #boato","659"
"1808","https://www.boatos.org/saude/alcool-gel-liquido-chave-carro-causa-incendio-ignicao.html","Usar álcool gel (ou líquido) na chave do carro causa incêndios na ignição #boato","1152"
"1809","https://www.boatos.org/saude/alcool-gel-nao-mata-coronavirus-vinagre.html","Álcool gel não mata o coronavírus e outras bactérias; o que mata é o vinagre #boato","1261"
"1810","https://www.boatos.org/saude/alem-da-larva-no-feijao-7-boatos-sobre-alimentos-contaminados-que-correm-a-web.html","Além da larva no feijão: 7 boatos sobre alimentos contaminados que correm a web","550"
"1811","https://www.boatos.org/saude/alemanha-descobre-que-vacina-contra-covid-19-e-40-vezes-mais-mortal-do-que-se-esperava.html","Alemanha descobre que vacina contra Covid-19 é 40 vezes mais mortal do que se esperava #boato","718"
"1812","https://www.boatos.org/saude/alemanha-descobriu-coronavirus-uma-bacteria-revelou-cura-da-covid-19-cha-de-folha-de-goiabeira.html","Alemanha descobriu que o coronavírus é uma bactéria e revelou que a cura da Covid-19 é chá de folha de goiabeira #boato","2407"
"1813","https://www.boatos.org/saude/alemanha-encontrou-a-cura-do-coronavirus-ao-descobrir-que-covid-19-e-uma-bacteria.html","Alemanha encontrou a cura do coronavírus ao descobrir que Covid-19 é uma bactéria #boato","1450"
"1814","https://www.boatos.org/saude/alemanha-nao-obedeceu-oms-descobriu-bacteria-coronavirus.html","Alemanha não obedeceu a OMS e descobriu o vírus final (bactéria) do coronavírus #boato","1309"
"1815","https://www.boatos.org/saude/alerta-anvisa-miocardite-justifica-decisao-nao-tomar-vacina-covid-19.html","Alerta da Anvisa sobre miocardite justifica decisão de não tomar vacina contra Covid-19 #boato","1109"
"1816","https://www.boatos.org/saude/alerta-falso-asa-de-frango-e-igual-a-veneno-por-causa-do-hormonio.html","Alerta falso: asa de frango é igual a veneno por causa do hormônio","602"
"1817","https://www.boatos.org/saude/alerta-falso-cera-na-casca-da-maca-da-turma-da-monica-faz-mal-saude.html","Alerta falso: cera na casca da maçã da Turma da Mônica faz mal à saúde","567"
"1818","https://www.boatos.org/saude/alerta-falso-diz-que-peixe-panga-tem-vermes-e-faz-mal-saude.html","Alerta falso diz que peixe panga tem vermes e faz mal à saúde","622"
"1819","https://www.boatos.org/saude/alerta-falso-menino-morre-apos-atender-chamada-com-celular-carregando.html","Alerta falso: menino morre após atender chamada com celular carregando","668"
"1820","https://www.boatos.org/saude/alerta-falso-sabonete-dove-esfoliacao-diaria-pode-causar-cancer.html","Alerta falso: sabonete Dove Esfoliação Diária pode causar câncer","686"
"1821","https://www.boatos.org/saude/alerta-falso-vacina-contra-a-gripe-tem-nivel-de-mercurio-letal.html","Vacina contra a gripe tem nível de mercúrio letal #boato","602"
"1822","https://www.boatos.org/saude/alertas-falsos-efeitos-colaterais-remedios-vacinas-exames.html","7 alertas falsos sobre efeitos colaterais de remédios, vacinas e exames","994"
"1823","https://www.boatos.org/saude/alexandre-garcia-escreve-texto-vacinas-bivalentes-contra-covid-19.html","Alexandre Garcia escreve texto contra vacinas bivalentes para Covid-19 #boato","659"
"1824","https://www.boatos.org/saude/alexandre-garcia-texto-coronavirus-quarentena-bolsonaro-sociedade-escolheu-sacrificar-almas.html","Alexandre Garcia diz, em texto sobre coronavírus, quarentena e Bolsonaro, que sociedade já escolheu sacrificar almas #boato","1251"
"1825","https://www.boatos.org/saude/alexandre-garcia-texto-grande-encenacao-chinesa-coronavirus.html","Alexandre Garcia escreve texto sobre “a grande encenação chinesa” do coronavírus #boato","1211"
"1826","https://www.boatos.org/saude/alexandre-kalil-anuncia-fechamento-do-comercio-em-belo-horizonte-partir-de-sabado-janeiro-de-2022.html","Alexandre Kalil anuncia fechamento do comércio em Belo Horizonte a partir de sábado (janeiro de 2022) #boato","911"
"1827","https://www.boatos.org/saude/alexandria-genesis-mutacao-genetica-que-deixa-pessoas-com-os-olhos-roxos-nao-existe.html","Alexandria Genesis é uma mutação que deixa pessoas com os olhos roxos #boato","448"
"1828","https://www.boatos.org/saude/alface-mcdonalds-plastico.html","Alface do McDonalds é de plástico e fabricada artificialmente, mostra vídeo #boato","442"
"1829","https://www.boatos.org/saude/alho-agua-fervida-cura-novo-coronavirus.html","Alho com água fervida cura o novo coronavírus #boato","1034"
"1830","https://www.boatos.org/saude/alho-assado-cura-previne-cancer.html","Alho assado cura e previne o câncer #boato","799"
"1831","https://www.boatos.org/saude/alho-previne-dengue-serve-repelente-mosquito-aedes-aegypti.html","É falso que comer alho ajude a repelir o mosquito da dengue","678"
"1832","https://www.boatos.org/saude/alho-vinagre-maca-cura-covid-19-matam-coronavirus.html","Alho e vinagre de maçã são a cura para a Covid-19 e matam o coronavírus #boato","792"
"1833","https://www.boatos.org/saude/alimentos-colesterol-liberado.html","Colesterol não faz mal à saúde e consumo de alimentos com está liberado #boato","799"
"1834","https://www.boatos.org/saude/alimentos-magnetizados-grafeno-sendo-vendidos-brasil.html","Alimentos magnetizados com grafeno estão sendo vendidos no Brasil #boato","1079"
"1835","https://www.boatos.org/saude/alivmax-alivimax-e-um-remedio-cura-zumbido-ouvidos-autorizado-anvisa.html","Anvisa não autorizou Alivmax (Alivimax) para ser remédio para curar zumbido nos ouvidos","619"
"1836","https://www.boatos.org/saude/altas-taxas-vitamina-d-diminuem-mortalidade-covid.html","Estudo alemão prova que altas taxas de vitamina D diminuem taxa de mortalidade por Covid-19 #boato","1136"
"1837","https://www.boatos.org/saude/amazonas-queda-80-nas-mortes-covid-19-tratamento-precoce.html","Amazonas tem queda de 80% nas mortes por Covid-19 por causa de tratamento precoce #boato","754"
"1838","https://www.boatos.org/saude/ambev-pombos-cevada-cerveja.html","Ambev tritura pombos com cevada em fábrica de cerveja #boato","439"
"1839","https://www.boatos.org/saude/ana-maria-braga-anuncia-que-se-curou-catarata-com-suplemento-sulinex-vendido-facebook.html","Ana Maria Braga anuncia que se curou da catarata com suplemento Sulinex vendido no Facebook #boato","929"
"1840","https://www.boatos.org/saude/ana-maria-braga-anunciou-formula-da-juventude-com-trans-resveratrol.html","Ana Maria Braga não gravou vídeo sobre “Fórmula da Juventude” com trans-resveratrol","984"
"1841","https://www.boatos.org/saude/angelus-domini-cura-tumores.html","Pesquisadores da Universidade de Jerusalém descobriram que Angelus Domini cura tumores #boato","680"
"1842","https://www.boatos.org/saude/annita-nitazoxanida-descoberta-cura-covid-19-coronavirus.html","Annita (Nitazoxanida) é descoberta como a cura da Covid-19 (coronavírus) #boato","1138"
"1843","https://www.boatos.org/saude/anthony-wong-envenenado-china-por-ser-contra-vacina.html","Anthony Wong foi envenenado pela China por ser contra a vacina #boato","590"
"1844","https://www.boatos.org/saude/antiviral-pfizer-contra-covid-19-e-a-cloroquina.html","Pfizer anuncia hidroxicloroquina como antiviral contra a Covid-19 #boato","857"
"1845","https://www.boatos.org/saude/anvisa-alerta-que-vacinas-causam-insuficiencia-cardiaca-morte-subita-miocardite-ataque-cardiaco-periocardite.html","Anvisa alerta que vacinas causam insuficiência cardíaca e morte súbita (miocardite) e ataque cardíaco (periocardite) #boato","925"
"1846","https://www.boatos.org/saude/anvisa-alerta-vacinas-causam-morte-subita-miocardite-ataque-cardiaco-pericardite-depois-vacinar-180-milhoes.html","Anvisa alerta que vacinas causam morte súbita (miocardite) e ataque cardíaco (pericardite) depois de vacinar 180 milhões #boato","947"
"1847","https://www.boatos.org/saude/anvisa-aprovou-falsas-vacinas.html","Anvisa aprovou falsas vacinas e devemos voltar às ruas sem máscaras #boato","1094"
"1848","https://www.boatos.org/saude/anvisa-aprovou-suplemento-detox-figen-gold-outros-remedio-emagrecer-acabar-gordura-figado.html","Anvisa não aprovou suplementos “Detox” para emagrecer que são vendidos em redes sociais","549"
"1849","https://www.boatos.org/saude/anvisa-confirma-34-pessoas-morreram-causa-vacinas-contra-covid-19.html","Anvisa confirma que 34 pessoas morreram por causa de vacinas contra Covid-19 #boato","552"
"1850","https://www.boatos.org/saude/anvisa-esta-impedindo-que-avioes-com-medicamentos-cheguem-ao-rio-grande-do-sul.html","Não é verdade que Anvisa esteja impedindo que medicamentos cheguem a vítimas das enchentes no RS","793"
"1851","https://www.boatos.org/saude/anvisa-liberou-ivermectina-mudou-dose-covid-19.html","Anvisa liberou ivermectina e mudou dose para tratar a Covid-19 #boato","590"
"1852","https://www.boatos.org/saude/anvisa-proibe-marcas-de-carne-por-causa-de-bacteria-mortal-em-2024.html","Anvisa não proibiu venda de marcas de carne, em 2024, porque elas teriam bactéria mortal","871"
"1853","https://www.boatos.org/saude/anvisa-proibe-venda-kinder-ovo-todos-brasil-causa-salmonela.html","Anvisa proíbe venda de “Kinder Ovo” (todos) no Brasil por causa de salmonela #boato","632"
"1854","https://www.boatos.org/saude/anvisa-proibiu-cinco-marcas-de-leite-cafe-contaminacao-2024.html","Proibição de marcas de leite e café pela Anvisa não ocorreu em 2024","644"
"1855","https://www.boatos.org/saude/anvisa-vacinas-covid-19-mil-mortes.html","Anvisa diz vacinas contra Covid-19 têm mais de mil mortes #boato","638"
"1856","https://www.boatos.org/saude/aparelho-medir-glicose-coca-cola-altos-niveis-acucar.html","Aparelho para medir glicose prova que Coca-Cola tem altos níveis de açúcar #boato","825"
"1857","https://www.boatos.org/saude/aplicacao-ozonio-ozonioterapia-cura-covid-19-coronavirus.html","Aplicação de ozônio (ozonioterapia) é a cura para a Covid-19 (coronavírus) #boato","573"
"1858","https://www.boatos.org/saude/apos-vacina-gripe-veneno-mortal.html","Após vacinarem milhões, descobriram que vacina da gripe é veneno mortal #boato","419"
"1859","https://www.boatos.org/saude/argentina-fornos-crematorios-covid-19-vacina.html","Argentina comprou fornos crematórios para vítimas da vacina Sinovac #boato","1087"
"1860","https://www.boatos.org/saude/arizona-decretou-que-vacinas-mrna-contra-covid-19-sao-armas-biologicas-tecnologicas.html","É falso que Arizona tenha decretado que vacinas são armas biológicas e que acusação em questão seja real","475"
"1861","https://www.boatos.org/saude/arroz-dana-contaminado-paquistao.html","Arroz Dana está contaminado com um vírus mortal do Paquistão #boato","760"
"1862","https://www.boatos.org/saude/arroz-dana-do-paquistao-contaminado-passou-na-alfandega-e-esta-sendo-vendido-em-supermercados-a-precos-baixos.html","É falso que haja um “arroz Dana contaminado com vírus do Paquistão” nos supermercados do Brasil","798"
"1863","https://www.boatos.org/saude/arroz-dana-um-virus-so-visto-paquistao-chegou-ao-brasil.html","Arroz Dana está com um vírus que só é visto no Paquistão e chegou ao Brasil #boato","711"
"1864","https://www.boatos.org/saude/arroz-de-plastico-da-china-esta-sendo-enviado-ao-brasil.html","É falso que arroz que será enviado ao Brasil é da China e feito de plástico","846"
"1865","https://www.boatos.org/saude/arroz-importado-solta-tinta-amarela-quando-colocado-na-agua.html","Não há qualquer comprovação de que “arroz importado” solte tinta amarela quando colocado na água","673"
"1866","https://www.boatos.org/saude/arroz-infectado-virus-bacterias.html","Arroz está infectado com vírus e bactérias e pode matar #boato","579"
"1867","https://www.boatos.org/saude/arroz-no-brasil-esta-sendo-vendido-com-vidro-moido.html","É falso que arroz no Brasil esteja contaminado com vidro moído","726"
"1868","https://www.boatos.org/saude/arthur-tem-cancer-sakon-jin-e-precisa-do-remedio-rigora-femile.html","Caso do menino Arthur com câncer é real, mas golpe usa história para pedir doações falsas","581"
"1869","https://www.boatos.org/saude/aspartame-causa-alzheimer.html","Aspartame causa mal de Alzheimer e é um veneno #boato","784"
"1870","https://www.boatos.org/saude/aspirina-limao-mel-curam-covid-19.html","Aspirina, suco de limão e mel curam a Covid-19 e decretam o fim do coronavírus #boato","1163"
"1871","https://www.boatos.org/saude/associacao-de-infectologia-termo-tratamento-precoce.html","Associação Brasileira de Infectologia (ABI) obriga médicos a assinar termo para não receitarem “tratamento precoce” #boato","1022"
"1872","https://www.boatos.org/saude/astrazeneca-anuncia-vacina-contra-covid-19-falhou.html","AstraZeneca anuncia que vacina contra Covid-19 falhou #boato","466"
"1873","https://www.boatos.org/saude/atestado-medico-ressaca-conselho.html","Atestado médico para quem estiver com ressaca é aprovado por conselho #boato","556"
"1874","https://www.boatos.org/saude/atestado-obito-suspeita-de-covid-19-rende-r-18-000-hospital-diz-medico.html","Atestado de óbito com suspeita de Covid-19 rende R$ 18.000 para o hospital, diz médico #boato","1264"
"1875","https://www.boatos.org/saude/atrizes-da-globo-recomendam-soro-coreano-para-manter-juventude-e-acabar-com-rugas.html","É falso que atrizes da Globo estejam recomendando soro coreano contra rugas e flacidez","858"
"1876","https://www.boatos.org/saude/audio-biologa-monica-travassos-sobre-variante-omicron-acerta-falar-sobre-casos-mortalidade-prevencao.html","Áudio da “bióloga Mônica Travassos” acerta ao falar que Ômicron já tem casos confirmados em todo litoral do Brasil #boato","1341"
"1877","https://www.boatos.org/saude/audio-dr-nelson-modesto-revela-vacinas-causam-hiv-cancer.html","Áudio do Dr. Nelson Modesto revela que as vacinas causam HPV, HIV e câncer #boato","1139"
"1878","https://www.boatos.org/saude/audio-fala-sobre-exame-dimero-d-e-vacinar-conta-verdade-sobre-imunizantes.html","Áudio que fala sobre exame Dímero-D e vacinas conta “a verdade” sobre imunizantes #boato","1909"
"1879","https://www.boatos.org/saude/auto-hemoterapia-cura-previne-coronavirus-covid-19.html","Auto-hemoterapia cura e previne o novo coronavírus (Covid-19) #boato","984"
"1880","https://www.boatos.org/saude/autopsias-bergamo-italia-covid-19-nao-e-principal-causa-morte.html","Autópsias em Bérgamo (Itália) mostram que Covid-19 não é a principal causa de mortes #boato","860"
"1881","https://www.boatos.org/saude/autopsias-povam-vacinas-causam-mais-mortes-que-covid-19-nao-devemos-nos-vacinar.html","Autópsias provam que vacinas causam mais mortes do que a Covid-19 e que não devemos nos vacinar #boato","1101"
"1882","https://www.boatos.org/saude/bacon-vendido-com-vermes-larvas-e-bichos.html","Bacon está sendo vendido com vermes, larvas e bichos #boato","469"
"1883","https://www.boatos.org/saude/bacteria-do-dinheiro-mata.html","Bactéria do dinheiro não tem cura e mata em 21 dias! Cuidado! #boato","974"
"1884","https://www.boatos.org/saude/bahia-soma-38-casos-confirmados-de-mpox-apos-carnaval-2026.html","Não é verdade que Bahia soma 38 casos confirmados de Mpox após Carnaval 2026","768"
"1885","https://www.boatos.org/saude/balas-popping-candy-ecstasy.html","Balas Popping Candy distribuídas em escolas são comprimidos de ecstasy #boato","473"
"1886","https://www.boatos.org/saude/balela-bebe-nasce-sem-romper-bolsa-porque-mae-estava-com-aids.html","Balela: bebê nasce sem romper bolsa porque mãe estava com aids","310"
"1887","https://www.boatos.org/saude/balela-fumar-maconha-pode-ajudar-na-cura-virus-ebola.html","Balela: fumar maconha pode ajudar na cura do vírus ebola","793"
"1888","https://www.boatos.org/saude/banana-cura-depressao-serie-doencas.html","Banana cura a depressão e uma série de doenças #boato","851"
"1889","https://www.boatos.org/saude/bananas-com-virus-da-aids-no-brasil.html","Bananas com vírus da aids no Brasil #boato","361"
"1890","https://www.boatos.org/saude/bananas-somalia-estao-infectadas-virus-heliobacter-causa-morte-cerebral-12-horas.html","Bananas da Somália estão infectadas com vírus Heliobacter que causa morte cerebral em 12 horas #boato","856"
"1891","https://www.boatos.org/saude/banco-dados-militar-dos-eua-prova-vacinas-causam-doencas-graves.html","Banco de dados militar dos EUA prova que vacinas causam doenças graves #boato","935"
"1892","https://www.boatos.org/saude/banco-mundial-brasil-melhor-pais-combate-coronavirus.html","Banco Mundial escolhe Brasil como melhor país no combate ao coronavírus #boato","808"
"1893","https://www.boatos.org/saude/bandidos-predio-laboratorio-testes-covid-19.html","Bandidos tentam entrar em prédio fingindo ser de laboratório de testes para Covid-19 #boato","519"
"1894","https://www.boatos.org/saude/barrinha-colorida-caixa-leite.html","Barrinha colorida na caixa de leite serve para indicar se produto já venceu #boato","749"
"1895","https://www.boatos.org/saude/batata-pringles-vista-do-microscopio-mostra-acaros-e-insetos.html","É falso que batata Pringles do microscópio revela que produto é cheio de ácaros e insetos","389"
"1896","https://www.boatos.org/saude/bebe-turquia-nasce-com-deformacoes-por-causa-vacina-mrna-contra-covid-19.html","Bebê na Turquia nasce com deformações por causa da vacina mRNA contra Covid-19 #boato","727"
"1897","https://www.boatos.org/saude/beber-agua-15-em-15-minutos-previne-o-novo-coronavirus.html","Beber água de 15 em 15 minutos previne o novo coronavírus #boato","664"
"1898","https://www.boatos.org/saude/beber-agua-antes-de-pintar-o-cabelo-evita-cancer-diz-dica-falsa.html","Beber água antes de pintar o cabelo evita câncer #boato","712"
"1899","https://www.boatos.org/saude/beber-agua-cha-quente-mata-coronavirus-nao-sobrevive-26-oc.html","Beber água ou chá quente mata o coronavírus, que não sobrevive a mais de 26 ºC #boato","1493"
"1900","https://www.boatos.org/saude/beber-agua-com-limao-e-sal-previne-os-efeitos-do-calor-extremo.html","Não há comprovação de que água com limão e sal previne efeitos do calor","701"
"1901","https://www.boatos.org/saude/beber-agua-dormir-nao-previne-infarto-feminino.html","Beber água antes de dormir previne infarto feminino #boato","395"
"1902","https://www.boatos.org/saude/beber-agua-estomago-vazio.html","Beber água com o estomago vazio cura doenças #boato","655"
"1903","https://www.boatos.org/saude/beber-agua-leite-ou-refrigerante-com-manga-faz-mal.html","É falso que comer manga com leite, água gelada ou refrigerante faça mal","567"
"1904","https://www.boatos.org/saude/beber-vinho-previne-covid-19-por-causa-acido-tanico-polifenois.html","Por causa do ácido tânico e polifenóis, vinho previne a Covid-19 #boato","1083"
"1905","https://www.boatos.org/saude/bela-gil-afirma-que-curcuma-pode-substituir-a-pasta-dental.html","Informação errada: cúrcuma pode substituir o creme dental","386"
"1906","https://www.boatos.org/saude/benzeno-ar-condicionado-carros-cancer-leucemia-aborto.html","Benzeno do ar-condicionado de carros causa câncer, leucemia e aborto #boato","902"
"1907","https://www.boatos.org/saude/besouro-poto-homem-cego-diz-medico.html","Besouro potó deixa entra em ouvido de homem e o deixa cego #boato","782"
"1908","https://www.boatos.org/saude/beto-preto-secretario-saude-parana-escreve-mensagem-pico-pandemia.html","Beto Preto, secretário de Saúde do Paraná, escreve mensagem sobre pico da pandemia #boato","848"
"1909","https://www.boatos.org/saude/biden-e-american-journal-of-medicine-recomendam-hidroxicloroquina.html","Biden e American Journal of Medicine recomendam uso da hidroxicloroquina #boato","707"
"1910","https://www.boatos.org/saude/bill-gates-contesta-vacinas-falha-covid-19.html","Bill Gates contesta vacinas e diz que elas falharam contra Covid-19 #boato","714"
"1911","https://www.boatos.org/saude/bill-gates-dono-patente-coronavirus.html","Empresa de Bill Gates é a dona da patente do novo coronavírus #boato","634"
"1912","https://www.boatos.org/saude/bill-gates-encerra-entrevista-apos-ser-questionado-sobre-vacinas-e-efeitos-colaterais.html","Bill Gates encerra entrevista após ser questionado sobre vacinas e efeitos colaterais #boato","1235"
"1913","https://www.boatos.org/saude/bill-gates-espalhando-dengue-fabrica-mosquitos-colombia.html","É falso que Bill Gates esteja criando uma fábrica de mosquitos na Colômbia para “espalhar dengue”","437"
"1914","https://www.boatos.org/saude/bill-gates-lamenta-promocao-das-vacinas-contra-covid-19-pede-retirada-delas-mercado.html","Bill Gates lamenta promoção das vacinas contra Covid-19 e pede retirada delas do mercado #boato","784"
"1915","https://www.boatos.org/saude/bill-gates-pagou-para-andrew-hill-negar-eficacia-da-ivermectina.html","Bill Gates pagou para Andrew Hill negar a eficácia da ivermectina #boato","892"
"1916","https://www.boatos.org/saude/bill-gates-tem-prisao-decretada-nas-filipinas-por-assassinato-premeditado.html","Bill Gates tem prisão decretada nas Filipinas por assassinato premeditado #boato","733"
"1917","https://www.boatos.org/saude/bill-gates-vacina-covid-alterar-dna-pessoas.html","Bill Gates afirmou que vacina contra Covid-19 vai alterar o DNA das pessoas #boato","1089"
"1918","https://www.boatos.org/saude/bill-gates-vacinas-reduzir-populacao.html","Bill Gates diz que vacinas servem para esterilizar, matar e reduzir população mundial #boato","658"
"1919","https://www.boatos.org/saude/biologa-espanhola-comparacao-salarios-biologos-jogadores-futebol.html","Bióloga espanhola compara salários de biólogos e jogadores de futebol #boato","710"
"1920","https://www.boatos.org/saude/biologa-fiocruz-audio-agua-rio-de-janeiro-contaminada.html","Bióloga da Fiocruz alerta, em áudio, que água do Rio de Janeiro está contaminada #boato","1973"
"1921","https://www.boatos.org/saude/biologa-fiocruz-gravou-audio-alertando-virus-agua-copacabana-rio.html","É falso que bióloga da Fiocruz tenha gravado um áudio alertando sobre vírus na água em Copacabana, no Rio de Janeiro","985"
"1922","https://www.boatos.org/saude/biologa-monica-travassos-gravou-audio-sobre-omicron-no-litoral-do-brasil-manchas-pele.html","Áudio que fala sobre Ômicron no litoral não é de bióloga e tem informações falsas sobre manchas na pele","930"
"1923","https://www.boatos.org/saude/biscoito-luppo-vem-com-2-comprimidos-faz-mal-acabou-de-chegar-ao-brasil.html","É falso que biscoito Luppo chegou ao Brasil para reduzir população com dois comprimidos","610"
"1924","https://www.boatos.org/saude/biscoito-nesfit-fogo-plastico.html","Biscoito Nesfit pega fogo porque é feito de plástico, mostra vídeo #boato","773"
"1925","https://www.boatos.org/saude/biscoito-toppo-turquia-chegou-brasil-esta-com-comprimidos-que-causam-paralisia.html","Biscoito Toppo da Turquia chegou ao Brasil e está com comprimidos que causam paralisia #boato","703"
"1926","https://www.boatos.org/saude/boato-governo-brasileiro-obriga-medica-cubana-gravida-abortar.html","Boato: governo brasileiro obriga médica cubana grávida a abortar","536"
"1927","https://www.boatos.org/saude/boato-medica-cubana-faz-diagnostico-de-virose-bacteriana-amapa.html","Boato: médica cubana faz diagnóstico de virose bacteriana no Amapá","565"
"1928","https://www.boatos.org/saude/boca-aberta-larvas-moscas-video.html","Dormir de boca aberta por causa larvas de mosca no dente #boato","603"
"1929","https://www.boatos.org/saude/bochecho-com-agua-morna-e-sal-mata-virus-da-gripe-h1n1.html","Não há nenhuma comprovação de que água morna e sal “mate” o vírus influenza, da gripe H1N1","770"
"1930","https://www.boatos.org/saude/boi-sequestro-morto-estrada-carne-podre.html","Boi sequestro, morto na estrada, é a causa da carne podre no Brasil #boato","1018"
"1931","https://www.boatos.org/saude/bolacha-nesfit-feita-de-plastico-pega-fogo.html","Bolacha Nesfit é feita de plástico e, por isso, pega fogo em vídeo #boato","705"
"1932","https://www.boatos.org/saude/bolsonarista-morreu-em-cirurgia-para-mover-o-coracao-para-a-direita.html","É falso que Bolsonarista tenha morrido após fazer cirurgia para mover coração para o lado direito do peito","912"
"1933","https://www.boatos.org/saude/bolsonaro-decreta-feriado-7-dias-novo-coronavirus.html","Bolsonaro decreta feriado por 7 dias por causa do novo coronavírus #boato","442"
"1934","https://www.boatos.org/saude/bolsonaro-tecnica-cancer-mama-brasil.html","Bolsonaro traz técnica que cura câncer de mama sem cirurgia para o Brasil #boato","672"
"1935","https://www.boatos.org/saude/bolsonaro-temer-recursos-caps.html","Bolsonaro manda Temer cortar verba do CAPS e de serviços de saúde mental #boato","760"
"1936","https://www.boatos.org/saude/bombeiro-alerta-coronavirus-espalhou-minas-gerais-hospital-construido.html","Bombeiro alerta que coronavírus se espalhou em Minas Gerais e hospital será construído #boato","649"
"1937","https://www.boatos.org/saude/borra-de-cafe-serve-como-repelente-mosquito-dengue.html","Não há comprovação de que borra de café seja a melhor solução para espantar o mosquito da dengue","1123"
"1938","https://www.boatos.org/saude/borracheiro-morreu-acidente-pneu-diagnosticado-covid-19-inflar-estatisticas-coronavirus.html","Borracheiro morreu em acidente com pneu, mas foi diagnosticado com Covid-19 para inflar estatísticas do coronavírus #boato","1491"
"1939","https://www.boatos.org/saude/brasil-descobre-anticoagulantes-cura-novo-coronavirus.html","Brasil descobre que anticoagulantes são a cura do novo coronavírus #boato","1199"
"1940","https://www.boatos.org/saude/brasil-e-o-unico-pais-a-exigir-vacina-contra-covid-19-para-bebes-e-criancas.html","É falso que Brasil seja o único país do mundo a exigir vacina contra Covid-19 para bebês e crianças","634"
"1941","https://www.boatos.org/saude/brasil-esta-com-covid-19-em-alta-que-esta-sendo-escondida-por-causa-do-carnaval.html","Fake news sobre alta de Covid-19 sendo escondida por causa do Carnaval circula novamente em 2025","576"
"1942","https://www.boatos.org/saude/brasil-foi-vendido-oms-protagonizar-nova-pandemia-doenca-x.html","Não é provas em nem lógica em teoria que aponta que Brasil foi vendido para OMS e terá nova pandemia","577"
"1943","https://www.boatos.org/saude/brasil-maior-numero-recuperados-covid-19-cloroquina.html","Brasil tem o maior número de recuperados de Covid-19 por causa da cloroquina #boato","921"
"1944","https://www.boatos.org/saude/brasil-nao-teve-morte-por-dengue-2021.html","Brasil não teve nenhuma morte por dengue registrada em 2021 #boato","731"
"1945","https://www.boatos.org/saude/brasileiro-descobre-a-cura-do-cancer-e-e-preso-afirma-boato.html","Brasileiro descobre a cura do câncer e é preso, afirma boato","736"
"1946","https://www.boatos.org/saude/broca-do-morango-bicho-causa-doencas-hepatite.html","Bicho do morango (broca) causa doenças como a hepatite #boato","1297"
"1947","https://www.boatos.org/saude/bula-aponta-vacina-pfizer-nao-e-indicada-para-menores-16-anos.html","Bula aponta que vacina da Pfizer não é indicada para menores de 16 anos #boato","858"
"1948","https://www.boatos.org/saude/byram-bridle-proteina-spike-veneno-toxico.html","Byram Bridle está certo ao dizer que proteína spike das vacinas é um veneno tóxico #boato","710"
"1949","https://www.boatos.org/saude/cabeleireira-eliminou-quilos-de-gordura-com-remedio-natural-desenvolvido-pela-ufpr-e-vendido-no-facebook.html","Produto anunciado como remédio natural no Facebook não elimina quilos de gordura e nem foi desenvolvido pela UFPR","1039"
"1950","https://www.boatos.org/saude/cabrini-fraude-compra-kits-covid-19-macapa.html","Cabrini descobre fraude na compra de kits de Covid-19 em Macapá e discute com prefeita #boato","656"
"1951","https://www.boatos.org/saude/cada-100-anos-pandemia-assola-humanidade.html","1720, 1820, 1920 e 2020: A cada 100 anos, exatamente, uma pandemia assola a humanidade #boato","804"
"1952","https://www.boatos.org/saude/cadastro-conecte-sus-obrigatorio-vacinar-covid-19.html","Cadastro do Conecte SUS será obrigatório para se vacinar contra Covid-19 #boato","524"
"1953","https://www.boatos.org/saude/cadeiras-de-rodas-gratuitas-no-clube.html","Cadeiras de rodas gratuitas no Clube Naval de Charitas #boato","524"
"1954","https://www.boatos.org/saude/cafe-contaminado-com-metanol-esta-sendo-distribuido-no-brasil.html","É falso que lotes de café foram contaminados com metanol por “acidente de fabricação”","712"
"1955","https://www.boatos.org/saude/cafe-de-capsula-faz-mal-causa-cancer-e-alzheimer-por-causa-do-aluminio-e-plastico.html","Não existem provas de que o café de cápsula possa causar câncer e alzheimer por causa do alumínio e do plástico","774"
"1956","https://www.boatos.org/saude/cafe-melitta-foi-suspenso-pela-anvisa-por-ser-falso.html","É falso que café Melitta tenha sido suspenso pela Anvisa por conter toxinas","650"
"1957","https://www.boatos.org/saude/cafe-moido-vacuo-feito-sangue-boi.html","Café moído e embalado a vácuo é feito com sangue de boi #boato","1080"
"1958","https://www.boatos.org/saude/cafe-ou-cha-curam-e-previnem-coronavirus.html","Café ou chá curam e previnem o coronavírus, diz médico Li Wenliang na CNN #boato","1555"
"1959","https://www.boatos.org/saude/caixao-serragem-pedras-covid-19.html","Caixão com serragem e pedras é encontrado em meio à pandemia da Covid-19 #boato","551"
"1960","https://www.boatos.org/saude/caixas-de-suco-consumidas-por-criancas-estao-contaminadas-com-metanol.html","Fake aponta que caixas de suco consumidas por crianças estão contaminadas com metanol","650"
"1961","https://www.boatos.org/saude/caixoes-enterrados-pedra-madeira-belo-horizonte-mg.html","Caixões são enterrados com pedra e madeira em Belo Horizonte (MG) #boato","987"
"1962","https://www.boatos.org/saude/caixoes-vazios-enterros-coletivos-manaus-am.html","Caixões vazios estão sendo utilizados em enterros coletivos de Manaus (AM) #boato","512"
"1963","https://www.boatos.org/saude/caldo-de-cana-cura-dengue-hemorragica.html","É falso que tomar caldo de cana cura a dengue hemorrágica","854"
"1964","https://www.boatos.org/saude/caldo-de-galinha-caldo-knorr-e-feito-de-pintinhos-triturados.html","Caldo de galinha (Caldo Knorr) não é feito de pintinhos triturados","916"
"1965","https://www.boatos.org/saude/calendario-de-vacinacao-de-marco-rio-de-janeiro-pessoas-55-74-anos.html","Calendário de vacinação de março no Rio de Janeiro para pessoas de 55 a 74 anos é divulgado #boato","760"
"1966","https://www.boatos.org/saude/camera-tv-aratu-grava-audio-despedida-antes-morrer-covid-19.html","Câmera da TV Aratu grava áudio de despedida antes de morrer por Covid-19 #boato","773"
"1967","https://www.boatos.org/saude/campanha-falsa-site-cancer-de-mama-precisa-de-cliques-para-nao-acabar.html","Site do Câncer de Mama precisa de cliques para não acabar #boato","397"
"1968","https://www.boatos.org/saude/canada-admite-que-triplamente-vacinados-estao-desenvolvendo-aids.html","Governo canadense não admitiu que 74% dos triplamente vacinados contra Covid-19 estão com Aids, como aponta história","838"
"1969","https://www.boatos.org/saude/cancer-de-mama-nao-existe-e-devemos-esquecer-outubro-rosa.html","Tese de médica de que câncer de mama não existe e Outubro Rosa é uma farsa não só é falsa como absurda","640"
"1970","https://www.boatos.org/saude/cancer-foi-derrotado-porque-descobriram-que-agua-quente-de-abacaxi-cura-doenca.html","Fake news sobre água quente de abacaxi curar câncer volta a circular na internet","770"
"1971","https://www.boatos.org/saude/cancer-fungo-bicarbonato-de-sodio.html","Todo câncer é um fungo e bicarbonato de sódio é a cura #boato","416"
"1972","https://www.boatos.org/saude/cancer-vitamina-b17-doenca.html","Câncer é apenas uma deficiência de vitamina B17 e não uma doença #boato","864"
"1973","https://www.boatos.org/saude/capsulas-remedios-esoral-enterofuryl-vem-com-pregos.html","Cápsulas de remédios (Esoral e Enterofuryl) vem com pregos dentro #boato","552"
"1974","https://www.boatos.org/saude/carne-bovina-cancer-tumor.html","Carne bovina com câncer (tumor) é flagrada em vídeo #boato","937"
"1975","https://www.boatos.org/saude/carne-de-cachorro-mcdonalds.html","Carne de cachorro é encontrada em restaurante do McDonalds #boato","342"
"1976","https://www.boatos.org/saude/carne-falsa-da-agenda-2030-da-onu-esta-sendo-vendida-em-supermercado.html","Não é verdade que carne vegetal vendida em supermercados seja da “Agenda 2030 da ONU”","708"
"1977","https://www.boatos.org/saude/carne-humana-e-encontrada-em-fabrica-do-mcdonalds-no-eua.html","Carne humana é encontrada em fábrica do McDonald’s no EUA, diz lorota","481"
"1978","https://www.boatos.org/saude/carne-processada-e-feita-de-animais-triturados-diz-informacao-errada.html","Carne processada é feita de animais triturados, diz informação errada","344"
"1979","https://www.boatos.org/saude/carne-urubu-vendida-galinha-caipira-feira-manaus-brasil.html","Carne de urubu é vendida como de galinha caipira em feira de Manaus, no Brasil #boato","781"
"1980","https://www.boatos.org/saude/carnes-vendidas-no-supermercado-estao-sendo-envenenadas-com-seringa-por-criminosos.html","É falso que carnes vendidas em supermercados estejam sendo envenenadas com seringas por criminosos","848"
"1981","https://www.boatos.org/saude/carrapato-estrela-foi-encontrado-no-parque-do-carmo-em-sp.html","É falso que Parque do Carmo tenha registro de carrapato-estrela em 2025","659"
"1982","https://www.boatos.org/saude/carta-enviada-bolsonaro-certa-afirmar-que-covid-19-e-uma-farsa.html","Carta enviada a Bolsonaro está certa ao afirmar que Covid-19 é uma farsa #boato","912"
"1983","https://www.boatos.org/saude/carvativir-gotas-milagrosas-100-cura-covid-19.html","Carvativir são gotas milagrosas com 100% de cura da Covid-19 #boato","801"
"1984","https://www.boatos.org/saude/casal-encontra-restos-humanos-dentro-de-molho-de-tomate.html","É falso que casal tenha encontrado restos humanos em molho de tomate","671"
"1985","https://www.boatos.org/saude/casal-gripe-hn1n3-h1n3-rio-claro.html","Casal pegou gripe HN1N3 (H1N3) em Rio Claro e diretora do HC fez alerta #boato","558"
"1986","https://www.boatos.org/saude/casca-da-maca-causa-cancer-mostra-pesquisa.html","Casca da maçã causa câncer, mostra pesquisa #boato","970"
"1987","https://www.boatos.org/saude/cascas-laranja-limao-contem-ivermectina-cloroquina-curam-covid-19.html","Cascas de laranja e limão contêm ivermectina e cloroquina e curam a Covid-19 #boato","1102"
"1988","https://www.boatos.org/saude/caso-de-botulismo-com-a-salsicha-pif-paf-e-confirmado-diz-hoax.html","Caso de botulismo com a salsicha Pif Paf é confirmado, diz hoax","359"
"1989","https://www.boatos.org/saude/castanha-de-caju-falsificada-e-fabricada-na-india.html","Vídeo que viralizou na internet não é de fabricação de castanha de caju falsificada","808"
"1990","https://www.boatos.org/saude/causa-da-microcefalia-e-vacina-para-gestantes.html","Causa da microcefalia é vacina para gestantes, diz estudo #boato","1178"
"1991","https://www.boatos.org/saude/cdc-locais-risco-infeccao-coronavirus.html","CDC lista locais em que há risco alto e baixo de infecção por coronavírus #boato","1041"
"1992","https://www.boatos.org/saude/cebola-alho-mel-mastruz-boldo-curam-covid-19.html","Cebola, alho, mel, mastruz e boldo curam a Covid-19 #boato","823"
"1993","https://www.boatos.org/saude/cebola-cortada-geladeira-faz-mal-ima-bacterias-gripe.html","Cebola cortada na geladeira faz mal e se torna um imã de bactérias da gripe #boato","1243"
"1994","https://www.boatos.org/saude/cebola-cura-gripe-um-ima-de-bacterias-nao-deve-ser-guardada-geladeira.html","Cebola cura gripe, é um ímã de bactérias e não deve ser guardada na geladeira #boato","1106"
"1995","https://www.boatos.org/saude/cebola-roxa-alho-mel-cura-cancer.html","Receita de cebola roxa, alho e mel cura câncer #boato","779"
"1996","https://www.boatos.org/saude/celular-escuro-maculopatia-cancer-olho.html","Uso de telefone celular no escuro causa maculopatia (câncer de olho) #boato","1022"
"1997","https://www.boatos.org/saude/celulite-bacteriana-transmitida-mosquito.html","Celulite bacteriana está sendo transmitida por mosquito #boato","816"
"1998","https://www.boatos.org/saude/centro-epidemiologia-milao-texto-tratamento-covid-19-fevereiro-agosto.html","Centro de Epidemiologia de Milão escreve texto comparando tratamento contra Covid-19 em fevereiro e agosto de 2020 #boato","1377"
"1999","https://www.boatos.org/saude/ceo-da-moderna-produziu-100-mil-doses-vacina-covid-19-2019.html","CEO da Moderna revela que produziu 100 mil doses da vacina contra Covid-19 em 2019 #boato","449"
"2000","https://www.boatos.org/saude/ceo-novartis-hidroxicloroquina-mata-covid-doar-130-milhoes-doses.html","CEO da Novartis acaba de falar que hidroxicloroquina mata a Covid-19 e vai doar 130 milhões de doses #boato","1236"
"2001","https://www.boatos.org/saude/ceo-pfizer-disse-nao-vai-tomar-vacina-contra-covid-19.html","CEO da Pfizer disse que não vai tomar a vacina contra Covid-19 #boato","634"
"2002","https://www.boatos.org/saude/ceo-pfizer-nao-tomou-vacina-contra-covid-19.html","CEO da Pfizer não tomou vacina contra a Covid-19 #boato","419"
"2003","https://www.boatos.org/saude/cerveja-ambev-causa-cancer-de-prostata-conservantes.html","Cerveja Ambev causa câncer de próstata por causa dos conservantes #boato","1003"
"2004","https://www.boatos.org/saude/cerveja-backer-adulterada-dietilenoglicol-ambev.html","Cerveja Backer foi adulterada criminalmente com dietilenoglicol pela Ambev #boato","1224"
"2005","https://www.boatos.org/saude/cerveja-itaipava-causa-cancer.html","Cerveja Itaipava pode causar câncer. Não beba! #boato","462"
"2006","https://www.boatos.org/saude/cerveja-puro-malte-cura-cancer.html","Cerveja puro malte gelada mata células cancerígenas e cura câncer #boato","784"
"2007","https://www.boatos.org/saude/cerveja-sem-lavar-lata-causa-larva-boca-video.html","Beber cerveja sem lavar a lata causa larva na boca de homem #boato","605"
"2008","https://www.boatos.org/saude/cerveja-urina-cavalo-operacao-pf.html","Cerveja com urina de cavalo é encontrada em operação da PF na Bahia #boato","514"
"2009","https://www.boatos.org/saude/cerveja-viagra-beer-foi-lancada-no-brasil.html","Cerveja Viagra Beer é uma brincadeira e não foi lançada no Brasil","577"
"2010","https://www.boatos.org/saude/cervejas-contaminadas-por-metanol-ja-mataram-15-pessoas-no-brasil.html","Vídeo de Renata Vasconcellos sobre cervejas contaminadas por metanol que mataram 15 pessoas é falso","721"
"2011","https://www.boatos.org/saude/cervejas-heineken-stella-artois-estao-contaminadas-vaca-louca.html","Cervejas Heineken e Stella Artois estão contaminadas e vaca louca voltou #boato","494"
"2012","https://www.boatos.org/saude/cesar-tralli-se-posicionou-contra-a-vacina-da-covid-19-e-disse-que-elas-matam.html","César Tralli não se posicionou contra a vacina da Covid-19 e não disse que ela mata","989"
"2013","https://www.boatos.org/saude/cha-copo-plastico-comida-sacola-cancer.html","Chá em copo plástico e comida em sacola plástica causam câncer #boato","681"
"2014","https://www.boatos.org/saude/cha-de-banana-faz-voce-emagrecer-milagrosamente-em-15-dias.html","Chá de banana faz você emagrecer milagrosamente em 15 dias #boato","679"
"2015","https://www.boatos.org/saude/cha-de-erva-doce-tem-mesmo-principio-ativo-do-tamiflu-e-cura-a-gripe.html","Fake antigo relaciona chá de erva-doce ao Tamiflu para curar a gripe","719"
"2016","https://www.boatos.org/saude/cha-de-folha-de-goiabeira-cura-covid-19-e-melhor-que-a-vacina.html","Chá de folha de goiabeira cura a Covid-19 e é melhor do que a vacina #boato","807"
"2017","https://www.boatos.org/saude/cha-de-folha-mamoeiro-mamao-cura-dengue-hemorragica.html","É falso que o chá da folha do mamão (mamoeiro) cura a dengue hemorrágica","618"
"2018","https://www.boatos.org/saude/cha-erva-doce-cura-h1n1-formula-tamiflu.html","Chá de erva-doce cura a gripe H1N1 e é a fórmula do Tamiflu #boato","790"
"2019","https://www.boatos.org/saude/cha-erva-doce-cura-nova-gripe-porque-tamiflu-diretor-do-hc.html","Chá de erva-doce cura a “nova gripe” porque tem Tamiflu, diz diretor do HC #boato","738"
"2020","https://www.boatos.org/saude/cha-erva-doce-cura-novo-coronavirus-diretor-hc.html","Chá de erva-doce cura o novo coronavírus, diz diretor do HC #boato","827"
"2021","https://www.boatos.org/saude/cha-folhas-abacate-hortela-cura-previne-coronavirus.html","Chá de folhas de abacate com hortelã cura e previne o coronavírus #boato","1054"
"2022","https://www.boatos.org/saude/cha-folhas-boldo-cura-coronavirus.html","Chá de folhas de boldo é a cura do coronavírus #boato","1338"
"2023","https://www.boatos.org/saude/cha-folhas-de-louro-cura-cancer.html","Chá de folhas de louro cura o câncer e mata células cancerígenas #boato","662"
"2024","https://www.boatos.org/saude/cha-graviola-cura-cancer-oncologista.html","Chá de folhas de graviola cura câncer, afirma médico oncologista #boato","1013"
"2025","https://www.boatos.org/saude/cha-hibisco-cavalinha-hepatite.html","Chá de hibisco e cavalinha causam hepatite e morte de enfermeira #boato","946"
"2026","https://www.boatos.org/saude/chapeco-esvaziou-utis-tratamento-precoce.html","Chapecó esvaziou UTIs graças ao tratamento precoce (hidroxicloroquina, ivermectina etc.) #boato","935"
"2027","https://www.boatos.org/saude/charles-hoffe-dolores-cahill-sherri-tempenny-estao-certos-ao-falar-de-danos-irreversiveis-vacina-contra-covid-19.html","Charles Hoffe, Dolores Cahill e Sherri Tempenny estão certos ao falar de danos irreversíveis da vacina contra Covid-19 #boato","1130"
"2028","https://www.boatos.org/saude/checamos-quatro-alegacoes-falsas-sobre-vacinas-contra-o-hpv.html","Checamos quatro alegações falsas sobre vacinas contra o HPV","963"
"2029","https://www.boatos.org/saude/chefe-da-toxicologia-do-hospital-joao-xxiii-gravou-audio-em-que-recomenda-evitar-o-consumo-de-bebidas-alcoolicas.html","É falso áudio atribuído a chefe da Toxicologia do João XXIII que recomenda evitar álcool por causa de metanol","1060"
"2030","https://www.boatos.org/saude/chefe-rotina-hospital-acari-ronaldo-gazolla-pede-pessoas-saiam-as-ruas-voltem-trabalho.html","Chefe de rotina do Hospital de Acari (Ronaldo Gazolla) pede que as pessoas saiam às ruas e voltem ao trabalho #boato","1912"
"2031","https://www.boatos.org/saude/china-comprou-vacina-empresa-sueca-vacina-sao-paulo-nao-funciona.html","China comprou vacina de empresa sueca porque vacina testada em São Paulo não funciona #boato","1089"
"2032","https://www.boatos.org/saude/china-descarta-coronavac-anvisa-fora-padrao.html","China descarta Coronavac e Anvisa diz que fábrica da Sinovac está fora do padrão #boato","804"
"2033","https://www.boatos.org/saude/china-nao-teve-fase-3-coronavac-porque-brasileiros-sejam-cobaias.html","China não teve fase 3 da Coronavac porque quer que brasileiros sejam cobaias #boato","725"
"2034","https://www.boatos.org/saude/china-proibiu-consumo-coca-cola-classificou-produto-limpeza.html","É falso que a China proibiu a Coca Cola e a classificou como produto de limpeza","938"
"2035","https://www.boatos.org/saude/china-usar-vacina-oxford-em-vez-da-chinesa-toda-populacao.html","China vai usar vacina de Oxford em vez da chinesa em toda população #boato","908"
"2036","https://www.boatos.org/saude/chines-apaixonado-por-sashimi-fica-com-larvas-no-corpo-boato.html","Chinês apaixonado por sashimi fica com larvas no corpo #boato","443"
"2037","https://www.boatos.org/saude/chineses-nao-usam-mascaras-butantan-brasil.html","Chineses não usam máscaras em reunião no Instituto Butantan, no Brasil #boato","843"
"2038","https://www.boatos.org/saude/chocolate-lacta-e-feito-de-grafeno-porque-tem-selo-do-bill-gates.html","É falso que chocolate da Lacta seja feito com grafeno e “selo do Bill Gates” nada tem a ver com isso","582"
"2039","https://www.boatos.org/saude/chocolate-nao-deve-se-consumir-com-leite-porque-prejudica-absorcao-de-calcio-boato.html","Chocolate não deve se consumir com leite porque prejudica absorção de cálcio #boato","601"
"2040","https://www.boatos.org/saude/chocolate-no-brasil-tem-latex-natural-como-um-dos-seus-ingredientes.html","Ao contrário do que sugerem publicações, látex não é um dos ingredientes do chocolate fabricado no Brasil","870"
"2041","https://www.boatos.org/saude/cid-moreira-jornal-nacional-anunciam-tratamento-natural-catarata.html","Vozes de Cid Moreira e William Bonner são dubladas com IA em propaganda de produto falso contra catarata","760"
"2042","https://www.boatos.org/saude/cidades-brasil-parar-depois-eleicoes-municipais.html","Cidades do Brasil vão parar por 3 meses no dia 16/11 (depois das eleições municipais) #boato","919"
"2043","https://www.boatos.org/saude/cidades-sem-mortes-covid-tratamento-precoce.html","Cidades estão sem mortes por Covid-19 há 30 dias por causa de tratamento precoce #boato","904"
"2044","https://www.boatos.org/saude/cientista-oms-vai-ser-condenada-morte-nao-recomendar-ivermectina.html","Cientista da OMS vai ser condenada à morte por não recomendar ivermectina #boato","697"
"2045","https://www.boatos.org/saude/cientistas-colocam-mrna-no-leite-para-vacinar-pessoas-secretamente.html","Cientistas colocam mRNA no leite para vacinar pessoas secretamente #boato","787"
"2046","https://www.boatos.org/saude/cientistas-descobrem-cocaina-mata-coronavirus.html","Cientistas descobrem que cocaína mata o coronavírus #boato","566"
"2047","https://www.boatos.org/saude/cientistas-descobrem-que-cloroquina-e-a-cura-para-variante-omicron.html","Cientistas descobrem que a cloroquina é a cura para variante Ômicron #boato","989"
"2048","https://www.boatos.org/saude/cientistas-descobriram-que-bananas-muito-maduras-curam-cancer.html","É falso que cientistas descobriram que bananas muito maduras curam câncer","751"
"2049","https://www.boatos.org/saude/cievs-municipal-estadual-testes-coronavirus-covid-19-casa.html","CIEVS municipal e estadual estão fazendo teste de coronavírus (Covid-19) em casa #boato","799"
"2050","https://www.boatos.org/saude/cirurgia-catarata-benjamin-constant.html","Cirurgia de catarata gratuita no Instituto Benjamin Constant #boato","597"
"2051","https://www.boatos.org/saude/clinica-bueno-mamografia-outubro.html","Clínica Bueno tem mamografia a R$ 10 no Outubro Rosa #boato","524"
"2052","https://www.boatos.org/saude/clube-hebraica-vacina-pfizer-vencer.html","Clube Hebraica em São Paulo tem vacina da Pfizer que está para vencer #boato","679"
"2053","https://www.boatos.org/saude/cobaia-de-doria-passou-mal-com-vacina-da-china.html","Cobaia de Doria relata que passou mal após tomar vacina da China contra Covid-19 #boato","857"
"2054","https://www.boatos.org/saude/coca-cola-abacaxi-veneno.html","Coca-Cola com abacaxi é um veneno e muitas pessoas morreram por isso #boato","642"
"2055","https://www.boatos.org/saude/coca-cola-com-limao-se-transforma-em-benzeno-e-causa-cancer.html","Coca-Cola com limão se transforma em benzeno e causa câncer #boato","1134"
"2056","https://www.boatos.org/saude/coca-cola-contaminada-hiv-aids.html","Coca-Cola foi contaminada com vírus HIV, da aids, por funcionário #boato","507"
"2057","https://www.boatos.org/saude/coca-cola-esta-contaminada-com-metanol-causando-mortes-e-vitimas-no-brasil.html","É falso que Coca-Cola esteja contaminada com metanol ou que JN e Renata Vasconcellos tenha feito um alerta","823"
"2058","https://www.boatos.org/saude/coca-cola-tem-nivel-de-acucar-531-cerveja-tem-nivel-45-video.html","Coca Cola tem nível de açúcar 531 enquanto cerveja tem nível 45, prova vídeo #boato","769"
"2059","https://www.boatos.org/saude/coca-cola-testa-positivo-covid-19-testes-sao-falsos.html","Coca-Cola que testa positivo para Covid-19 mostra como testes são falsos #boato","964"
"2060","https://www.boatos.org/saude/colocar-refrigerante-pepsi-coca-carne-porco-faz-larvas-aparecerem.html","Colocar refrigerante (Pepsi ou Coca) na carne de porco detecta parasitas #boato","841"
"2061","https://www.boatos.org/saude/comecar-banho-lavando-cabeca-cabelo-causar-avc.html","Começar o banho lavando a cabeça (ou cabelo) pode causar AVC #boato","1012"
"2062","https://www.boatos.org/saude/comer-fruta-estomago-vazio-cura-do-cancer-dr-stephen-mak.html","Comer fruta de estômago vazio é a cura do câncer, diz Dr. Stephen Mak #boato","807"
"2063","https://www.boatos.org/saude/comida-aquecida-microondas-cancer.html","Comida aquecida no microondas causa câncer e faz mal à saúde #boato","883"
"2064","https://www.boatos.org/saude/complexo-hospitalar-niteroi-chn-repassa-orientacoes-fiocruz-coronavirus.html","Complexo Hospitalar de Niterói (CHN) repassa orientações da Fiocruz sobre o coronavírus #boato","1690"
"2065","https://www.boatos.org/saude/comprimidos-100dores-sao-indicados-pela-anvisa-e-por-celebridades-para-acabar-com-dores.html","Comprimido 100Dores não é aprovado pela Anvisa e nem é endossado por celebridades","840"
"2066","https://www.boatos.org/saude/comprovado-alimentos-transgenicos-cancer.html","Foi comprovado que alimentos transgênicos causam câncer #boato","739"
"2067","https://www.boatos.org/saude/conferencia-covid-summit-prova-que-pandemia-foi-uma-farsa-e-vacinas-sao-armas-biologicas.html","Conferência Covid Summit prova que pandemia foi uma farsa e vacinas são armas biológicas #boato","907"
"2068","https://www.boatos.org/saude/conferencia-medica-de-doencas-malignas-em-berlim-lista-coisas-que-fazem-mal-a-saude.html","É falso que lista de hábitos de saúde tenha sido revelada em conferência médica de doenças em Berlim","766"
"2069","https://www.boatos.org/saude/conseguir-prender-respiracao-a-b-video-livre-covid-19.html","Se você conseguir prender a respiração do ponto A ao B do vídeo, está livre da Covid-19 #boato","1045"
"2070","https://www.boatos.org/saude/consumir-dioxido-de-cloro-cds-cura-diversas-doencas-e-faz-bem-para-saude.html","É falso que consumo de Dióxido de Cloro (CDS) seja solução para doenças graves","922"
"2071","https://www.boatos.org/saude/cores-quadrados-pasta-dente-nao-indicam-produto-natural.html","Cores dos quadrados em pasta de dente indicam se produto é natural #boato","305"
"2072","https://www.boatos.org/saude/coronavac-nao-funciona-contra-nova-cepa-covid-19-diz-estudo.html","Coronavac não funciona contra nova cepa da Covid-19, diz estudo #boato","559"
"2073","https://www.boatos.org/saude/coronavirus-10-mil-casos-confirmados-brasil-28-milhoes-mundo.html","Coronavírus tem 10 mil casos confirmados Brasil e 28 milhões no mundo #boato","621"
"2074","https://www.boatos.org/saude/coronavirus-existia-desde-2014-china-vacinou-populacao-2018-2019.html","Coronavírus já existia desde 2014 e China já vacinou população em 2018 e 2019 #boato","1230"
"2075","https://www.boatos.org/saude/coronavirus-h1n1-hiv-vacina-chip-plasma-reduzir-populacao.html","Covid-19 é H1N1 + HIV e vacina terá chip de plasma para reduzir população #boato","1629"
"2076","https://www.boatos.org/saude/coronavirus-nao-causa-pneumonia-trombose-respiradores-utis.html","Coronavírus não causa pneumonia (causa problema de coagulação) e não necessita de respiradores e UTIs para tratamento #boato","1289"
"2077","https://www.boatos.org/saude/coronavirus-nao-e-virus-letal-nao-mata-ninguem.html","O coronavírus não é um vírus letal, não mata ninguém e nunca matará #boato","858"
"2078","https://www.boatos.org/saude/coronavirus-testado-arma-biologica-china-documentos.html","Coronavírus foi testado como arma biológica pela China, mostram documentos #boato","539"
"2079","https://www.boatos.org/saude/coronavirus-transmissivel-atraves-vinho-italia.html","Coronavírus é transmissível através do vinho da Itália #boato","416"
"2080","https://www.boatos.org/saude/cotonete-dos-testes-covid-19-ja-estao-infectados-mostra-microscopio.html","Cotonete dos testes de Covid-19 já estão infectados na caixa, mostra microscópio #boato","945"
"2081","https://www.boatos.org/saude/covid-19-farsa-criada-venda-de-orgaos-mercado-negro.html","Covid-19 é uma farsa criada para venda de órgãos no mercado negro #boato","1272"
"2082","https://www.boatos.org/saude/covid-19-foi-criada-para-implementacao-do-governo-mundial.html","Covid-19 foi criada apenas para implementação do governo mundial #boato","971"
"2083","https://www.boatos.org/saude/covid-19-significa-certificado-identificacao-vacina-inteligencia-artificial-vacina-monitorar.html","Covid-19 significa Certificado de Identificação de Vacina com Inteligência Artificial e vacina servirá para monitorar a população #boato","1483"
"2084","https://www.boatos.org/saude/covid-parar-quando-infectar-maioria-pessoas-mutacao-menos-letal-mentira-isolamento.html","Covid só vai parar quando infectar maioria das pessoas, mutação está menos letal e mentiram sobre isolamento #boato","2339"
"2085","https://www.boatos.org/saude/cpf-cura-covid-19-prova-fraude-notificacao-obitos.html","CPF cura Covid-19 e prova que há fraude na notificação de óbitos #boato","716"
"2086","https://www.boatos.org/saude/creme-dental-kolynos-cloroquina-propaganda.html","Creme dental Kolynos era vendido com cloroquina, mostra propaganda #boato","461"
"2087","https://www.boatos.org/saude/cremesp-protocolo-tratamento-covid-19-hidroxicloroquina.html","Cremesp publica protocolo de tratamento de Covid-19 com hidroxicloroquina #boato","888"
"2088","https://www.boatos.org/saude/creolina-cura-covid-19-mata-coronavirus-diz-medico-roberto-klaus.html","Creolina cura a Covid-19 e mata o coronavírus, diz médico Roberto Klaus #boato","1482"
"2089","https://www.boatos.org/saude/criador-vacina-pfizer-robert-malone-revela-vacinas-contra-covid-19-estavam-teste-nao-funcionam.html","Criador da vacina da Pfizer, Robert Malone revela que as vacinas contra Covid-19 estavam em teste e não funcionam #boato","881"
"2090","https://www.boatos.org/saude/crianca-de-12-anos-morre-no-aeroporto-de-cuiaba-apos-tomar-vacina-contra-covid-19-boato.html","Criança de 12 anos morre no aeroporto de Cuiabá após tomar vacina contra Covid-19 #boato","538"
"2091","https://www.boatos.org/saude/crianca-morre-fazer-trancas.html","Criança morre duas horas após fazer tranças no salão #boato","665"
"2092","https://www.boatos.org/saude/crianca-morre-pula-pula-pulmao.html","Criança morre após usar pula-pula com pipoca e refri no pulmão #boato","556"
"2093","https://www.boatos.org/saude/crianca-morreu-planta-amoena-comigo.html","Criança de 5 anos morreu por causa da planta Amoena (Comigo-ninguém-pode) #boato","720"
"2094","https://www.boatos.org/saude/criancas-vacinas-mais-saudaveis.html","Crianças que não tomam vacinas são cinco vezes mais saudáveis #boato","598"
"2095","https://www.boatos.org/saude/cruz-vermelha-americana-japonesa-nao-aceitam-doacao-de-sangue-vacinados-covid-19.html","Cruz Vermelha americana e japonesa não aceitam doação de sangue de vacinados contra a Covid-19 #boato","809"
"2096","https://www.boatos.org/saude/cuba-duas-faculdades-medicina.html","Cuba tem só duas faculdades de medicina e forma 300 médicos por ano #boato","533"
"2097","https://www.boatos.org/saude/cuba-fabricou-vacina-novo-coronavirus.html","Cuba fabricou vacina contra o novo coronavírus #boato","785"
"2098","https://www.boatos.org/saude/cuidado-agua-de-quiabo-nao-cura-diabetes.html","Cuidado: água de quiabo não cura diabetes","470"
"2099","https://www.boatos.org/saude/cuidado-cebolas-absorvem-bacterias.html","Cuidado com as cebolas; elas absorvem bactérias e são venenosas #boato","1208"
"2100","https://www.boatos.org/saude/cuidado-com-o-mito-do-alimento-industrializado-saudavel.html","Cuidado com o mito do alimento industrializado “saudável”","778"
"2101","https://www.boatos.org/saude/curcuma-vitamina-e-e-canabidiol-curam-cancer.html","Combo de cúrcuma, vitamina E e canabidiol é mais novo fake vendido como cura para o câncer","673"
"2102","https://www.boatos.org/saude/data-fabricacao-vacina-chinesa-abril-2020-revela-plano-china.html","Data de fabricação da vacina chinesa (abril de 2020) revela plano maléfico da China #boato","906"
"2103","https://www.boatos.org/saude/datas-vacinacao-para-idosos-em-marco-1o-de-marco-74-anos-2-de-marco-73-anos-etc.html","Datas da vacinação para idosos em março: “1º de março – 74 anos”, “2 de março – 73 anos” etc. #boato","780"
"2104","https://www.boatos.org/saude/datas-vacinacao-pessoas-sp-0-75-anos-sao-divulgadas.html","Datas de vacinação para pessoas de SP de 0 a 75 anos são divulgadas #boato","866"
"2105","https://www.boatos.org/saude/debora-birx-e-anthony-fauci-admitem-inventaram-mentiras-da-ciencia-do-lockdown-mascaras-e-vacinas.html","Débora Birx e Anthony Fauci admitem que inventaram mentiras da “ciência” do lockdown, máscaras e vacinas #boato","904"
"2106","https://www.boatos.org/saude/declaracao-de-drauzio-varella-sobre-silicone-e-alzheimer-e-falsa.html","Declaração de Drauzio Varella sobre silicone e alzheimer é falsa","311"
"2107","https://www.boatos.org/saude/decreto-40-538-proibe-circulacao-idosos-60-anos-distrito-federal.html","Decreto Nº 40.538 proíbe circulação de idosos com mais 60 anos no Distrito Federal #boato","902"
"2108","https://www.boatos.org/saude/delfinopolis-surto-febre-amarela.html","Delfinópolis tem surto de febre amarela, alerta enfermeiro #boato","750"
"2109","https://www.boatos.org/saude/dentista-boliviana-esta-certa-dizer-vacinas-contem-grafeno.html","Dentista boliviana está certa ao dizer que vacinas contém grafeno #boato","597"
"2110","https://www.boatos.org/saude/desinfetante-lysol-cura-novo-coronavirus-doenca-conhecida.html","Desinfetante Lysol cura o novo coronavírus e é a prova que a doença já era conhecida #boato","750"
"2111","https://www.boatos.org/saude/dexametasona-cura-covid-19-previne-coronavirus.html","Dexametasona é a cura para a Covid-19 e previne o coronavírus #boato","730"
"2112","https://www.boatos.org/saude/dia-d-vacinacao-sarampo-16-fevereiro.html","Dia D de vacinação contra o sarampo será 16 de fevereiro de 2019 #boato","754"
"2113","https://www.boatos.org/saude/diabetes-e-causada-por-um-verme-e-pode-ser-curada-com-remedio-natural-anunciado-na-internet.html","Diabetes não é causada por verme e não é curada por “remédio natural” da internet","1131"
"2114","https://www.boatos.org/saude/dica-falsa-casca-de-bananas-clareia-os-dentes.html","Dica falsa: casca de bananas clareia os dentes","600"
"2115","https://www.boatos.org/saude/dica-falsa-de-saude-diz-que-aspargos-podem-curar-cancer.html","Dica falsa de saúde diz que aspargos podem curar câncer","627"
"2116","https://www.boatos.org/saude/dinamarca-proibiu-vacina-covid-50-anos.html","Dinamarca proibiu vacina contra Covid-19 para população com menos de 50 anos #boato","521"
"2117","https://www.boatos.org/saude/dipimed-dipirona-venezuela-virus-marburg.html","Dipimed, a dipirona da Venezuela, está com vírus Marburg #boato","560"
"2118","https://www.boatos.org/saude/dipirona-da-venezuela-esta-contaminada-com-virus-mortal-boato.html","Dipirona da Venezuela está contaminada com vírus mortal #boato","605"
"2119","https://www.boatos.org/saude/dipirona-s-500-da-venezuela-vem-com-virus-marburg-que-e-mortal-boato.html","Dipirona S/500 da Venezuela vem com vírus Marburg que é mortal #boato","478"
"2120","https://www.boatos.org/saude/dipirona-s500-virus-marburg.html","Dipirona S/500 da Venezuela contém vírus Marburg, que é mortal #boato","551"
"2121","https://www.boatos.org/saude/diretor-da-anvisa-pede-demissao-larga-o-verbo-contra-vacinas-e-recomenda-sol-funcho-e-ivermectina-boato.html","Diretor da Anvisa pede demissão, larga o verbo contra vacinas e recomenda sol, funcho e ivermectina #boato","1728"
"2122","https://www.boatos.org/saude/diretor-do-hc-fez-recomendacoes-porque-esta-preocupado-com-a-nova-gripe.html","Mensagem falsa sobre diretor do HC fazendo recomendações contra gripe volta a circular","748"
"2123","https://www.boatos.org/saude/diretor-do-hc-preocupado-nova-gripe-recomenda-cha-de-erva-doce.html","Diretor do HC, preocupado com nova gripe, recomenda chá de erva-doce no lugar de Tamiflu #boato","823"
"2124","https://www.boatos.org/saude/diretor-do-hc-sao-domingos-cha-de-erva-doce-contra-nova-gripe.html","Fake news sobre “diretor do HC”, “chá de erva-doce” e “nova gripe” volta a circular na internet","646"
"2125","https://www.boatos.org/saude/diretor-do-hospital-de-pequim-disse-que-diversos-sintomas-nao-sao-doencas-e-sim-sinais-do-envelhecimento.html","Corrente que fala de conselhos de Diretor do Hospital de Pequim sobre envelhecimento e doenças Crônicas contém erros e não tem autoria confirmada","1553"
"2126","https://www.boatos.org/saude/diretor-hc-hospital-clinicas-gripe-h3n2.html","Diretor do HC (Hospital das Clínicas) faz alerta sobre gripe H3N2 #boato","1036"
"2127","https://www.boatos.org/saude/diretor-hospital-sao-jose-fortaleza-alerta-estocar-comida-coronavirus.html","Diretor do hospital São José de Fortaleza alerta que todos devem estocar comida por causa do coronavírus #boato","651"
"2128","https://www.boatos.org/saude/diretor-oms-diz-vacinas-contra-covid-19-matam-criancas.html","Diretor da OMS diz que vacinas contra Covid-19 matam crianças #boato","596"
"2129","https://www.boatos.org/saude/diretor-pfizer-jordan-trishton-walker-confessa-que-empresa-mutacoes-para-produzir-novas-vacinas-covid-19.html","Diretor da Pfizer Jordan Trishton Walker confessa que empresa cria mutações para produzir novas vacinas da Covid-19 #boato","879"
"2130","https://www.boatos.org/saude/diretor-presidente-anvisa-diz-populacao-corre-risco-grave-ao-tomar-vacinas.html","Diretor-presidente da Anvisa diz que população corre risco grave ao tomar vacinas #boato","556"
"2131","https://www.boatos.org/saude/diretora-covid-19-reabertura-escolas-rio.html","Diretora morreu de Covid-19 por causa de reabertura de escolas no Rio de Janeiro #boato","823"
"2132","https://www.boatos.org/saude/diretoria-hospital-stanford-mensagem-novo-coronavirus.html","Diretoria do hospital de Stanford divulga mensagem sobre o novo coronavírus #boato","1732"
"2133","https://www.boatos.org/saude/doacao-imbruvica-remedio-leucemia-cancer.html","Doação de Imbruvica, remédio para tratamento da leucemia (câncer) #boato","629"
"2134","https://www.boatos.org/saude/doacao-sangue-ab-elisa.html","Menina Elisa Mirela precisa de doação de sangue AB negativo #boato","545"
"2135","https://www.boatos.org/saude/doces-turquia-comprimidos-causam-paralisia.html","Doces da Turquia estão com comprimidos que causam paralisia #boato","699"
"2136","https://www.boatos.org/saude/documento-da-possivel-supernotificacao-de-obitos-causados-por-covid-19-no-brasil-e-do-tcu.html","Documento “Da possível supernotificação de óbitos causados por Covid-19 no Brasil” é do TCU #boato","850"
"2137","https://www.boatos.org/saude/doenca-identificada-no-japao-e-um-virus-comedor-de-anus.html","Doença identificada no Japão não é “um vírus comedor de ânus”","840"
"2138","https://www.boatos.org/saude/doenca-pior-hiv-aids-japao.html","Doença pior do que o HIV (sida ou aids) atinge 40% da população do Japão #boato","820"
"2139","https://www.boatos.org/saude/dono-bar-stadt-jever-audio-cerveja-ambev.html","Dono do bar Stadt Jever, em BH, grava áudio falando mal da cerveja Ambev #boato","983"
"2140","https://www.boatos.org/saude/dono-de-funeraria-descobriu-que-mortes-aumentaram-700-entre-quem-se-vacinou-contra-a-covid-19.html","Estatística de “dono de funerária na Austrália” de aumento de mortes em vacinados não faz sentido","535"
"2141","https://www.boatos.org/saude/dono-rede-atacadao-carrefour-fim-quarentena-demitir-60-funcionarios.html","Dono da rede Atacadão e Carrefour pede fim da quarentena e diz que vai demitir 60% dos funcionários #boato","729"
"2142","https://www.boatos.org/saude/doria-gastar-22-bilhoes-vacina-china.html","Doria vai gastar R$ 22 bilhões com a vacina da China para imunizar São Paulo #boato","1032"
"2143","https://www.boatos.org/saude/doria-lockdown-sao-paulo-novembro.html","Doria anuncia lockdown em São Paulo em novembro de 2020 #boato","648"
"2144","https://www.boatos.org/saude/doritos-colocado-microscopio-revela-bichos-vermes-acaros.html","Não é possível afirmar que Doritos ou Cheetos tenham “bicho” com base em vídeos virais com microscópio","511"
"2145","https://www.boatos.org/saude/dr-antonio-sproesser-medico-da-record-fez-propaganda-de-gelatina-slim-para-emagrecer.html","É falso que Dr. Antonio Sproesser, médico da Record, fez propaganda de gelatina Slim para emagrecer","919"
"2146","https://www.boatos.org/saude/dr-dave-martin-revela-que-coronavirus-foi-criado-propositalmente.html","Dr. Dave Martin revela que o coronavírus foi criado propositalmente #boato","851"
"2147","https://www.boatos.org/saude/dr-derek-knauss-covid-19-testes-positivos.html","Dr. Derek Knauss não encontra Covid-19 em 1.500 testes positivos #boato","1159"
"2148","https://www.boatos.org/saude/dr-heider-hospital-adventista-belem-mascara-audio-whatsapp.html","Dr. Heider do Hospital Adventista de Belém condena uso de máscaras em áudio no WhatsApp #boato","2199"
"2149","https://www.boatos.org/saude/dr-paolo-zanotto-texto-assassinato-conspiracao-disfarcado-de-estudo-cientifico-cloroquina.html","Dr. Paolo Zanotto escreve texto “assassinato, conspiração disfarçado de estudo científico” sobre pesquisa com cloroquina #boato","828"
"2150","https://www.boatos.org/saude/dr-patrick-martin-dra-lidia-rota-vender-dicas-novo-coronavirus.html","Dr. Patrick Martin e Dra. Lidia Rota Vender publicam dicas sobre o novo coronavírus #boato","1773"
"2151","https://www.boatos.org/saude/dr-steve-hotze-vacinas-terapias-geneticas-experimentais.html","Dr. Steve Hotze está certo ao dizer que vacinas são, na realidade, terapias genéticas experimentais #boato","2104"
"2152","https://www.boatos.org/saude/dra-ana-oliveira-e-medica-e-recomenda-masturbacao-diaria-para-idosos.html","É falso que dra. Ana Oliveira, que recomenda masturbação diária para idosos, seja médica ou mesmo “real”","1030"
"2153","https://www.boatos.org/saude/dra-christiane-borthrup-alertar-vacina-muda-dna-transforma-antenas-5g.html","Dra. Christiane Northrup está certa ao alertar que vacina muda DNA e nos transforma em antenas 5G #boato","1652"
"2154","https://www.boatos.org/saude/dra-juliana-miguita-audio-cebola-veneno.html","Dra. Juliana Miguita diz, em áudio, que cebola na geladeira é um veneno #boato","1088"
"2155","https://www.boatos.org/saude/dra-natalia-pasternak-mentiu-curriculo-falsa-biologa.html","Dra. Natalia Pasternak mentiu no currículo e se apresenta de forma falsa como bióloga #boato","1517"
"2156","https://www.boatos.org/saude/dra-patricia-montenegro-phd-de-neurocirurgia-da-johns-hopkins-medica-da-forca-aerea-texto-sobre-vacinas-experimentais.html","Dra. Patrícia Montenegro, PhD de neurocirurgia da Johns Hopkins e médica da Força Aérea, faz texto sobre “vacinas experimentais” #boato","982"
"2157","https://www.boatos.org/saude/drauzio-varella-agua-gelada-cancer.html","Drauzio Varella diz que água gelada faz mal e causa câncer #boato","646"
"2158","https://www.boatos.org/saude/drauzio-varella-alertou-novo-surto-covid-19-pediu-todos-usarem-mascaras-2023.html","Vídeo de Drauzio Varella alertando sobre “novo surto de Covid-19” é de novembro de 2022","466"
"2159","https://www.boatos.org/saude/drauzio-varella-anuncia-oculos-inteligente-alemao-que-cura-todos-problemas-de-visao.html","Imagem de Drauzio Varella é utilizada em propaganda enganosa de óculos inteligente alemão que curaria todos problemas de visão","842"
"2160","https://www.boatos.org/saude/drauzio-varella-anuncia-receita-para-curar-impotencia-ejaculacao-precoce.html","Drauzio Varella não está anunciando tratamento natural para impotência e ejaculação precoce","864"
"2161","https://www.boatos.org/saude/drauzio-varella-continuar-andando-rua-durante-quarentena-coronavirus.html","Drauzio Varella diz que vai continuar andando na rua durante quarentena do coronavírus #boato","1072"
"2162","https://www.boatos.org/saude/drauzio-varella-criou-dieta-banana-faz-emagrecer-muito.html","Drauzio Varella criou dieta da banana que faz emagrecer muito #boato","561"
"2163","https://www.boatos.org/saude/drauzio-varella-disse-vacina-contra-dengue-qdenga-transgenica-altera-dna-causa-cancer.html","É falso que Drauzio Varella disse que vacina contra dengue, a Qdenga, causa câncer e altera DNA","566"
"2164","https://www.boatos.org/saude/drauzio-varella-escreveu-texto-sobre-terceira-quarta-idade-e-longevidade.html","Texto atribuído a Drauzio Varella sobre terceira, quarta idade e longevidade não é dele","882"
"2165","https://www.boatos.org/saude/drauzio-varella-lancou-aplicativo-cha-japones-emagrecer.html","É falso que Drauzio Varella tenha lançado aplicativo chá japonês, de emagrecimento","527"
"2166","https://www.boatos.org/saude/drauzio-varella-mamografia-cancer.html","Dráuzio Varella alerta que mamografia causa câncer na tireoide #boato","772"
"2167","https://www.boatos.org/saude/drauzio-varella-nao-incentivou-criancas-a-fumarem-maconha-e-usarem-drogas-video-foi-manipulado.html","Drauzio Varella não incentivou crianças a fumarem maconha e usarem drogas; vídeo foi manipulado","751"
"2168","https://www.boatos.org/saude/drauzio-varella-nobel-medicina-silicone-alzheimer.html","Drauzio Varella, Nobel de medicina, diz que se gasta mais com silicone do que com Alzheimer #boato","452"
"2169","https://www.boatos.org/saude/drauzio-varella-promove-capsulas-para-curar-neuropatia.html","Vídeo com Drauzio Varella promovendo cápsulas contra neuropatia é falso","619"
"2170","https://www.boatos.org/saude/drauzio-varella-recomenda-ameixa-app-para-a-curar-da-prisao-de-ventre-e-regular-o-intestino.html","É falso que Drauzio Varella recomende Ameixa APP para prisão de ventre e regulação do intestino","895"
"2171","https://www.boatos.org/saude/drauzio-varella-vende-tratamentos-para-diabetes-zumbido-no-ouvido-e-impotencia-em-anuncios-nas-redes-sociais.html","Vídeos falsos de Drauzio Varella são utilizados em produtos que prometem (sem cumprir) cura de diabetes, zumbido no ouvido e impotência","811"
"2172","https://www.boatos.org/saude/droga-mata-tres-dias-chega-brasil.html","Droga que mata em três dias chega ao Brasil #boato","758"
"2173","https://www.boatos.org/saude/drogaraia-vendendo-vacinas-contra-covid-19.html","DrogaRaia está vendendo vacinas contra a Covid-19 #boato","729"
"2174","https://www.boatos.org/saude/drogasil-vende-mounjaro-por-r97-em-programa-do-governo.html","Golpe usa nome da Drogasil e do governo para vender Mounjaro","858"
"2175","https://www.boatos.org/saude/ebola-brasil-confira-cinco-noticias-falsas-sobre-casos-da-doenca.html","Ebola no Brasil: confira cinco notícias falsas sobre casos da doença","495"
"2176","https://www.boatos.org/saude/ebola-e-uma-farsa-criada-pela-cruz-vermelha-dizem-teorias-da-conspiracao.html","Ebola é uma farsa criada pela Cruz Vermelha, dizem teorias da conspiração","682"
"2177","https://www.boatos.org/saude/efeitos-colaterais-mostram-tomar-vacina-chinesa-pior-pegar-covid-19.html","Efeitos colaterais mostram que tomar vacina chinesa é pior do que pegar Covid-19 #boato","1101"
"2178","https://www.boatos.org/saude/eficacia-coronavac-de-3-a-50-idosos-sera-questionada-justica.html","Eficácia da Coronavac é de 3% a 50% em idosos e será questionada na Justiça #boato","884"
"2179","https://www.boatos.org/saude/eficacia-global-vacina-coronavac-4969-nao-de-5038.html","Eficácia global da vacina Coronavac é de 49,69% e não de 50,38% #boato","1016"
"2180","https://www.boatos.org/saude/empresa-chinesa-produz-vacina-contra-covid-19-vacinas-falsas.html","Empresa chinesa que produz vacina contra a Covid-19 vendia vacinas falsas #boato","521"
"2181","https://www.boatos.org/saude/empresarios-cuiaba-vao-cuba-tomar-vacina-sputnik-v.html","Empresários de Cuiabá vão para Cuba tomar vacina Sputnik V #boato","738"
"2182","https://www.boatos.org/saude/energeticos-derretem-alimentos-fazem-mal-a-saude-video.html","Energéticos derretem alimentos e fazem mal à saúde, mostra vídeo #boato","587"
"2183","https://www.boatos.org/saude/enfermeira-bacteria-sem-cura-dinheiro.html","Enfermeira alerta que bactéria sem cura está nas notas de dinheiro #boato","546"
"2184","https://www.boatos.org/saude/enfermeira-febre-amarela-sao-paulo.html","Enfermeira do HC diz que todos têm que tomar vacina da febre amarela na cidade de São Paulo #boato","1111"
"2185","https://www.boatos.org/saude/enfermeira-indignada-denuncia-ordem-intubar-baixar-oxigenio-aumentar-numero-mortes-covid-19.html","Enfermeira indignada denuncia que ordem é intubar e baixar oxigênio para aumentar número de mortes por Covid-19 #boato","604"
"2186","https://www.boatos.org/saude/enfermeira-monica-calazans-ja-havia-sido-vacinada-covid-19.html","Enfermeira Mônica Calazans já havia sido vacinada contra a Covid-19 #boato","546"
"2187","https://www.boatos.org/saude/enfermeira-nova-ordem-mundial-desligando-oxigenio.html","Enfermeira denuncia que Nova Ordem Mundial está desligando oxigênio de pacientes de Covid-19 #boato","769"
"2188","https://www.boatos.org/saude/enfermeira-sandra-m-guerra-demitida-video-de-uti-vazia-bahia.html","Enfermeira Sandra M. Guerra foi demitida por postar vídeo de UTI vazia na Bahia #boato","695"
"2189","https://www.boatos.org/saude/enfermeira-tirou-foto-escondida-e-descobriu-que-testes-de-covid-19-ja-vem-com-positivo-e-negativo.html","Enfermeira tirou foto escondida e descobriu que testes de Covid-19 já vem com positivo e negativo #boato","407"
"2190","https://www.boatos.org/saude/enfermeira-vacina-febre-amarela-farsa.html","Enfermeira alerta que ninguém deve tomar a vacina contra febre amarela #boato","986"
"2191","https://www.boatos.org/saude/enfermeiras-paraty-vacina-chinesa-covid-19.html","Enfermeiras de Paraty (RJ) são internadas após receberem vacina chinesa contra Covid-19 #boato","665"
"2192","https://www.boatos.org/saude/engenheiro-descobriu-hospitais-privados-cura-coronavirus.html","Engenheiro descobriu que apenas hospitais privados descobriram a cura para o coronavírus #boato","1265"
"2193","https://www.boatos.org/saude/enxaguantes-bucais-descobertos-cura-covid-19.html","Enxaguantes bucais são descobertos como a cura da Covid-19 #boato","796"
"2194","https://www.boatos.org/saude/enxofre-alho-previne-cura-coronavirus-covid-19.html","Enxofre do alho previne e cura o coronavírus (Covid-19) #boato","516"
"2195","https://www.boatos.org/saude/epidemia-aranha-marrom-brasil.html","Epidemia de aranha marrom está acontecendo no Brasil! Cuidado #boato","539"
"2196","https://www.boatos.org/saude/epidemia-vaca-louca-brasil-carne.html","Epidemia de vaca louca no Brasil; não coma carne vermelha #boato","1175"
"2197","https://www.boatos.org/saude/equador-descobre-cura-do-coronavirus-covid-19-ignorar-oms-fazer-autopsias.html","Equador descobre a cura do coronavírus (Covid-19) ao ignorar OMS e fazer autópsias #boato","1161"
"2198","https://www.boatos.org/saude/erramos-cerveja-envenenada-intoxicou-pessoas.html","[Erramos] Caso da cerveja em BH","1252"
"2199","https://www.boatos.org/saude/especialistas-dicas-curar-cancer.html","Especialistas contam dicas de como curar o câncer após conferência sobre a doença #boato","1155"
"2200","https://www.boatos.org/saude/esperma-vacinados-com-vacinas-mrna-foi-substituido-por-proteinas-spike.html","Esperma de vacinados com vacinas mRNA foi substituído por proteínas spike #boato","718"
"2201","https://www.boatos.org/saude/esposa-ex-ministro-nelson-teich-representante-remdesivir-brasil.html","Esposa do ex-ministro Nelson Teich é representante do Remdesivir no Brasil #boato","697"
"2202","https://www.boatos.org/saude/estados-recebem-r-16-mil-hospitais-recebem-r-12-mil-morte-covid-19.html","Estados recebem R$ 16 mil e hospitais recebem R$ 12 mil para cada morte por Covid-19 #boato","441"
"2203","https://www.boatos.org/saude/estao-dando-vacina-bivalente-gripe-e-covid-para-matar-as-pessoas-em-2025.html","Fake news sobre vacina “bivalente” da gripe e Covid-19 volta a se espalhar na internet em 2025","1827"
"2204","https://www.boatos.org/saude/estatina-e-a-maior-causa-de-demencia-nos-eua-por-reduzir-o-colesterol-do-cerebro.html","Não há estudos que mostrem que a estatina é a principal causa de demência nos EUA","632"
"2205","https://www.boatos.org/saude/estudantes-usp-esquistossomose-tusca.html","Estudantes da USP contraem esquistossomose após nadarem na lama do Tusca #boato","662"
"2206","https://www.boatos.org/saude/estudo-aponta-nitazoxanida-cura-covid-19.html","Estudo aponta que a nitazoxanida é a cura para a Covid-19 #boato","1069"
"2207","https://www.boatos.org/saude/estudo-falso-beber-esperma-ajuda-prevenir-cancer-de-mama.html","Estudo falso: beber sêmen ajuda a prevenir câncer de mama","525"
"2208","https://www.boatos.org/saude/estudo-feito-sus-comprova-eficacia-ivermectina-combate-covid-19.html","Estudo feito pelo SUS comprova eficácia da ivermectina no combate à Covid-19 #boato","2016"
"2209","https://www.boatos.org/saude/estudo-internacional-recente-paises-usam-hidroxicloroquina-taxa-mortalidade-79-menor.html","Estudo internacional mais recente mostra que países que usam hidroxicloroquina têm taxa de mortalidade 79% menor #boato","861"
"2210","https://www.boatos.org/saude/estudo-nature-prova-ivermectina-cura-covid-19-nao-precisamos-vacinas.html","Estudo na Nature prova que ivermectina cura a Covid-19 e não precisamos de vacinas #boato","1190"
"2211","https://www.boatos.org/saude/estudo-prova-que-a-vacina-contra-gripe-reduz-a-expectativa-de-vida.html","É falso que estudo prove que vacina da gripe reduza expectativa de vida","564"
"2212","https://www.boatos.org/saude/estudo-revisado-exige-a-retirada-de-todas-vacinas-contra-covid-19-do-mercado.html","Estudo não pode “exigir” retirada de vacinas e texto que circula online tem informações erradas sobre imunizantes","637"
"2213","https://www.boatos.org/saude/estudo-sorocaba-prova-tratamento-precoce-kit-covid-99-eficacia.html","Estudo em Sorocaba prova que tratamento precoce com Kit Covid tem 99% de eficácia #boato","625"
"2214","https://www.boatos.org/saude/estudo-universidade-hamburgo-coronavirus-menos-perigoso-doencas.html","Estudo da Universidade de Hamburgo aponta que coronavírus é menos perigoso que outras doenças #boato","1785"
"2215","https://www.boatos.org/saude/estudo-usp-comprova-eficacia-hidroxicloroquina-azitromicina-contra-covid.html","Estudo da USP comprova eficácia da hidroxicloroquina e azitromicina contra a Covid-19 #boato","884"
"2216","https://www.boatos.org/saude/eua-cura-novo-coronavirus-teste-hospital-stanford.html","EUA encontraram a cura para o novo coronavírus após teste no Hospital de Stanford #boato","1224"
"2217","https://www.boatos.org/saude/eua-vacina-cura-coronavirus-tres-horas.html","EUA anunciam vacina da Roche Medical Company que cura o coronavírus em três horas #boato","833"
"2218","https://www.boatos.org/saude/eucalipto-tratado-mortes-itaiopolis.html","Queima de eucalipto tratado em churrasco causa três mortes em Itaiópolis (SC) #boato","935"
"2219","https://www.boatos.org/saude/ex-funcionaria-da-pfizer-karen-kingston-esta-certa-ao-dizer-vacinas-tem-oxido-de-grafeno.html","Ex-funcionária da Pfizer Karen Kingston está certa ao dizer que vacinas têm óxido de grafeno #boato","879"
"2220","https://www.boatos.org/saude/exame-de-mamografia-causa-cancer-de-tireoide-boato.html","Exame de mamografia causa câncer de tireoide #boato","1176"
"2221","https://www.boatos.org/saude/exame-de-mamografia-causa-cancer-de-tireoide.html","Exame de mamografia causa câncer de tireoide #boato","1002"
"2222","https://www.boatos.org/saude/exame-de-mamografia-tem-150x-mais-radiacao-do-que-um-raio-x.html","É falso que um exame de mamografia tenha 150x mais radiação do que um raio X","478"
"2223","https://www.boatos.org/saude/exames-gratuitos-causa-115-anos-imigracao-japonesa-disponiveis.html","Exames gratuitos por causa dos 115 anos da imigração japonesa estão disponíveis #boato","410"
"2224","https://www.boatos.org/saude/exercicio-com-lingua-cura-doenca-alzheimer-dr-roberto-klaus.html","Exercício com a língua cura doença de Alzheimer, diz Dr. Roberto Klaus #boato","1148"
"2225","https://www.boatos.org/saude/exercito-construiu-leitos-48-horas.html","Exército construiu 2.000 leitos de hospital em apenas 48 horas #boato","785"
"2226","https://www.boatos.org/saude/exposicao-no-microscopio-mostra-vacinas-contra-covid-19-tem-grafeno-nanodispositivos-bacterias-mortais.html","Exposição no microscópio mostra que vacinas contra Covid-19 têm grafeno, nanodispositivos e bactérias mortais #boato","880"
"2227","https://www.boatos.org/saude/fabrica-clandestina-coca-bangu.html","Fábrica clandestina de Coca-Cola é descoberta em Bangu, Rio #boato","480"
"2228","https://www.boatos.org/saude/falar-demais-previne-alzheimer-e-demencia-em-idosos.html","Não há nenhuma prova de que “falar demais” é uma forma de idosos prevenirem doenças como Alzheimer e demência","664"
"2229","https://www.boatos.org/saude/falso-paciente-covid-19-maca-ambulancia-brasil-video.html","Falso paciente com Covid-19 é colocado em maca de ambulância no Brasil, mostra vídeo #boato","816"
"2230","https://www.boatos.org/saude/faltam-vacinas-e-remedios-no-rio-grande-do-sul-apos-enchentes.html","Não há provas de que vacinas e medicamentos estejam em falta no Rio Grande do Sul","776"
"2231","https://www.boatos.org/saude/fanta-uva-da-cancer-e-problema-nos-rins.html","Fanta Uva causa câncer e problema nos rins #boato","506"
"2232","https://www.boatos.org/saude/fanta-uva-fanta-laranja-coca-cola-causaram-problemas-rins-tumores-23-pessoas.html","Fanta Uva, Fanta Laranja e Coca-Cola causaram problemas nos rins e tumores em 23 pessoas #boato","849"
"2233","https://www.boatos.org/saude/farinha-de-trigo-serve-queimaduras.html","Farinha de trigo serve para tratar queimaduras #boato","769"
"2234","https://www.boatos.org/saude/farmaceutica-japonesa-kowa-comprova-eficacia-da-ivermectina-contra-variante-omicron-covid-19.html","Farmacêutica japonesa Kowa comprova eficácia da ivermectina contra variante Ômicron da Covid-19 #boato","742"
"2235","https://www.boatos.org/saude/faustao-fez-propaganda-de-tratamento-contra-a-diabetes-pelo-whatsapp.html","Golpe usa vídeo falso de Faustão para fazer propaganda de tratamento ineficaz contra a diabetes","1450"
"2236","https://www.boatos.org/saude/fda-passou-a-recomendar-ivermectina-contra-a-covid-19-nos-eua.html","Mensagem que afirma que a FDA está recomendando a ivermectina para o tratamento da Covid-19 distorce a realidade","914"
"2237","https://www.boatos.org/saude/febre-amarela-farsa-governo.html","Febre amarela é uma farsa criada pelo governo para vender vacina #boato","792"
"2238","https://www.boatos.org/saude/feijao-contaminado-com-bicho-mata-10-pessoas-diz-alerta-falso.html","Feijão contaminado com bicho mata 10 pessoas, diz alerta falso","977"
"2239","https://www.boatos.org/saude/feijao-cru-moido-veneno-ratos.html","Feijão cru moído é um ótimo veneno natural para acabar com ratos em casa #boato","704"
"2240","https://www.boatos.org/saude/feijao-esta-com-bacteria-plantacoes.html","Bactéria no feijão vem das plantações; deixe de molho no vinagre #boato","434"
"2241","https://www.boatos.org/saude/feira-de-santana-homem-parada-cardiaca-enterrado-vivo-medicos-coronavirus.html","Em Feira de Santana, homem com parada cardíaca é enterrado vivo e médicos dizem que é coronavírus #boato","567"
"2242","https://www.boatos.org/saude/fenilpropalamina-em-antigripais.html","Fenilpropalamina está presente em antigripais no Brasil #boato","588"
"2243","https://www.boatos.org/saude/fenilpropanolamina-medicamentos-antigripais-brasil.html","Fenilpropanolamina está em medicamentos antigripais do Brasil #boato","813"
"2244","https://www.boatos.org/saude/fernando-parrillo-prevent-senior-dados-mortes-coronavirus-escondidos.html","Fernando Parrillo, dono da Prevent Sênior, diz que dados de mortes por coronavírus estão sendo escondidos #boato","959"
"2245","https://www.boatos.org/saude/ferver-coca-cola-prova-que-beber-refrigerante-faz-mal.html","Ferver Coca-Cola prova que beber refrigerante faz mal #boato","685"
"2246","https://www.boatos.org/saude/filho-de-luis-roberto-barroso-e-socio-da-rede-dor.html","Filho de Luís Roberto Barroso é sócio da rede D’Or #boato","886"
"2247","https://www.boatos.org/saude/fiocruz-afirma-que-vacina-contra-a-covid-19-aumenta-a-chance-das-pessoas-morrerem.html","Fiocruz continua recomendando vacina contra Covid-19 e alegação de que ela aumenta chances de morrer é uma distorção","1673"
"2248","https://www.boatos.org/saude/fiocruz-alerta-audio-agua-da-cedae-rio-de-janeiro-contaminada.html","Fiocruz alerta, em áudio, que a água da Cedae (Rio de Janeiro) está contaminada #boato","1100"
"2249","https://www.boatos.org/saude/fiocruz-atrasou-entrega-vacinas-porque-faz-boicote-bolsonaro.html","Fiocruz atrasou entrega de vacinas porque faz boicote a Bolsonaro #boato","1662"
"2250","https://www.boatos.org/saude/fiocruz-construiu-parque-industrial-vacinas-pivfi-cientistas-israel-golpe-de-mestre.html","Fiocruz construiu o Parque Industrial de Vacinas (PIVFI) com cientistas de Israel para dar golpe de mestre #boato","636"
"2251","https://www.boatos.org/saude/fiocruz-coronavirus-maior-normal-recomenda-gargarejar-agua-morna.html","Fiocruz diz que o coronavírus é maior do que o normal e recomenda gargarejar água morna #boato","952"
"2252","https://www.boatos.org/saude/fiocruz-desenvolveu-vacina-de-oxford.html","Fiocruz foi responsável por desenvolver a vacina de Oxford, que está na fase 3 #boato","833"
"2253","https://www.boatos.org/saude/fiocruz-esta-alinhada-com-traficantes-com-esquerda-para-controlar-ministerio-saude.html","Fiocruz está alinhada com traficantes e com a esquerda para controlar Ministério da Saúde #boato","870"
"2254","https://www.boatos.org/saude/fique-ligado-7-mitos-sobre-cancer-que-sempre-circulam-na-web.html","Fique ligado: 7 mitos sobre câncer que sempre circulam na web","583"
"2255","https://www.boatos.org/saude/florida-classifica-vacinas-contra-covid-19-como-armas-biologicas-ilegais.html","Flórida classifica vacinas contra Covid-19 como armas biológicas ilegais #boato","984"
"2256","https://www.boatos.org/saude/fluor-calcifica-glandula-pineal-e-atrapalha-espiritualidade.html","Mensagem que aponta que usar flúor calcifica a glândula pineal e atrapalha a conexão com Deus é mentira","955"
"2257","https://www.boatos.org/saude/flurona-uma-nova-variante-covid-19-detectada-israel.html","Flurona é uma nova variante da Covid-19 detectada em Israel #boato","542"
"2258","https://www.boatos.org/saude/flutamida-comprovada-a-cura-da-covid-19.html","Flutamida é comprovada como a cura da Covid-19 #boato","623"
"2259","https://www.boatos.org/saude/foi-confirmado-que-cerveja-heineken-esta-envenenada-com-metanol-no-brasil.html","Falso alerta sobre Heineken adulterada com metanol circula em meio a onda de fake news","972"
"2260","https://www.boatos.org/saude/forum-economico-mundial-wef-contratou-pilotos-nao-vacinados-para-viagem-davos.html","Fórum Econômico Mundial (WEF) contratou pilotos não vacinados para a viagem a Davos #boato","493"
"2261","https://www.boatos.org/saude/fosfoetanolamina-e-a-cura-do-cancer-e-esta-disponivel-para-quem-entrar-na-justica-boato.html","Fosfoetanolamina é a cura do câncer e está disponível para quem entrar na Justiça #boato","806"
"2262","https://www.boatos.org/saude/foto-coracao-humano-larvas-carne-porco.html","Foto mostra coração humano cheio de larvas por causa de carne de porco #boato","577"
"2263","https://www.boatos.org/saude/foto-falsa-mulher-da-a-luz-em-frente-a-maternidade-bom-pastor.html","Foto falsa: mulher dá a luz em frente à maternidade Bom Pastor","549"
"2264","https://www.boatos.org/saude/foto-mostra-nanochip-5g-vacina-china-aplicado-pessoas.html","Foto mostra nanochip 5G que virá na vacina da China e será aplicado nas pessoas #boato","571"
"2265","https://www.boatos.org/saude/foto-tese-de-doutorado-dra-nise-yamaguchi-escrita-a-mao.html","Foto mostra tese de doutorado da Dra. Nise Yamaguchi escrita à mão #boato","449"
"2266","https://www.boatos.org/saude/fotos-pessoas-virus-mayaro.html","Fotos mostram pessoas infectadas pelo vírus Mayaro #boato","506"
"2267","https://www.boatos.org/saude/fraldas-de-graca-farmacia-popular.html","Adultos e idosos têm direito a fraldas de graça na Farmácia Popular #boato","731"
"2268","https://www.boatos.org/saude/frango-malpassado-causou-paralisia-em-ator-cody-hively.html","História de ator Cody Hively paralisado por frango malpassado é fake e já foi desmentida","670"
"2269","https://www.boatos.org/saude/frango-recebe-esteroides-antibioticos-hormonios-causa-cancer.html","Frango recebe esteroides, antibióticos e hormônios e causa câncer, mostra vídeo #boato","806"
"2270","https://www.boatos.org/saude/frangos-mutantes-kfc-hoax-diz-que-rede-vende-coisas-modificadas-geneticamente.html","Frangos mutantes do KFC modificados geneticamente #boato","389"
"2271","https://www.boatos.org/saude/frangos-tem-substancia-cancerigena.html","75% dos frangos têm uma substância cancerígena, o arsênico #boato","839"
"2272","https://www.boatos.org/saude/frutamida-descoberta-como-cura-covid-19.html","Frutamida é descoberta como a cura da Covid-19 #boato","662"
"2273","https://www.boatos.org/saude/frutas-estomago-vazio-evita-cancer.html","Comer frutas de estômago vazio evita o câncer #boato","901"
"2274","https://www.boatos.org/saude/frutas-etiqueta-transgenicas.html","Não coma frutas com a etiqueta número 8; são transgênicas #boato","685"
"2275","https://www.boatos.org/saude/frutas-falsas-de-plastico-sao-vendidas-nos-estados-unidos.html","Frutas vendidas nos Estados Unidos não são de plástico","1427"
"2276","https://www.boatos.org/saude/fungo-negro-causado-uso-mascaras-contra-covid-19.html","Fungo negro é causado pelo uso de máscaras contra Covid-19 #boato","1174"
"2277","https://www.boatos.org/saude/furar-dedo-agulha-salva-avc-derrame.html","Furar o dedo com uma agulha salva a vida de quem está tendo um AVC (derrame) #boato","740"
"2278","https://www.boatos.org/saude/g1-noticia-anvisa-aprovou-cartilaris-combater-dores-corpo.html","G1 noticia que Anvisa aprovou Cartilaris para combater dores no corpo #boato","855"
"2279","https://www.boatos.org/saude/gargarejo-agua-sal-vinagre-cura-coronavirus.html","Gargarejo com água quente, sal e vinagre cura o coronavírus #boato","969"
"2280","https://www.boatos.org/saude/gargarejo-limao-bicarbonato-de-sodio-agua-morna-mata-coronavirus-garganta.html","Gargarejo de limão, bicarbonato de sódio e água morna mata o coronavírus na garganta #boato","920"
"2281","https://www.boatos.org/saude/garrafa-termica-digital-e-um-perigo-porque-bateria-de-litio-contamina-agua-e-explode.html","Alertas contra garrafa térmica digital carecem de comprovação","682"
"2282","https://www.boatos.org/saude/gatos-morrem-apos-comerem-whiskas.html","Gatos morrem após comer sachês de Whiskas envenenados #boato","599"
"2283","https://www.boatos.org/saude/genro-do-ministro-barroso-do-stf-e-dono-da-rede-dor.html","Genro do ministro Barroso, do STF, é dono da rede D’Or #boato","726"
"2284","https://www.boatos.org/saude/gerson-camarotti-pediu-cassacao-registro-medicos-receitam-antivirais-contra-covid-19.html","Gerson Camarotti pediu cassação do registro de médicos que receitam “antivirais” contra Covid-19 #boato","939"
"2285","https://www.boatos.org/saude/globo-aumentou-numeros-da-covid-para-atacar-bolsonaro.html","Tese que aponta que Globo inflou números da Covid para atacar Bolsonaro não se sustenta e não tem lógica","598"
"2286","https://www.boatos.org/saude/gnastoma-spirinelis-tucunare-400-pessoas-olho.html","Gnastoma Spirinelis presente no Tucunaré já infectou 400 pessoas e atinge olho #boato","989"
"2287","https://www.boatos.org/saude/golpe-da-vacina-e-do-pix-esta-sendo-aplicado-pelo-telefone-95004-1117-em-2025.html","Fake news sobre “golpe da vacina e do Pix” volta a circular em 2025","604"
"2288","https://www.boatos.org/saude/gota-trizen-suplemento-alimentar-cura-depressao-g1-lair-ribeiro.html","Gota Trizen é um suplemento alimentar que cura depressão, diz g1 e Lair Ribeiro #boato","740"
"2289","https://www.boatos.org/saude/governador-do-para-presos-vigiar-populacao-quarentena.html","Governador do Pará, Helder Barbalho, vai colocar presos para vigiar população em quarentena #boato","569"
"2290","https://www.boatos.org/saude/governador-paulo-camara-lockdown-pernambuco.html","Governador Paulo Câmara anunciou lockdown em Pernambuco em 02/11 #boato","752"
"2291","https://www.boatos.org/saude/governador-secretario-saude-bahia-liberam-uso-cloroquina-covid.html","Governador e secretário de Saúde da Bahia liberam uso da cloroquina após 100 mil mortes por Covid-19 #boato","894"
"2292","https://www.boatos.org/saude/governadores-prefeitos-jogam-respiradores-mato-prejudicar-bolsonaro.html","Governadores e prefeitos jogam respiradores no mato para prejudicar Bolsonaro #boato","746"
"2293","https://www.boatos.org/saude/governo-acaba-impor-plano-nacional-vacinacao-para-colocar-chip-mrna-com-grafeno-nas-pessoas.html","Governo acaba de impor plano nacional de vacinação para colocar chip mRNA com grafeno nas pessoas #boato","1252"
"2294","https://www.boatos.org/saude/governo-comprou-acucar-da-china-com-chumbo-da-marca-kdoce-para-envenenar-populacao.html","É falso que açúcar da China com chumbo tenha sido importado pelo Brasil","755"
"2295","https://www.boatos.org/saude/governo-da-alemanha-admitiu-que-nao-houve-pandemia-da-covid-19.html","Governo da Alemanha não admitiu que a pandemia da Covid-19 não existiu","985"
"2296","https://www.boatos.org/saude/governo-do-canada-admite-que-nao-vacinados-estavam-certos-na-pandemia.html","Governo do Canadá admite que não vacinados estavam certos na pandemia #boato","737"
"2297","https://www.boatos.org/saude/governo-do-reino-unido-alerta-que-jovens-vacinados-contra-covid-estao-morrendo-em-numeros-sem-precedentes.html","Não é verdade que governo do Reino Unido está atribuindo morte de jovens à vacinação contra a Covid-19","697"
"2298","https://www.boatos.org/saude/governo-suspende-distribuicao-gratuita-remedios.html","Governo suspende distribuição de insulina, remédio para câncer e outros medicamentos #boato","790"
"2299","https://www.boatos.org/saude/governo-vai-fabricar-e-distribuir-fosfoetanolamina-de-graca-boato.html","Governo vai fabricar e distribuir fosfoetanolamina de graça #boato","414"
"2300","https://www.boatos.org/saude/governos-pernambuco-rio-grande-norte-areia-caixa-alcool-gel.html","Governos de Pernambuco e Rio Grande do Norte colocam areia em caixa de álcool gel #boato","768"
"2301","https://www.boatos.org/saude/grafeno-esta-sendo-injetado-no-peru-de-natal-em-fabrica.html","Substância colocada em “peru de Natal” com injeção não é grafeno","506"
"2302","https://www.boatos.org/saude/graviola-cura-cancer-10-mil-vezes-mais-forte-quimioterapia.html","Graviola cura câncer e é 10 mil vezes mais forte do que a quimioterapia #boato","1181"
"2303","https://www.boatos.org/saude/gripe-h3n2-e-uma-farsa-sao-casos-omicron.html","Gripe H3N2 é uma farsa porque, na realidade, são casos de Ômicron #boato","700"
"2304","https://www.boatos.org/saude/grupo-de-aideticos-vestidos-de-branco-infectando-pessoas-falsos-testes-glicemia.html","Grupo de aidéticos vestidos de branco está infectando pessoas em falsos testes de glicemia #boato","666"
"2305","https://www.boatos.org/saude/grupo-de-enfermeiros-de-hospital-de-massachusetts-foi-diagnosticado-com-cancer-por-causa-de-vacina-contra-covid-19.html","Caso de enfermeiros em hospital de Massachusetts não tem relação com vacina contra a Covid-19","695"
"2306","https://www.boatos.org/saude/grupo-estudo-problemas-com-vacinas-do-japao-prova-imunizantes-fazem-mal-nao-devemos-vacinar.html","“Estudo do Japão” revelado em vídeo contraria evidências científicas e não comprova que vacinas fazem mal","638"
"2307","https://www.boatos.org/saude/grupo-unimed-alerta-variante-delta-da-covid-19-tem-outros-sintomas-foge-dos-testes-mais-mortal.html","Grupo Unimed alerta que variante Delta da Covid-19 tem outros sintomas, foge dos testes e é mais mortal #boato","882"
"2308","https://www.boatos.org/saude/h1n1-gripe-suina-mata-mais-covid-19-novo-coronavirus-provam-numeros.html","H1N1 (gripe suína) mata mais do que a Covid-19 (novo coronavírus), provam números #boato","752"
"2309","https://www.boatos.org/saude/harvard-comprova-que-hidroxicloroquina-e-eficaz-contra-covid-19.html","Harvard comprova que hidroxicloroquina é eficaz contra a Covid-19 #boato","1591"
"2310","https://www.boatos.org/saude/heineken-causa-impotencia-homem-bebeu-cerveja.html","Heineken causa impotência em homem que bebeu em excesso #boato","577"
"2311","https://www.boatos.org/saude/heineken-e-a-cerveja-mais-falsificada-no-brasil-e-pode-ter-metanol.html","Mensagem sobre cerveja Heineken ser a mais falsificada e ter risco de metanol não passa de fake news","563"
"2312","https://www.boatos.org/saude/historia-falsa-agua-fervida-microondas-explode-fere-homem-26-anos.html","Água fervida no microondas explode e fere homem de 26 anos #boato","448"
"2313","https://www.boatos.org/saude/historia-rato-na-coca-cola-e-considerada-falsa-pela-justica.html","História do rato na Coca Cola é considerada falsa pela Justiça","624"
"2314","https://www.boatos.org/saude/hoax-agua-oxigenada-clareia-dentes-mata-germes-bucais.html","Hoax: água oxigenada clareia os dentes e mata germes","783"
"2315","https://www.boatos.org/saude/hoax-aponta-que-a-cebola-e-um-ima-de-bacterias-e-previne-gripe.html","Cebola é um imã de bactérias e previne gripe #boato","475"
"2316","https://www.boatos.org/saude/hoax-ar-condicionado-de-carros-causa-cancer-por-causa-de-benzeno.html","Ar condicionado de carros causa câncer por causa de benzeno #boato","818"
"2317","https://www.boatos.org/saude/hoax-batom-chumbo-causa-cancer.html","Batom com chumbo causa câncer #boato","364"
"2318","https://www.boatos.org/saude/hoax-beber-agua-em-garrafa-plastica-faz-mal-e-da-cancer.html","Hoax: beber água em garrafa plástica faz mal e dá câncer","712"
"2319","https://www.boatos.org/saude/hoax-beijar-vira-moda-japao-causa-conjuntivite.html","Hoax: beijar olho vira moda no Japão e causa conjuntivite","446"
"2320","https://www.boatos.org/saude/hoax-camarao-com-vitamina-c-e-um-mistura-fatal-por-causa-de-arsenico.html","Camarão com vitamina C é mistura fatal por causa de arsênico #boato","471"
"2321","https://www.boatos.org/saude/hoax-cuiaba-possui-surto-de-h1n1-e-governo-nao-divulga-por-causa-da-copa.html","Hoax: Cuiabá possui surto de H1N1 e governo não divulga por causa da Copa","499"
"2322","https://www.boatos.org/saude/hoax-empresas-usam-fetos-de-bebes-abortados-para-dar-sabor-aos-alimentos.html","Empresas usam fetos de bebês abortados para dar sabor aos alimentos #boato","477"
"2323","https://www.boatos.org/saude/hoax-graviola-cura-cancer-e-e-mais-eficiente-que-quimioterapia.html","Graviola cura câncer e é mais eficiente que quimioterapia #boato","450"
"2324","https://www.boatos.org/saude/hoax-laranjas-vem-da-libia-contaminadas-com-virus-da-aids.html","Hoax: laranjas vêm da Líbia contaminadas com vírus da aids","289"
"2325","https://www.boatos.org/saude/hoax-lata-com-leptospirose-causou-morte-pai-de-daniella-sarahyba.html","Hoax: lata com leptospirose causou morte do pai de Daniella Sarahyba","664"
"2326","https://www.boatos.org/saude/hoax-menina-morre-apos-usar-tatuagem-de-henna-paquistao.html","Hoax: menina morre após usar tatuagem de henna no Paquistão","560"
"2327","https://www.boatos.org/saude/hoax-nao-lavar-roupas-intimas-novas-causa-larva-nos-seios.html","Não lavar roupas íntimas novas causa larva nos seios #boato","534"
"2328","https://www.boatos.org/saude/hoax-patricia-morre-17-anos-drogada-aids-ex-paquita.html","Hoax – Ex-paquita Patrícia morre aos 17 anos de Aids após se envolver com drogas","478"
"2329","https://www.boatos.org/saude/hoax-sobre-doenca-de-chagas-em-feijao-cru-fala-de-coovenf-e-uniups.html","Hoax sobre doença de chagas em feijão cru fala de COOVENF e UNIUPS","395"
"2330","https://www.boatos.org/saude/hoax-sobre-ex-paquita-patricia-usa-foto-de-luciana-vendramini.html","Hoax sobre ex-paquita Patrícia usa foto de Luciana Vendramini","357"
"2331","https://www.boatos.org/saude/hoax-vacina-cancer-descoberta-venezuela-jacinto-convit.html","Vacina contra câncer é descoberta na Venezuela por Jacinto Convit #boato","317"
"2332","https://www.boatos.org/saude/homem-ensacado-vivo-mortes-pandemia.html","Homem ensacado vivo mexe os braços e revela farsa das mortes na pandemia #boato","920"
"2333","https://www.boatos.org/saude/homem-enterrado-vivo-aumentar-numero-mortes-covid-19.html","Homem é enterrado vivo para aumentar número de mortes por Covid-19 #boato","657"
"2334","https://www.boatos.org/saude/homem-morre-pum-namorada-boato.html","Homem morre por segurar pum na casa da namorada #boato","510"
"2335","https://www.boatos.org/saude/homem-pega-cancer-nos-olhos.html","Homem pega câncer nos olhos por usar telefone celular à noite #boato","499"
"2336","https://www.boatos.org/saude/homem-toma-24-latas-de-red-bull-e-seu-coracao-incha-para-fora-do-peito-boato.html","Homem toma 24 latas de red bull e seu coração incha para fora do peito #boato","414"
"2337","https://www.boatos.org/saude/homem-verme-olho-gnatostomiase-tucunare.html","Vídeo mostra homem com verme no olho por causa de gnatostomíase no Tucunaré #boato","804"
"2338","https://www.boatos.org/saude/hospitais-albert-einstein-sirio-libanes-lotados-coronavirus.html","Hospitais Albert Einstein está com 700 pacientes com coronavírus, Sírio-Libanês com 1400 e devemos estocar comida #boato","1631"
"2339","https://www.boatos.org/saude/hospitais-militares-nao-registram-morte-covid-19-pandemia-farsa.html","Hospitais militares não registram morte por Covid-19 e pandemia é uma farsa #boato","1024"
"2340","https://www.boatos.org/saude/hospitais-recomendam-vitamina-c-alimentos-ph-alto-limao-coronavirus.html","Hospitais de isolamento recomendam vitamina C, alimentos com pH alto e limão contra o coronavírus #boato","1253"
"2341","https://www.boatos.org/saude/hospital-campanha-anhembi-sao-paulo-vazio-sem-pacientes.html","Hospital de campanha do Anhembi, em São Paulo, está vazio e sem pacientes #boato","509"
"2342","https://www.boatos.org/saude/hospital-campanha-unicamp-desmontado-falta-pacientes-covid-19-campinas.html","Hospital de Campanha da Unicamp foi desmontado por falta de pacientes com Covid-19 em Campinas #boato","1020"
"2343","https://www.boatos.org/saude/hospital-do-homem-em-sao-paulo-vai-fechar-por-falta-de-pacientes.html","Hospital do Homem, em São Paulo, vai fechar por falta de pacientes #boato","918"
"2344","https://www.boatos.org/saude/hospital-do-homem-sao-paulo-pode-ser-fechado-por-falta-de-pacientes.html","Hospital do Homem, em São Paulo, pode ser fechado por falta de pacientes #boato","986"
"2345","https://www.boatos.org/saude/hospital-doando-leite-nan-soy.html","Hospital Universitário está doando latas de leite Nan Soy #boato","497"
"2346","https://www.boatos.org/saude/hospital-erastinho-esta-sem-sangue-e-precisa-de-doadores-urgentemente.html","Ao contrário do que apontam mensagens, hospital Erastinho não está com baixos estoques de sangue","436"
"2347","https://www.boatos.org/saude/hospital-estadual-da-crianca-faz-cirurgia-reparadora-gratis-diz-boato.html","Hospital Estadual da Criança faz cirurgia reparadora grátis #boato","395"
"2348","https://www.boatos.org/saude/hospital-homem-pode-fechar.html","Hospital do Homem pode fechar por falta de pacientes #boato","802"
"2349","https://www.boatos.org/saude/hospital-john-hopkins-lista-19-dicas-covid-19-coronavirus.html","Hospital John Hopkins publicou lista de 19 dicas sobre a Covid-19 (coronavírus) #boato","758"
"2350","https://www.boatos.org/saude/hospital-maconico-dos-olhos-de-sorocaba-esta-descartando-corneas-nao-utilizadas.html","Hospital Maçônico dos Olhos de Sorocaba está descartando córneas não utilizadas #boato","747"
"2351","https://www.boatos.org/saude/hospital-militar-labio-leporino.html","Hospital Militar faz cirurgia de lábio leporino grátis com médicos americanos #boato","591"
"2352","https://www.boatos.org/saude/hospital-moinhos-de-vento-porto-alegre-vazio-tranquilo-video.html","Hospital Moinhos de Vento, em Porto Alegre, está vazio e tranquilo, prova vídeo #boato","1089"
"2353","https://www.boatos.org/saude/hospital-ribeirao-preto-criou-ala-tratar-reacoes-vacinas-covid-19.html","Hospital em Ribeirão Preto criou ala para tratar reações das vacinas contra Covid-19 #boato","447"
"2354","https://www.boatos.org/saude/hospital-santa-maria-recomendou-tome-duas-aspirinas-infarto.html","Hospital Santa Maria não divulgou texto com recomendação que se tome duas aspirinas no caso de infarto","649"
"2355","https://www.boatos.org/saude/hospital-sao-lucas-puc-poa-amanheceu-sem-pacientes-covid-fez-video.html","Hospital São Lucas da PUC (POA) amanheceu sem pacientes de Covid e fez vídeo #boato","651"
"2356","https://www.boatos.org/saude/hospital-sao-lucas-zera-leitos-uti-profissionais-saude-cantam-louvor-cristao.html","Hospital São Lucas zera leitos de UTI e profissionais de saúde cantam louvor cristão #boato","750"
"2357","https://www.boatos.org/saude/hospital-semiu-no-rj-foi-vendido-para-rede-casa-de-portugal.html","É falso que hospital Semiu no RJ tenha sido vendido para a Rede Casa de Portugal","783"
"2358","https://www.boatos.org/saude/hospital-servidores-rio-abriu-leitos-uti-criou-curso-nova-cepa-covid-19.html","Hospital dos Servidores (no Rio) abriu leitos de UTI e criou curso por causa de nova cepa da Covid-19 #boato","1177"
"2359","https://www.boatos.org/saude/hospital-vila-nova-star-registrou-20-casos-de-intoxicacao-por-metanol-em-bebidas.html","Mensagem exagera número de casos de intoxicação por metanol em bebidas no hospital Vila Nova Star em São Paulo","671"
"2360","https://www.boatos.org/saude/hydra-o-nano-polvo-e-encontrado-em-vacina-da-pfizer-contra-covid-19.html","Hydra, o nano polvo, é encontrado em vacina da Pfizer contra Covid-19 #boato","810"
"2361","https://www.boatos.org/saude/i-doser-e-uma-droga-virtual-vai-viciar-jovens-e-causar-overdoses.html","I-Doser é uma droga virtual que vai viciar jovens e causar overdoses #boato","989"
"2362","https://www.boatos.org/saude/iaserj-maracana-fechar-falta-atendimento.html","Serviço médico no IASERJ/Maracanã vai fechar por falta de pacientes #boato","542"
"2363","https://www.boatos.org/saude/idosa-de-84-anos-descobre-que-esta-gravida.html","História que afirma que idosa brasileira, de 84 anos, teria descoberto que está grávida tem exageros","715"
"2364","https://www.boatos.org/saude/idosa-dedos-amputados-reacao-vacina-contra-covid-19.html","Idosa tem dedos amputados em reação à vacina contra Covid-19 #boato","725"
"2365","https://www.boatos.org/saude/idoso-na-franca-morre-por-causa-vacina-e-seguro-nao-paga-indenizacao.html","Idoso na França morre por causa da vacina e seguro não paga indenização #boato","885"
"2366","https://www.boatos.org/saude/idosos-a-partir-de-60-anos-tem-direito-a-vacina-pneumo-13-gratis-por-causa-de-lei-6-785-2020-no-rio.html","É falso que idosos a partir de 60 anos têm direito à vacina pneumo 13 grátis por causa de Lei 6.785/2020 no Rio","596"
"2367","https://www.boatos.org/saude/idosos-morreram-canela-rs-causa-vacina-chinesa-contra-covid-19.html","Idosos morrem em Canela (RS) por causa da vacina chinesa contra Covid-19 #boato","570"
"2368","https://www.boatos.org/saude/illuminatis-infectaram-mascaras-china-coronavirus-reduzir-populacao.html","Illuminatis infectaram máscaras da China com coronavírus para reduzir população mundial #boato","2194"
"2369","https://www.boatos.org/saude/imprensa-boicota-vacinacao-exercito-contra-covid-19-vila-militar.html","Imprensa boicota vacinação do Exército contra Covid-19 na Vila Militar #boato","815"
"2370","https://www.boatos.org/saude/inca-esta-precisando-de-toucas-para-criancas-com-cancer-boato.html","Inca está precisando de toucas para crianças com câncer #boato","472"
"2371","https://www.boatos.org/saude/inca-nao-precisa-doacoes-toucas-criancas-cancer.html","Inca não precisa de doações de toucas para crianças com câncer","311"
"2372","https://www.boatos.org/saude/inca-precisa-doacao-toucas-trico-para-criancas.html","Inca precisa de doação de toucas de tricô para crianças internadas #boato","565"
"2373","https://www.boatos.org/saude/india-processa-oms-esconder-eficacia-ivermectina.html","Índia processa OMS por esconder eficácia da ivermectina #boato","533"
"2374","https://www.boatos.org/saude/indigena-morreu-por-causa-de-vacina-coronavac.html","Indígena morreu por causa de vacina chinesa (Coronavac) contra Covid-19 #boato","738"
"2375","https://www.boatos.org/saude/informacao-errada-aborto-pos-nascimento-vira-moda-nos-eua.html","Informação errada: aborto pós-nascimento vira moda nos EUA","543"
"2376","https://www.boatos.org/saude/informacao-errada-fumar-narguile-faz-mais-mal-que-o-cigarro.html","Fumar narguilé é como fumar 100 cigarros?","753"
"2377","https://www.boatos.org/saude/informacao-errada-oleo-de-canola-e-um-veneno-para-saude.html","Informação errada: óleo de canola é um veneno para a saúde","585"
"2378","https://www.boatos.org/saude/informacao-falsa-coca-cola-tira-ferrugem-de-para-brisas.html","Informação falsa: Coca-Cola tira ferrugem de para-brisas","584"
"2379","https://www.boatos.org/saude/informacao-falsa-diz-que-comer-peixe-panga-faz-mal-saude.html","Peixe-panga faz mal a saúde por ser sujo, diz hoax","367"
"2380","https://www.boatos.org/saude/informacao-falsa-hiv-e-inofensivo-e-nao-transmite-aids.html","Informação falsa: HIV é inofensivo e não transmite aids","549"
"2381","https://www.boatos.org/saude/informacao-falsa-limao-com-bicarbonato-de-sodio-cura-cancer.html","Informação falsa: limão com bicarbonato de sódio cura câncer","774"
"2382","https://www.boatos.org/saude/informacao-falsa-paciente-com-ebola-esta-internado-em-nilopolis-rj.html","Informação falsa: paciente com ebola está internado em Nilópolis (RJ)","427"
"2383","https://www.boatos.org/saude/informacao-falsa-sem-corantes-coca-cola-e-verde-originalmente.html","Informação Falsa: sem corantes, a Coca-Cola é verde originalmente","513"
"2384","https://www.boatos.org/saude/informacao-falsa-soja-esta-criando-geracao-de-meninos-gays.html","Informação falsa: soja está criando geração de meninos gays","392"
"2385","https://www.boatos.org/saude/informacao-falsa-virus-ebola-chega-ao-brasil-pela-cidade-de-brasileia.html","Informação falsa: Vírus ebola chega ao Brasil pela cidade de Brasiléia","1006"
"2386","https://www.boatos.org/saude/informacao-kit-kat-feito-oleo-palma-desatualizada.html","Informação de que Kit Kat é feito de óleo de palma é desatualizada","453"
"2387","https://www.boatos.org/saude/informacao-quiabo-cura-cinomose-parvovirose-caes-falsa.html","Informação de que quiabo cura cinomose e parvovirose em cães é falsa","355"
"2388","https://www.boatos.org/saude/inhame-cura-dengue-aponta-lenda-urbana.html","Inhame cura a dengue, aponta lenda urbana","706"
"2389","https://www.boatos.org/saude/inseto-com-fungos-que-corpo.html","Inseto causa transtornos com fungos que se espalham pelo corpo #boato","467"
"2390","https://www.boatos.org/saude/instituto-psiquiatria-hospital-clinicas-tratamentos-gratuitos.html","Instituto de Psiquiatria do Hospital das Clínicas oferece lista de tratamentos gratuitos #boato","1032"
"2391","https://www.boatos.org/saude/internacao-criancas-aumentou-eua-por-causa-inicio-da-vacinacao.html","Internação de crianças aumentou nos EUA por causa do início da vacinação #boato","1082"
"2392","https://www.boatos.org/saude/inventor-da-esteira-morreu-54-anos-da-ginastica-aos-57-anos-e-nao-fazer-exercicios-e-o-melhor.html","Ao  contrário do que diz história, inventores da esteira e da ginástica não morreram cedo e praticar exercícios faz bem à saúde","1057"
"2393","https://www.boatos.org/saude/israel-descobriu-cura-vacina-coronavirus-disponivel-maio.html","Israel descobriu a cura (vacina) para o coronavírus, que estará disponível em maio #boato","738"
"2394","https://www.boatos.org/saude/italia-foi-cura-coronavirus-descobriu-bacteria-causa-mortes.html","Itália foi a cura do coronavírus ao descobrir que é uma bactéria que causa as mortes #boato","650"
"2395","https://www.boatos.org/saude/italia-mortes-pandemia-nao-foram-covid.html","Itália divulga que 97% das mortes na pandemia não foram por Covid-19 #boato","663"
"2396","https://www.boatos.org/saude/ivermectina-ajudou-africa-controlar-pandemia-covid-19.html","Ivermectina ajudou África a controlar pandemia de Covid-19 no continente #boato","1220"
"2397","https://www.boatos.org/saude/ivermectina-aniquila-covid-19-usada-preventivamente.html","Ivermectina aniquila Covid-19 se usada preventivamente #boato","970"
"2398","https://www.boatos.org/saude/ivermectina-anula-efeitos-colaterais-das-vacinas-previne-cancer-e-outras-doencas.html","Ivermectina anula efeitos colaterais das vacinas, previne câncer e outras doenças #boato","1406"
"2399","https://www.boatos.org/saude/ivermectina-causa-infertilidade-85-homens.html","Ivermectina causa infertilidade em 85% dos homens #boato","700"
"2400","https://www.boatos.org/saude/ivermectina-cura-a-dengue-acaba-carga-viral-doenca.html","É falso que a ivermectina é a cura da dengue e serve como tratamento para doença","816"
"2401","https://www.boatos.org/saude/ivermectina-descoberta-cura-contra-coronavirus-covid-19.html","Ivermectina é descoberta como a cura contra o coronavírus (Covid-19) #boato","1155"
"2402","https://www.boatos.org/saude/ivermectina-mata-covid-dois-dias-dose-unica.html","Ivermectina mata Covid-19 em dois dias com dose única #boato","970"
"2403","https://www.boatos.org/saude/ivermectina-reduz-mortes-covid-19-em-56-teria-salvo-250-mil-brasil-diz-oxford.html","Ivermectina reduz mortes por Covid-19 em 56% e teria salvo 250 mil no Brasil, diz Oxford #boato","1374"
"2404","https://www.boatos.org/saude/ivermectina-supera-vacinas-83-eficacia-contra-covid-19.html","Ivermectina supera vacinas ao ter 83% de eficácia contra Covid-19 #boato","835"
"2405","https://www.boatos.org/saude/ivermectina-tem-efeito-neuroprotetor-que-previne-o-alzheimer.html","É falso que a Ivermectina previna o Alzheimer com “efeito neuroprotetor”","827"
"2406","https://www.boatos.org/saude/jamie-oliver-justica-mcdonalds.html","Jamie Oliver prova na Justiça que McDonald’s faz hambúrgueres com amoníaco #boato","773"
"2407","https://www.boatos.org/saude/japao-alerta-bill-gates-que-vacinas-tem-medicamentos-abortivos.html","É falso que Japão tenha alertado sobre medicamentos abortivos nas vacinas e ameaçado Bill Gates","524"
"2408","https://www.boatos.org/saude/japao-criou-lei-para-proibir-pessoas-de-comerem-arroz-requentado-porque-faz-mal.html","Japão não criou lei que proíbe o consumo de arroz requentado, porque faz mal à saúde","1091"
"2409","https://www.boatos.org/saude/japao-declara-ivermectina-mais-eficiente-vacinas.html","Japão declara que a ivermectina é mais eficiente do que as vacinas #boato","816"
"2410","https://www.boatos.org/saude/japao-declarou-vacina-contra-covid-19-como-droga-mais-mortal-da-historia.html","Site negacionista lançou mais uma fake news sobre Japão e vacina contra Covid-19","461"
"2411","https://www.boatos.org/saude/japao-enviou-600-milhoes-mascaras-contaminadas-coronavirus-brasil-ibge.html","Japão enviou 600 milhões de máscaras contaminadas com coronavírus ao Brasil, alerta IBGE #boato","873"
"2412","https://www.boatos.org/saude/japao-inaugurou-hospital-totalmente-operado-por-ia-e-robos.html","Não é verdade que Japão tenha inaugurado hospital 100% operado por IA e robôs","475"
"2413","https://www.boatos.org/saude/japao-proibiu-microondas-pais.html","Japão proibiu o uso de forno microondas no país #boato","1070"
"2414","https://www.boatos.org/saude/japao-se-posicionou-contra-a-oms-e-contra-vacinas-da-covid-19.html","É falso que Japão tenha se posicionado em massa contra a OMS e que vacina contra a Covid-19 seja pior do que bomba atômica","801"
"2415","https://www.boatos.org/saude/japao-venceu-covid-19-gracas-ao-uso-da-ivermectina.html","Japão venceu a Covid-19 graças ao uso da ivermectina #boato","1509"
"2416","https://www.boatos.org/saude/japoneses-nanoparticulas-mrna-vacina-corpo-infertilidade.html","Japoneses descobrem que nanopartículas mRNA da vacina ficam no corpo das pessoas e podem causar infertilidade #boato","697"
"2417","https://www.boatos.org/saude/jovens-estao-morrendo-parada-cardiaca-por-tomar-vacina-pfizer-contra-covid-19.html","Jovens estão morrendo de parada cardíaca por tomar vacina da Pfizer contra Covid-19 #boato","840"
"2418","https://www.boatos.org/saude/jovens-ficaram-em-coma-por-causa-de-brincadeira-de-jogar-agua-em-quem-esta-dormindo.html","É falso que jovens tenham entrado em coma porque jogaram água enquanto eles estavam dormindo","695"
"2419","https://www.boatos.org/saude/judoca-bahia-coco-leptospirose.html","Judoca da Bahia morreu após consumir coco com leptospirose #boato","650"
"2420","https://www.boatos.org/saude/juiz-marcelo-bretas-texto-defendendo-uso-hidroxicloroquina.html","Juiz Marcelo Bretas escreve texto defendendo uso de hidroxicloroquina #boato","507"
"2421","https://www.boatos.org/saude/juiz-nega-remedio-a-menina-com-ame-em-2023-e-ela-corre-risco-por-isso.html","Juiz nega remédio a menina com AME em 2023 e ela corre risco por isso #boato","868"
"2422","https://www.boatos.org/saude/justica-marinha-eua-jag-condenou-cientista-janssen-a-morte-causa-vacinas.html","Justiça da Marinha dos EUA (JAG) condenou cientista da Janssen à morte por causa das vacinas #boato","642"
"2423","https://www.boatos.org/saude/kate-middleton-esta-com-cancer-por-causa-da-vacina-contra-covid-19.html","Acusação que aponta que Kate Middleton está com câncer por causa da vacina contra Covid-19 é falsa e absurda","630"
"2424","https://www.boatos.org/saude/ken-frazier-merck-pressa-vacinar-liberar-carnaval-brasileiro.html","Ken Frazier, da Merck, disse que pressa para vacinar é para liberar o carnaval brasileiro #boato","1223"
"2425","https://www.boatos.org/saude/la-roche-posay-esta-dando-brindes-gratis-para-quem-responder-a-quiz-e-pagar-frete.html","É falso que La Roche-Posay esteja dando produtos para quem responder a quiz e pagar frete","772"
"2426","https://www.boatos.org/saude/laboratorio-clandestino-coca-cola.html","Laboratório clandestino de Coca Cola é descoberto no Brasil #boato","463"
"2427","https://www.boatos.org/saude/laboratorio-lavoisier-exames-r-4.html","Laboratório Lavoisier realiza exames que custam entre R$ 4 a R$ 38 #boato","854"
"2428","https://www.boatos.org/saude/laboratorios-vacinas-contra-covid-19-isencao-responsabilidade-civil.html","Laboratórios que produzem a vacina contra Covid-19 terão isenção de responsabilidade civil #boato","875"
"2429","https://www.boatos.org/saude/laila-ahmadi-vitamina-c-chen-horin-limao-coronavirus.html","Laila Ahmadi e Chen Horin recomendam limão e vitamina C contra o coronavírus #boato","1157"
"2430","https://www.boatos.org/saude/lair-ribeiro-gravou-video-sobre-cinco-exames-para-idosos-com-mais-de-65-anos.html","Vídeo atribuído a Lair Ribeiro que alerta sobre exames perigosos para maiores de 65 anos é falso","908"
"2431","https://www.boatos.org/saude/lair-ribeiro-morreu-apos-revelar-terapia-com-ozonio-que-cura-todas-doencas-boato.html","Lair Ribeiro morreu após revelar terapia com ozônio que cura todas doenças #boato","491"
"2432","https://www.boatos.org/saude/lair-ribeiro-recomendou-produto-para-reduzir-a-prostata-aumentada.html","É falso que Lair Ribeiro tenha recomendado produto para reduzir a próstata","492"
"2433","https://www.boatos.org/saude/lair-ribeiro-recomendou-remedio-com-resveratrol-e-silicio-organico.html","É falso que Lair Ribeiro tenha recomendado suplemento com Resveratrol e Silício Orgânico","679"
"2434","https://www.boatos.org/saude/lair-ribeiro-remedio-rx20-prevencao-catarata.html","Lair Ribeiro está patrocinando remédio Rx20, de prevenção à catarata #boato","835"
"2435","https://www.boatos.org/saude/lave-roupas-intimas-novas-para-o-seu-seio-nao-ser-destruido-diz-alerta-falso.html","Lave roupas íntimas novas para o seu seio não ser destruído #boato","501"
"2436","https://www.boatos.org/saude/lei-1-minuto-acordar-avc.html","Cuidado com a lei do 1 minuto e meio ao acordar para não ter um AVC #boato","656"
"2437","https://www.boatos.org/saude/lei-de-um-minuto-e-meio-pode-salvar-sua-vida-de-um-avc-boato.html","Lei de um minuto e meio pode salvar sua vida de um AVC #boato","1125"
"2438","https://www.boatos.org/saude/leite-contaminado-com-metanol-foi-descoberto-no-brasil.html","É falso que leite tenha sido contaminado com metanol e caso tenha sido noticiado no JN","794"
"2439","https://www.boatos.org/saude/leite-de-caixinha-faz-mal-porque-tem-formol-na-formula.html","Leite de caixinha faz mal porque tem formol na fórmula #boato","720"
"2440","https://www.boatos.org/saude/leite-elege-retirado-sangue-pus-toxinas.html","Leite Elegê é retirado do mercado por excesso de sangue, pus e toxinas #boato","501"
"2441","https://www.boatos.org/saude/leite-godam-envenenado-doencas.html","Leite Godam está envenenado e causa doenças em pessoas e animais #boato","543"
"2442","https://www.boatos.org/saude/leite-nan-soy-esta-disponivel-para-doacao-no-hospital-universitario-boato.html","Leite Nan Soy está disponível para doação no Hospital Universitário #boato","551"
"2443","https://www.boatos.org/saude/leite-ninho-outros-alimentos-vao-te-matar-e-te-dar-cancer-25-anos-nitrito-nitrato.html","Leite Ninho e outros alimentos vão te matar e te dar câncer em 25 anos por causa do nitrito e nitrato #boato","879"
"2444","https://www.boatos.org/saude/leite-reprocessado-quadrados-coloridos.html","Leite reprocessado é colocado em caixas com quadrados coloridos #boato","721"
"2445","https://www.boatos.org/saude/leite-reprocessado-que-ja-perdeu-a-validade-e-colocado-em-caixinhas-com-quadrados-coloridos-boato.html","Leite reprocessado (que já perdeu a validade) é colocado em caixinhas com quadrados coloridos #boato","727"
"2446","https://www.boatos.org/saude/lenda-dr-simoncini-descobriu-que-bicarbonato-de-sodio-cura-cancer.html","Dr. Simoncini descobriu que bicarbonato de sódio cura câncer #boato","424"
"2447","https://www.boatos.org/saude/lenda-urbana-manga-com-leite-faz-mal-saude.html","Lenda urbana: manga com leite faz mal à saúde","449"
"2448","https://www.boatos.org/saude/lente-de-contato-derrete-com-calor.html","Hoax – Menina de 21 anos derrete lente de contato em churrasco e fica cega","289"
"2449","https://www.boatos.org/saude/lentilha-cura-depressao-alimento-litio.html","Lentilha cura depressão porque é o alimento com mais lítio #boato","1099"
"2450","https://www.boatos.org/saude/lentilha-cura-depressao-ansiedade-alimento-mais-tem-litio.html","Lentilha cura depressão e ansiedade porque é o alimento que mais tem lítio #boato","1179"
"2451","https://www.boatos.org/saude/ler-no-carro-ou-no-onibus-descola-a-retina-e-faz-mal.html","É falso que ler no carro ou no ônibus possa causar o descolamento de retina","731"
"2452","https://www.boatos.org/saude/licenca-maternidade-de-10-meses.html","Licença-maternidade de 10 meses é aprovada #boato","433"
"2453","https://www.boatos.org/saude/limao-agua-quente-celulas-cancerigenas.html","Limão na água quente mata células cancerígenas, diz Tchen Horin #boato","903"
"2454","https://www.boatos.org/saude/limao-congelado-cura-cancer-e-e-mais-forte-do-que-a-quimioterapia-boato.html","Limão congelado cura câncer e é mais forte do que a quimioterapia #boato","1066"
"2455","https://www.boatos.org/saude/limao-congeladocura-cancer-hoax.html","Limão congelado cura câncer e é mais forte que quimioterapia #boato","978"
"2456","https://www.boatos.org/saude/limao-copo-cerveja-veneno-pode-matar.html","Limão no copo de cerveja se transforma em um veneno que pode matar #boato","1096"
"2457","https://www.boatos.org/saude/limao-mata-cancer-medico.html","Limão combate e mata as células do câncer, diz médico oncologista #boato","746"
"2458","https://www.boatos.org/saude/limao-testa-positivo-prova-que-testes-nao-funcionam-e-pandemia-e-uma-farsa.html","Limão que “testa positivo” prova que testes não funcionam e pandemia é uma farsa #boato","883"
"2459","https://www.boatos.org/saude/limonada-quente-mata-cancer.html","Limonada quente mata as células de câncer e regula a pressão #boato","1009"
"2460","https://www.boatos.org/saude/lingua-prevenir-alzheimer-asma.html","Exercício com a língua ajuda a prevenir o Alzheimer, cura asma e regula pressão #boato","894"
"2461","https://www.boatos.org/saude/lista-marcas-cerveja-conservantes-quimicos.html","Lista mostra marcas de cerveja que “não são cervejas” e “têm conservantes químicos” #boato","1161"
"2462","https://www.boatos.org/saude/lista-mostra-cervejas-que-nao-sao-cervejas-de-verdade-2.html","Fake news de lista de cervejas que “não são cervejas de verdade” volta a circular na internet","684"
"2463","https://www.boatos.org/saude/lista-mostra-cervejas-que-nao-sao-cervejas-de-verdade.html","Lista mostra as cervejas que não são cervejas de verdade #boato","1079"
"2464","https://www.boatos.org/saude/lockdown-araraquara-nao-funcionou-lotou-uti.html","Lockdown em Araraquara não funcionou e serviu para aumentar lotação em UTIs #boato","793"
"2465","https://www.boatos.org/saude/lonomia-obliqua-nao-soro-cascavel.html","Lonomia oblíqua não tem soro e é uma taturana pior que cascavel #boato","730"
"2466","https://www.boatos.org/saude/losna-cura-cancer-em-16-horas-boato.html","Losna cura câncer em 16 horas, diz médico #boato","667"
"2467","https://www.boatos.org/saude/luana-araujo-e-contra-o-uso-de-mascaras-no-combate-covid-19.html","Luana Araújo é contra o uso de máscaras no combate à Covid-19 #boato","794"
"2468","https://www.boatos.org/saude/luana-araujo-ficou-penultimo-lugar-concurso-publico-infectologista.html","Luana Araújo ficou em penúltimo lugar em concurso público para infectologista #boato","467"
"2469","https://www.boatos.org/saude/luana-araujo-medica-falsa-e-a-mascara-dela-caiu.html","Luana Araújo é uma médica falsa e a máscara dela caiu #boato","648"
"2470","https://www.boatos.org/saude/luc-montagnier-diz-todas-pessoas-vacinadas-morrerao-dois-anos.html","Luc Montagnier diz que todas as pessoas vacinadas morrerão em dois anos #boato","651"
"2471","https://www.boatos.org/saude/luciano-hang-da-havan-anuncia-doacao-200-cilindros-oxigenio-para-manaus.html","Luciano Hang, da Havan, anuncia doação de 200 cilindros de oxigênio para Manaus #boato","597"
"2472","https://www.boatos.org/saude/lula-flavio-dino-liberam-uso-cloroquina-combate-covid-19-2023.html","Lula e Flavio Dino liberam uso da cloroquina para combate à Covid-19 em 2023 #boato","752"
"2473","https://www.boatos.org/saude/lula-se-negou-a-comprar-vacina-japonesa-contra-dengue-e-vacinar-populacao.html","Não é verdade que Lula se negou a comprar vacina japonesa contra dengue e não quer vacinar população","903"
"2474","https://www.boatos.org/saude/maca-com-parafina.html","Maçã com parafina está sendo vendida em supermercados #boato","330"
"2475","https://www.boatos.org/saude/maca-inhame-cru-agua-coco-previnem-curam-coronavirus.html","Maçã, inhame cru e água de coco previnem e curam o coronavírus #boato","796"
"2476","https://www.boatos.org/saude/macacos-virus-mortal-pandemia.html","Macacos estão transmitindo vírus mortal; doença é pandemia #boato","969"
"2477","https://www.boatos.org/saude/macarrao-instantaneo-e-revestido-de-cera-e-da-cancer-diz-hoax.html","Macarrão instantâneo é revestido de cera e dá câncer, diz hoax","470"
"2478","https://www.boatos.org/saude/maculopatia-cancer-no-olho-causado-por-uso-de-celular-a-noite.html","Maculopatia é câncer no olho e é causado por uso de celular à noite #boato","898"
"2479","https://www.boatos.org/saude/maculopatia-e-cancer-no-olho-causado-por-uso-de-telefone-celular-boato.html","Maculopatia é câncer no olho causado por uso de telefone celular #boato","885"
"2480","https://www.boatos.org/saude/madagascar-deixou-oms-oferecer-20-milhoes-sabotar-cura-covid-19.html","Madagascar deixou a OMS após entidade oferecer US$ 20 milhões para sabotar cura da Covid-19 #boato","952"
"2481","https://www.boatos.org/saude/maiara-emagreceu-tomando-produto-que-esta-sendo-anunciado-em-redes-sociais.html","Maiara não usou o produto anunciado nas redes sociais para emagrecer","959"
"2482","https://www.boatos.org/saude/maior-infectologista-brasil-alerta-pressa-doses-efeitos-colaterais-vacina-chinesa.html","Maior infectologista do Brasil alerta para pressa, doses e efeitos colaterais da vacina chinesa #boato","1181"
"2483","https://www.boatos.org/saude/mamao-e-o-rei-das-frutas-de-acordo-com-oms-e-cura-o-cancer.html","Mamão é o “rei das frutas” de acordo com a OMS e cura o câncer #boato","1578"
"2484","https://www.boatos.org/saude/mamografia-gratis-hospital-mario-penna.html","Marcação de mamografia grátis no hospital Mário Penna #boato","561"
"2485","https://www.boatos.org/saude/mamografia-gratuita-hospital-mario-kroeff-outubro-rosa-2022.html","Mamografia gratuita no Hospital Mário Kroeff por causa do Outubro Rosa 2022 #boato","569"
"2486","https://www.boatos.org/saude/mamografia-sesc-mario-penna-santa-isabel.html","Mamografia gratuita no Sesc, Hospital Mário Penna e Santa Isabel #boato","495"
"2487","https://www.boatos.org/saude/mandetta-audio-final-de-abril-topo-pidemia-coronavirus.html","Mandetta diz, em áudio, que final de abril será o topo da epidemia do coronavírus #boato","816"
"2488","https://www.boatos.org/saude/manicure-mulher-infeccao-pe-foto.html","Manicure de fundo de quintal deixa mulher com infecção no pé, mostra foto #boato","432"
"2489","https://www.boatos.org/saude/manu-tem-epidermolise-bolhosa-e-precisa-de-doacoes-em-vaquinha.html","Golpistas criam história falsa sobre Manu, que teria epidermólise bolhosa e precisaria de doações","746"
"2490","https://www.boatos.org/saude/margarina-fabricada-engordar-perus.html","Margarina foi fabricada para engordar perus #boato","776"
"2491","https://www.boatos.org/saude/marinella-della-negro-cebolas.html","Marinella Della Negro, infectologista, faz áudio sobre o perigo da cebola #boato","874"
"2492","https://www.boatos.org/saude/mario-kroeff-mamografia-graca.html","Hospital Mário Kroeff está marcando mamografia de graça no Outubro Rosa #boato","471"
"2493","https://www.boatos.org/saude/marta-temido-ministra-da-saude-de-portugal-17-dicas-covid-19.html","Marta Temido, ministra da Saúde de Portugal, dá 17 dicas sobre a Covid-19 #boato","1210"
"2494","https://www.boatos.org/saude/marta-temido-universidade-maryland-lista-dicas-covid-19.html","Marta Temido, da Universidade de Maryland, lista dicas sobre a Covid-19 #boato","1151"
"2495","https://www.boatos.org/saude/mascara-ajuda-coronavirus-espalhar-gas-carbonico-so-usada-conversar.html","Máscara ajuda o coronavírus a se espalhar por causa do gás carbônico e só deve ser usada para conversar #boato","570"
"2496","https://www.boatos.org/saude/mascara-baixa-imunidade-causa-agua-pulmao-pneumonia.html","Máscara baixa imunidade, causa água no pulmão e pneumonia #boato","711"
"2497","https://www.boatos.org/saude/mascara-causa-excesso-inalacao-de-co2-dioxido-de-carbono-mostra-video-com-aparelho-medidor.html","Máscara causa excesso de inalação de CO2 (dióxido de carbono), mostra vídeo com aparelho medidor #boato","824"
"2498","https://www.boatos.org/saude/mascara-inutil-nociva-globo-mudou-ideia-pediu-pessoas-nao-usarem.html","Máscara é inútil, nociva e, por isso, Globo mudou de ideia e pediu para população parar de usar #boato","1067"
"2499","https://www.boatos.org/saude/mascaras-china-compradas-mandetta-contaminadas-coronavirus.html","Máscaras da China compradas por Mandetta estão contaminadas com coronavírus #boato","985"
"2500","https://www.boatos.org/saude/mascaras-chinesas-revelam-vermes-quando-colocadas-vapor-video.html","Máscaras chinesas revelam vermes quando colocadas no vapor, mostra vídeo #boato","823"
"2501","https://www.boatos.org/saude/mascaras-contaminadas-china-chegando-porto-santos-itajai.html","Máscaras contaminadas da China estão chegando no Porto de Santos e de Itajaí #boato","1336"
"2502","https://www.boatos.org/saude/mascaras-contaminadas-estao-chegando-china-para-contaminar-pessoas-no-brasil.html","Máscaras contaminadas estão chegando da China para contaminar pessoas no Brasil #boato","729"
"2503","https://www.boatos.org/saude/mascaras-cotonetes-china-vindo-vermes-parasitas-morgellons.html","Máscaras e cotonetes da China estão vindo com vermes, parasitas e “morgellons” #boato","1146"
"2504","https://www.boatos.org/saude/mascaras-danos-neurologicos-irreversiveis.html","Máscaras causam danos neurológicos irreversíveis #boato","1149"
"2505","https://www.boatos.org/saude/mascaras-foram-inuteis-combate-covid-19-definido-coronavirus-saiu-laboratorio-chines.html","Máscaras foram inúteis no combate à Covid-19 e está definido que coronavírus saiu de laboratório chinês #boato","748"
"2506","https://www.boatos.org/saude/matar-macacos-febre-amarela-humanos.html","Macacos transmitem febre amarela para humanos e a solução é os matar #boato","772"
"2507","https://www.boatos.org/saude/maxalgina-dipirona-venezuela-contaminada-virus-marborde.html","Maxalgina, a Dipirona da Venezuela, está contaminada com o vírus Marborde #boato","682"
"2508","https://www.boatos.org/saude/maxaranguape-zerou-obitos-internacoes-covid-19-tratamento-precoce-ivermectina.html","Maxaranguape zerou óbitos e internações por Covid-19 com tratamento precoce e ivermectina #boato","769"
"2509","https://www.boatos.org/saude/media-mortes-dia-coronavirus-histeria-coletiva.html","Média de mortes por dia por coronavírus é 283 e prova que há uma “histeria coletiva” #boato","1422"
"2510","https://www.boatos.org/saude/medica-butantan-vacina-febre.html","Médica funcionária do Instituto Butantan fala do perigo da vacina da febre amarela #boato","861"
"2511","https://www.boatos.org/saude/medica-entre-a-vida-e-morte-vacina-chinesa.html","Médica está entre a vida e morte por tomar vacina chinesa #boato","1034"
"2512","https://www.boatos.org/saude/medica-neurologista-alertou-que-tomar-banho-quente-causa-avc-em-idosos.html","É falso que médica neurologista alertou que tomar banho quente causa AVC em idosos","1072"
"2513","https://www.boatos.org/saude/medica-unimed-populacao-atingida-gripe.html","Médica de Unimed diz que 100% da população acima dos 30 anos será atingida pela gripe H2N3 #boato","559"
"2514","https://www.boatos.org/saude/medica-usuaria-crack-vivendo-ruas.html","Médica usuária de crack é filmada vivendo nas ruas #boato","745"
"2515","https://www.boatos.org/saude/medico-alemao-walter-weber-mascaras-pcr-erro-vacina-dna.html","Médico alemão Walter Weber acerta ao falar que máscaras não protegem, PCR tem 85% de erro, Covid-19 não existe e vacina altera o DNA #boato","1616"
"2516","https://www.boatos.org/saude/medico-anestesiologista-de-fortaleza-morreu-infarto-por-causa-da-vacina-bivalente-contra-covid-19.html","Médico anestesiologista de Fortaleza morreu de infarto por causa da vacina bivalente contra a Covid-19 #boato","755"
"2517","https://www.boatos.org/saude/medico-bacteria-conjuntivite-viral.html","Médico alerta para bactéria de conjuntivite viral nível 3 sem tratamento #boato","709"
"2518","https://www.boatos.org/saude/medico-belgica-vacinas-nao-tem-comprovacao-mudam-dna-controlam-pessoas-5g.html","Médico da Bélgica está certo ao falar que vacinas não têm comprovação, mudam DNA e controlam pessoas pelo 5G #boato","1555"
"2519","https://www.boatos.org/saude/medico-britanico-stephen-mac-mata-cancer-forma-simples-comendo-frutas-estomago-vazio.html","Médico britânico Stephen Mac mata o câncer de forma simples: comendo frutas de estômago vazio #boato","1099"
"2520","https://www.boatos.org/saude/medico-cabo-frio-afirma-vacina-covid-19-mata.html","Médico de Cabo Frio afirma que vacina contra Covid-19 mata #boato","881"
"2521","https://www.boatos.org/saude/medico-cardiologista-ho-hospital-sao-jose-de-itaperuna-da-dica-da-lei-de-um-minuto-para-idosos.html","Homem que aparece dando dica (errada) em vídeo não é médico do Hospital de Itaperuna","1006"
"2522","https://www.boatos.org/saude/medico-contrario-vacinas-favor-ivermectina-eleito-melhor-cientista-mundo.html","Não é verdade que médico contrário às vacinas é o “melhor cientista do mundo”","755"
"2523","https://www.boatos.org/saude/medico-denuncia-brasileiros-serao-cobaias-vacina-chinesa.html","Médico denuncia que vacina chinesa será aplicada como um teste nos brasileiros #boato","1006"
"2524","https://www.boatos.org/saude/medico-elsimar-coutinho-morreu-decorrencia-covid-19.html","Médico Elsimar Coutinho morreu em decorrência da Covid-19 #boato","559"
"2525","https://www.boatos.org/saude/medico-foi-preso-apos-dopar-e-abusar-de-pacientes-durante-exame-de-prostata.html","É falso que médico tenha sido preso após dopar e abusar de pacientes durante exame de próstata","657"
"2526","https://www.boatos.org/saude/medico-italiano-roberto-petrella-acerta-alerta-vacina-contra-covid-19-farsa-coronavirus.html","Médico italiano Roberto Petrella acerta ao alertar sobre “vacina contra Covid-19” e “farsa do coronavírus” #boato","1005"
"2527","https://www.boatos.org/saude/medico-japones-makoto-suzuki-descobre-viriforte-remedio-que-acaba-com-disfuncao-eretil-e-conta-para-drauzio-varella.html","É falso que médico japonês Makoto Suzuki tenha descoberto fórmula milagrosa e contado para Drauzio Varella sobre cura da disfunção erétil com Viriforte","1038"
"2528","https://www.boatos.org/saude/medico-michael-yeadon-ex-vice-pfizer-vacina-agente-transfeccao-celulas-material-genetico.html","Médico Michael Yeadon (ex-vice da Pfizer) diz que vacina a -80°C é um agente de transfecção de células e material genético #boato","1121"
"2529","https://www.boatos.org/saude/medico-militar-cura-cancer.html","Médico militar descobre a cura do câncer, a fosfoetanolamina, mas é boicotado #boato","783"
"2530","https://www.boatos.org/saude/medico-oncologista-rafael-sato-recomenda-limao-cancer.html","Médico oncologista Rafael Sato recomenda comer limão para curar câncer #boato","966"
"2531","https://www.boatos.org/saude/medico-otorrino-revelou-produto-que-cura-surdez-e-zumbido-no-ouvido.html","Golpe cita médico otorrino que teria descoberto cura da surdez e zumbido no ouvido","484"
"2532","https://www.boatos.org/saude/medico-pedro-ernesto-alerta-omicron-xxb-e-mais-mortal-outras-variantes.html","Médico do Pedro Ernesto alerta que Ômicron XXB é mais mortal do que outras variantes #boato","882"
"2533","https://www.boatos.org/saude/medico-vacina-surto-mortal-gripe.html","Médico diz que vacina da gripe está causando um surto mortal de gripe #boato","670"
"2534","https://www.boatos.org/saude/medicos-aviao-vinhedo-mortos-elite-mundial-descobrir-cura-doenca-x.html","Teoria que fala que médicos foram mortos em queda de avião em Vinhedo é falsa (e ridícula)","1003"
"2535","https://www.boatos.org/saude/medicos-canadenses-morrem-por-causa-de-quarta-dose-da-vacina-contra-covid-19.html","Médicos canadenses morrem por causa de quarta dose da vacina contra Covid-19 #boato","642"
"2536","https://www.boatos.org/saude/medicos-chineses-chegaram-italia-dicas-novo-coronavirus.html","Médicos chineses que chegaram à Itália divulgam dicas sobre o novo coronavírus #boato","1920"
"2537","https://www.boatos.org/saude/medicos-cubanos-formacao-medica.html","Médicos cubanos não têm formação médica e são apenas feldsher #boato","741"
"2538","https://www.boatos.org/saude/medicos-cubanos-revalida.html","628 médicos cubanos se inscreveram no Revalida e só dois foram aprovados, diz CRM #boato","620"
"2539","https://www.boatos.org/saude/medicos-enzimas-cancer-vacinas-mortos.html","Médicos que descobriram enzimas do câncer em vacinas foram mortos #boato","710"
"2540","https://www.boatos.org/saude/medicos-gelo-picada-escorpiao.html","Médicos recomendam aplicar gelo após picada de escorpião #boato","528"
"2541","https://www.boatos.org/saude/medicos-hospital-beneficente-portuguesa-manaus-desabafo-pandemia.html","Médicos do Hospital Beneficente Portuguesa, em Manaus (AM), fazem desabafo sobre pandemia #boato","1004"
"2542","https://www.boatos.org/saude/medicos-morreram-acidente-aviao-haviam-descoberto-cura-cancer.html","Texto sobre médicos que morreram em avião mente sobre cura do câncer e outras sabotagens","1091"
"2543","https://www.boatos.org/saude/medicos-nigerianos-nos-eua-dao-dicas-sobre-rins-remedios-e-como-atender-telefone.html","Médicos nigerianos nos EUA dão dicas sobre rins, remédios e como atender um telefone #boato","1359"
"2544","https://www.boatos.org/saude/medicos-oferecem-enterro-graca-covid-19-atestado-obito.html","Brasil não tem 100 mil mortes porque médicos oferecem enterro de graça para quem coloca Covid-19 no atestado de óbito #boato","1060"
"2545","https://www.boatos.org/saude/medicos-por-la-verdad-falam-a-verdade-covid-19.html","Médicos por la Verdad falam a verdade ao relatar que a pandemia da Covid-19 é uma farsa, vacina da gripe e 5G causam a doença, que testes, isolamento e máscaras fazem mal e que a cloroquina é a cura #boato","1524"
"2546","https://www.boatos.org/saude/medicos-salvaram-homem-de-ataque-cardiaco-dando-tapas-em-seu-cotovelo.html","Médicos não salvaram homem de ataque cardíaco dando tapas no cotovelo; Vídeo não foi gravado em Singapura e homem não teve ataque cardíaco","882"
"2547","https://www.boatos.org/saude/medicos-uti-santa-casa-hospital-militar-escrevem-mensagem-covid-19.html","Médicos da UTI da Santa Casa e Hospital Militar escrevem mensagem sobre Covid-19 #boato","850"
"2548","https://www.boatos.org/saude/mel-canela-curam-quase-todas-doencas.html","Mel e canela curam quase todas as doenças #boato","856"
"2549","https://www.boatos.org/saude/mel-nao-estraga-cura-doencas.html","Mel é o único alimento que não estraga e cura quase todas doenças #boato","854"
"2550","https://www.boatos.org/saude/melancia-rachada-veneno-chines.html","Melancia rachada tem veneno chinês que causa câncer #boato","671"
"2551","https://www.boatos.org/saude/melancia-vendida-brasil-contaminada-chineses-coronavirus.html","Melancia vendida no Brasil foi contaminada por chineses com coronavírus #boato","1096"
"2552","https://www.boatos.org/saude/melhor-nao-tomar-vacina-altera-dna-causa-homossexualidade.html","É melhor não tomar a vacina porque ela altera DNA e causa “homossexualismo” #boato","2409"
"2553","https://www.boatos.org/saude/menina-filmada-vomitando-apos-tomar-vacina-contra-covid-19-morreu.html","Menina filmada vomitando após tomar vacina contra Covid-19 morreu #boato","874"
"2554","https://www.boatos.org/saude/menina-gritou-fora-bolsonaro-ao-vacinar-foi-filmada-vomitando-e-morreu-por-conta-da-vacina.html","Menina que gritou “fora Bolsonaro” ao se vacinar, foi filmada vomitando e morreu por conta da vacina #boato","761"
"2555","https://www.boatos.org/saude/menina-isabela-precisa-de-vaquinha-para-transplante-em-porto-alegre.html","É golpe a vaquinha que pede doações para menina chamada Isabela em Porto Alegre","813"
"2556","https://www.boatos.org/saude/menina-morre-apos-tomar-vacina-contra-covid-19-e-desmaiar.html","Menino morre após tomar a vacina contra Covid-19 e desmaiar #boato","658"
"2557","https://www.boatos.org/saude/menor-cobra-venenosa-mundo-encontrada-dentro-pimentao.html","Menor cobra venenosa do mundo é encontrada dentro de pimentão #boato","548"
"2558","https://www.boatos.org/saude/mensagem-falsa-animais-sao-triturados-em-maquina-e-viram-hamburguer.html","Mensagem falsa: animais são triturados em máquina e viram hambúrguer","599"
"2559","https://www.boatos.org/saude/mensagem-falsa-diz-que-colocar-limao-copo-de-cerveja-e-fatal.html","Colocar limão no copo de cerveja é fatal #boato","506"
"2560","https://www.boatos.org/saude/mensagem-falsa-rato-encontrado-acougue-supermercado-extra.html","Mensagem falsa: rato é encontrado no açougue do supermercado Extra","356"
"2561","https://www.boatos.org/saude/mentira-corneas-doadas-ao-hospital-de-sorocaba-sao-jogadas-fora.html","Córneas doadas ao Hospital de Sorocaba são jogadas fora #boato","711"
"2562","https://www.boatos.org/saude/mentira-desodorante-antitranspirante-pode-causar-cancer-de-mama.html","Desodorante antitranspirante pode causar câncer de mama #boato","898"
"2563","https://www.boatos.org/saude/mentira-dois-casos-de-ebola-foram-confirmados-rio-de-janeiro.html","Mentira: dois casos de ebola foram confirmados no Rio de Janeiro","487"
"2564","https://www.boatos.org/saude/mentira-nigeriano-esta-internado-com-virus-ebola-ceara.html","Mentira: nigeriano está internado com vírus ebola no Ceará","626"
"2565","https://www.boatos.org/saude/mentira-tossir-durante-infarto-faz-pessoa-sobreviver-ataque-cardiaco.html","Tossir durante infarto faz pessoa sobreviver a ataque cardíaco #boato","487"
"2566","https://www.boatos.org/saude/mesmo-pandemia-julho-2020-menos-mortes-julho-2019.html","Mesmo com pandemia, julho de 2020 teve menos mortes do que julho de 2019 #boato","886"
"2567","https://www.boatos.org/saude/metapneumovirus-hpmv-novo-virus-da-china-chegou-ao-brasil-e-ja-causou-uma-morte.html","Metapneumovírus (HPMV), que causou surto na China, não chegou ao Brasil","770"
"2568","https://www.boatos.org/saude/microcefalia-foi-causada-por-vacina-vencida-de-rubeola-diz-balela.html","Microcefalia foi causada por vacina vencida de rubéola, diz balela","678"
"2569","https://www.boatos.org/saude/milhares-cientistas-medicos-provam-covid-19-fraude.html","Milhares de cientistas e médicos provam que Covid-19 é uma fraude #boato","1760"
"2570","https://www.boatos.org/saude/ministerio-da-saude-incentiva-estupradores-a-usarem-camisinha-diz-noticia-falsa.html","Ministério da Saúde incentiva estupradores a usarem camisinha #boato","348"
"2571","https://www.boatos.org/saude/ministro-e-lider-do-japao-pediu-desculpas-a-nao-vacinados-por-causa-da-vacina-contra-covid-19.html","Homem que “pediu desculpas a não vacinados” não participou de campanha de vacinação no Japão","609"
"2572","https://www.boatos.org/saude/ministro-saude-italia-esta-sendo-investigado-por-mortes-por-conta-vacina-contra-covid-19.html","Ministro da Saúde da Itália não está sendo investigado por mortes por conta da vacina contra Covid-19","892"
"2573","https://www.boatos.org/saude/mistura-alho-acafrao-limao-previne-cura-coronavirus.html","Mistura de alho, açafrão e limão previne e cura o coronavírus #boato","1332"
"2574","https://www.boatos.org/saude/mistura-de-bicarbonato-de-sodio-e-mel-cura-a-disfuncao-eretil.html","Vídeos fazem sugestão absurda de que mistura de bicarbonato de sódio e mel é a solução definitiva para a ereção masculina","1223"
"2575","https://www.boatos.org/saude/mito-consumir-alimentos-microondas-saude.html","Consumir alimentos de microondas faz mal à saúde #boato","474"
"2576","https://www.boatos.org/saude/moeda-gruda-braco-quem-tomou-vacina-contra-covid-19.html","Moeda gruda no braço de quem tomou vacina contra Covid-19 #boato","838"
"2577","https://www.boatos.org/saude/molho-de-tomate-com-larvas-sera-verdade-mesmo.html","Molho de tomate com larvas; será verdade mesmo?","728"
"2578","https://www.boatos.org/saude/morcegos-vampiros-atacando-rio.html","Morcegos vampiros estão atacando pessoas dormindo no Rio #boato","934"
"2579","https://www.boatos.org/saude/morder-a-lingua-evita-que-a-pessoa-solte-pum.html","Técnica viral de “morder a língua” para evitar gases não tem base científica","613"
"2580","https://www.boatos.org/saude/morre-primeira-pessoa-por-ingestao-de-ogm-aponta-noticia-falsa.html","Morre primeira pessoa por ingestão de OGM, aponta notícia falsa","580"
"2581","https://www.boatos.org/saude/morte-subita-died-suddenly-o-fim-da-farsa-revela-verdade-sobre-vacinas.html","“Morte Súbita (died suddenly) O Fim da Farsa” revela a verdade sobre vacinas #boato","633"
"2582","https://www.boatos.org/saude/mortes-manaus-cairam-depois-bolsonaro-mandou-teich-visitar-hospitais-pf-amazonas-26-caixoes-pedras.html","Mortes em Manaus caíram depois que Bolsonaro mandou Teich visitar hospitais e PF do Amazonas descobrir 26 caixões com pedras #boato","646"
"2583","https://www.boatos.org/saude/morto-fumando-caminhao-mostra-pandemia-uma-fraude.html","Morto fumando em caminhão mostra que pandemia é uma fraude #boato","616"
"2584","https://www.boatos.org/saude/mosquito-transgenicos-causaram-zika-virus-boato.html","Mosquitos transgênicos causaram Zika vírus #boato","699"
"2585","https://www.boatos.org/saude/mpf-proibe-vacina-hpv.html","MPF proíbe a vacina contra o HPV em todo Brasil #boato","610"
"2586","https://www.boatos.org/saude/mulher-emagreceu-32-quilos-dieta-semen.html","História que aponta que mulher emagreceu 32 quilos com “dieta do sêmen” surgiu em site de notícias fictícias","602"
"2587","https://www.boatos.org/saude/mulher-morre-inseticida-explodir.html","Mulher morre queimada após inseticida explodir perto do fogão #boato","916"
"2588","https://www.boatos.org/saude/mulher-passou-fome-comeu-gato-por-causa-lockdown-araraquara.html","Mulher passou fome e comeu um gato por causa de lockdown em Araraquara #boato","1213"
"2589","https://www.boatos.org/saude/mulher-valvula-panela-de-pressao-torneira.html","Mulher se feriu com válvula após colocar panela de pressão na torneira #boato","776"
"2590","https://www.boatos.org/saude/mulher-vomitou-em-maca-apos-tomar-coca-cola-com-metanol.html","Vídeo de mulher vomitando em maca não tem relação com “Coca Cola com metanol”","697"
"2591","https://www.boatos.org/saude/mundo-vive-escassez-mundial-de-pilotos-por-causa-de-milhares-de-mortes-pela-vacina-da-covid-19.html","Mundo vive escassez mundial de pilotos por causa de milhares de mortes pela vacina da Covid-19 #boato","1081"
"2592","https://www.boatos.org/saude/musica-de-6-minutos-tem-som-que-restaura-a-memoria.html","É golpe anúncio de música de 6 minutos que promete recuperar memória com som","656"
"2593","https://www.boatos.org/saude/naftalina-causa-cancer-leucemia.html","Mensagens que apontam naftalina como “agente causadora de câncer e leucemia” têm exageros e informações ainda não confirmadas","590"
"2594","https://www.boatos.org/saude/nanobots-foram-encontrados-em-milhoes-de-pessoas-que-se-vacinaram-no-japao.html","Fake news sobre nanobots em vacinas contra Covid-19 no Japão volta a circular na internet","588"
"2595","https://www.boatos.org/saude/nao-beba-fanta-uva-fanta-laranja-e-coca-cola-aponta-alerta-falso.html","Não beba Fanta Uva, Fanta Laranja e Coca-Cola #boato","593"
"2596","https://www.boatos.org/saude/nao-beba-skol-contaminada.html","Não beba Skol! Marca de cerveja está contaminada e causando doenças #boato","796"
"2597","https://www.boatos.org/saude/nao-usar-mascara-limpar-compras-mercado-pegar-coronavirus.html","Pessoas estão se contaminando em casa por não usar máscara para limpar compras de mercado #boato","1249"
"2598","https://www.boatos.org/saude/navio-3500-italianos-atracou-buzios-rj.html","Navio com 3.500 italianos atracou em Búzios (RJ) e passageiros estão na cidade #boato","774"
"2599","https://www.boatos.org/saude/navio-hospital-chines-esta-prestando-atendimento-medico-para-a-populacao-do-rio-de-janeiro.html","Navio-hospital chinês não está atendendo a população no Rio de Janeiro","1486"
"2600","https://www.boatos.org/saude/nebulizacao-caseira-bicarbonato-sodio-agua-oxigenada-previne-cura-covid-19.html","Nebulização caseira com bicarbonato de sódio e água oxigenada previne e cura Covid-19 #boato","919"
"2601","https://www.boatos.org/saude/nebulizacao-com-hidroxicloroquina-cura-da-covid-19.html","Nebulização com hidroxicloroquina é a cura da Covid-19 #boato","806"
"2602","https://www.boatos.org/saude/nelson-teich-pediu-demissao-ministerio-da-saude-por-recebido-ameacas.html","Nelson Teich pediu demissão no Ministério da Saúde por ter recebido ameaças de morte #boato","725"
"2603","https://www.boatos.org/saude/nitazoxanida-reduz-covid-19-em-94-cura-da-doenca.html","Nitazoxanida reduz Covid-19 em 94% e é a cura da doença #boato","1174"
"2604","https://www.boatos.org/saude/nocturia-xixi-noite-problemas-coracao.html","Noctúria (fazer xixi à noite) tem como principal causa problemas no coração #boato","876"
"2605","https://www.boatos.org/saude/nos-testes-da-pfizer-morreu-mais-gente-tomando-a-vacina-do-que-o-placebo.html","É falso que morreu mais gente tomando a vacina do que o placebo nos testes da Pfizer","750"
"2606","https://www.boatos.org/saude/nota-oficial-governo-sao-paulo-dicas-covid-19-coronavirus-fechamento-fronteiras.html","Nota oficial do governo de São Paulo dá dicas sobre Covid-19 (coronavírus) e fala sobre fechamento de fronteiras #boato","2293"
"2607","https://www.boatos.org/saude/noticia-falsa-coordenador-de-samu-e-demitido-por-causa-de-luciano-huck.html","Notícia falsa: coordenador de Samu é demitido por causa de Luciano Huck","528"
"2608","https://www.boatos.org/saude/noticia-falsa-estudo-revela-que-irmao-mais-novo-e-mais-bonito.html","Notícia falsa: estudo revela que irmão mais novo é mais bonito","408"
"2609","https://www.boatos.org/saude/noticia-falsa-overdose-de-maconha-que-matou-37-pessoas-colorado.html","Notícia falsa: overdose de maconha matou 37 pessoas no Colorado","478"
"2610","https://www.boatos.org/saude/noticia-falsa-pf-descobre-que-medicos-cubanos-usam-diploma-falso.html","Polícia Federal descobre que médicos cubanos usam diploma falso #boato","513"
"2611","https://www.boatos.org/saude/noticia-falsa-supermercado-vende-carne-de-dinossauro-na-australia.html","Noticia falsa: supermercado vende carne de dinossauro na Austrália","481"
"2612","https://www.boatos.org/saude/nova-cepa-covid-19-ataca-figado-causa-hepatite.html","Nova cepa da Covid-19 ataca o fígado e causa hepatite #boato","1234"
"2613","https://www.boatos.org/saude/nova-doenca-pneumonia-branca-vai-se-espalhar-no-brasil-no-carnaval.html","É falso que exista nova doença chamada pneumonia branca que vai se espalhar no Brasil durante o Carnaval e matar muita gente","1186"
"2614","https://www.boatos.org/saude/nova-droga-dofe-usada-olhos.html","Nova droga DOFE é usada nos olhos e vendida nas raves #boato","538"
"2615","https://www.boatos.org/saude/nova-onda-da-covid-19-com-subvariantes-da-omicron-bq-1-bxx-uma-farsa.html","Nova onda da Covid-19 com subvariantes da Ômicron BQ.1 e BXX é uma farsa #boato","938"
"2616","https://www.boatos.org/saude/nova-vacina-bivalente-contra-covid-19-sera-lancada-em-2026-para-matar-as-pessoas.html","Fake sobre nova vacina bivalente contra Covid-19 ser lançada para matar as pessoas volta a circular em 2026","1168"
"2617","https://www.boatos.org/saude/nova-variante-da-covid-19-chegou-rio-matou-duas-mulheres-causa-parada-cardiaca-vacinados.html","Nova variante da Covid-19 chegou ao Rio, matou duas mulheres e causa parada cardíaca em vacinados #boato","1192"
"2618","https://www.boatos.org/saude/nova-variante-omicron-nao-existe-invencao-da-midia-ministro-africa-do-sul.html","Nova variante Ômicron não existe e é invenção da mídia, diz ministro da África do Sul #boato","854"
"2619","https://www.boatos.org/saude/novembro-azul-2015-o-exame-de-toque-retal-e-obrigatorio-para-todos-os-homens.html","Novembro Azul 2015: o exame de toque retal é obrigatório para todos os homens?","430"
"2620","https://www.boatos.org/saude/novo-inseto-assassino-espalha-virus-mortal-boato.html","Novo inseto assassino espalha vírus mortal #boato","355"
"2621","https://www.boatos.org/saude/nuggets-sao-feitos-de-pintinhos-triturados-diz-informacao-falsa.html","Nuggets são feitos de pintinhos triturados, diz informação falsa","341"
"2622","https://www.boatos.org/saude/numero-de-mortes-covid-19-caiu-investigacao-teich-moro.html","Número de mortes diárias por Covid-19 caiu por causa de investigação de Nelson Teich e Sérgio Moro #boato","1362"
"2623","https://www.boatos.org/saude/nutella-causa-cancer-retirada.html","Nutella causa câncer e será retirada de todos os supermercados #boato","644"
"2624","https://www.boatos.org/saude/oleo-de-coco-cura-alzheimer-aponta-boato.html","Óleo de coco cura Alzheimer, aponta boato","448"
"2625","https://www.boatos.org/saude/oleo-soja-feito-soda-caustica.html","Óleo de soja é feito de soda cáustica e foi criado como combustível #boato","954"
"2626","https://www.boatos.org/saude/oleo-umbigo-cura-doencas-previne-ressecamento-pele.html","Óleo no umbigo cura doenças e previne ressecamento de pele #boato","654"
"2627","https://www.boatos.org/saude/oleo-umbigo-cura-doencas-secura.html","Óleo no umbigo cura diversas doenças e acaba com a secura no corpo #boato","688"
"2628","https://www.boatos.org/saude/olimpia-sp-surto-meningite.html","Olímpia (SP) está sob surto de meningite viral #boato","672"
"2629","https://www.boatos.org/saude/olympikus-esta-dando-desconto-em-tenis-corre-grafeno-em-campanha-de-novembro-azul.html","Golpe que cita o nome da Olympikus fala, agora, de desconto em tênis do Novembro Azul","654"
"2630","https://www.boatos.org/saude/omega-3-dissolve-tecidos-e-celulas-do-corpo-porque-derrete-isopor.html","Ômega 3 dissolve tecidos e células do corpo porque derrete isopor #boato","684"
"2631","https://www.boatos.org/saude/oms-admitiu-em-2024-que-mascaras-sao-ineficazes-contra-a-covid-19.html","É falso que a OMS tenha dito que máscaras são ineficazes contra a Covid-19","815"
"2632","https://www.boatos.org/saude/oms-alerta-que-pais-devem-manter-criancas-longe-da-vacina-perigosa-contra-covid-19-boato.html","OMS alerta que pais devem manter crianças longe da “vacina perigosa contra Covid-19” #boato","404"
"2633","https://www.boatos.org/saude/oms-aprova-certificado-excelencia-vacina-soberana.html","OMS aprova e dá certificado de excelência à vacina cubana Soberana (Sovereign) #boato","729"
"2634","https://www.boatos.org/saude/oms-brasil-japao-holanda-melhores-paises.html","OMS escolhe Brasil, Japão e Holanda como melhores países no combate à pandemia da Covid-19 #boato","658"
"2635","https://www.boatos.org/saude/oms-china-passaporte-de-imunidade-covid-19.html","OMS e China vão criar passaporte de imunidade para Covid-19 com certificado digital na mão das pessoas #boato","966"
"2636","https://www.boatos.org/saude/oms-condena-lockdown-contra-isolamento-combater-covid-19.html","OMS condena lockdown e é contra o isolamento para combater a Covid-19 #boato","852"
"2637","https://www.boatos.org/saude/oms-decretou-lockdown-por-causa-de-mpox-variola-dos-macacos.html","É falso que OMS tenha decretado lockdown por causa de Mpox","436"
"2638","https://www.boatos.org/saude/oms-diz-que-doses-de-reforco-da-vacina-contra-covid-19-pode-danificar-sistema-imunologico.html","OMS diz que doses de reforço da vacina contra Covid-19 pode danificar sistema imunológico #boato","910"
"2639","https://www.boatos.org/saude/oms-mascaras-infectadas-china-india.html","OMS alerta sobre máscaras infectadas da China e Índia que chegam ao Brasil #boato","643"
"2640","https://www.boatos.org/saude/oms-muda-discurso-admite-isolamento-horizontal-aumenta-contaminacao-covid-19.html","OMS muda discurso e admite que isolamento aumenta contaminação da Covid-19 #boato","2114"
"2641","https://www.boatos.org/saude/oms-reclassifica-conceito-de-jovem-meia-idade-idoso.html","OMS reclassifica conceito de jovem, meia-idade e idoso #boato","791"
"2642","https://www.boatos.org/saude/oms-reclassifica-conceito-jovens-18-65-anos-idosos-80-99-anos.html","OMS reclassifica conceito de jovens (18 a 65 anos) e idosos (80 a 99 anos) #boato","779"
"2643","https://www.boatos.org/saude/oms-reclassifica-idade-na-qual-a-pessoa-e-considerada-idosa-boato.html","OMS reclassifica idade na qual a pessoa é considerada idosa #boato","649"
"2644","https://www.boatos.org/saude/oms-se-desculpa-aos-mortos-por-covid-19-por-ter-proibido-hidroxicloroquina-azitromicina-e-zinco.html","OMS se desculpa aos mortos por Covid-19 por ter “proibido” hidroxicloroquina, azitromicina e zinco #boato","966"
"2645","https://www.boatos.org/saude/oms-variante-xbb-vai-causar-pandemia-mais-mortal-em-2024-ministerio-da-saude-fez-alerta.html","Texto falso sobre variante XBB da Covid-19 volta a circular","972"
"2646","https://www.boatos.org/saude/oms-volta-atras-da-razao-bolsonaro-pede-fim-isolamento-social-quer-pessoas-voltem-trabalho.html","OMS volta atrás, dá razão a Bolsonaro, pede fim do isolamento social e quer que pessoas voltem ao trabalho #boato","740"
"2647","https://www.boatos.org/saude/onda-de-calor-no-brasil-combate-a-covid-19-altas-temperaturas.html","Onda de calor no Brasil combate a Covid-19 porque o coronavírus não suporta altas temperaturas #boato","1442"
"2648","https://www.boatos.org/saude/organismo-vivo-parasita-a-coisa-de-aluminio-e-carbono-e-encontrado-nas-vacinas-contra-covid-19-boato.html","Organismo vivo parasita “A Coisa”, de alumínio e carbono, é encontrado nas vacinas contra Covid-19 #boato","1045"
"2649","https://www.boatos.org/saude/otavio-garoto-suicidio-jogos-eletronicos.html","Otávio, garoto de 14 anos, se suicidou por causa de jogos eletrônicos #boato","1614"
"2650","https://www.boatos.org/saude/ovo-cru-veneno-rato-cachorro.html","Ovo cru salva cachorro que ingeriu veneno de rato, mostra vídeo #boato","628"
"2651","https://www.boatos.org/saude/ovos-de-plastico-estao-vindo-com-chip-da-china.html","É falso que haja ovos de plástico que estejam vindo com chip da China","767"
"2652","https://www.boatos.org/saude/ovos-falsos-feitos-com-produtos-quimicos-estao-sendo-vendidos-no-mercado.html","É falso que ovos artificiais feitos com gelatina e pó químico estejam no mercado","1059"
"2653","https://www.boatos.org/saude/ovos-plastico-china-chegaram-brasil.html","Ovos de plástico da China chegaram ao Brasil, mostra vídeo #boato","1028"
"2654","https://www.boatos.org/saude/oxido-de-grafeno-microtecnologia-das-vacinas-sao-detectaveis-computadores-telefones-celulares.html","Óxido de grafeno e microtecnologia das vacinas são detectáveis por computadores e telefones celulares #boato","976"
"2655","https://www.boatos.org/saude/pague-menos-vende-ozempic-com-desconto-para-quem-responder-a-quiz-na-internet.html","Golpe que circula na internet fala de Ozempic com desconto na Pague Menos","669"
"2656","https://www.boatos.org/saude/pandemia-acabou-nao-necessidade-vacinas.html","Pandemia já acabou e não há necessidade de vacinas #boato","1551"
"2657","https://www.boatos.org/saude/papinhas-de-bananas-vidro.html","Papinhas de banana da Nestlé que vencem em 2017 têm vidro #boato","454"
"2658","https://www.boatos.org/saude/paracetamol-crianca-coma-manchas.html","Paracetamol deixou criança em coma e com manchas na pele #boato","607"
"2659","https://www.boatos.org/saude/paracetamol-p-500-virus-machupo-mortal.html","Paracetamol P/500 vem com vírus machupo, que é mortal #boato","448"
"2660","https://www.boatos.org/saude/paracetamol-p500-contem-virus-machupo.html","Paracetamol P/500 contém vírus machupo, que é mortal #boato","485"
"2661","https://www.boatos.org/saude/pascoa-solidaria-cacau-show-ovos-chocolate-gratis-whatsapp.html","Páscoa Solidária Cacau Show dá ovos de chocolate grátis no WhatsApp #boato","576"
"2662","https://www.boatos.org/saude/pastor-wenceslau-morre-apos-tomar-vacina-contra-covid-19.html","Pastor Wenceslau morre após tomar a vacina contra Covid-19 #boato","641"
"2663","https://www.boatos.org/saude/patente-teste-de-covid-19-foi-registrada-em-2015-com-numero-us-2020279585-a1.html","Patente do teste de Covid-19 foi registrada em 2015 com número US-2020279585-A1 #boato","959"
"2664","https://www.boatos.org/saude/paula-mello-campos-produto-sorriso-perfeito.html","Dra. Paula Mello Campos anuncia produto que garante sorriso perfeito #boato","512"
"2665","https://www.boatos.org/saude/paulo-ubiratan-entrevista-saude.html","Dr. Paulo Ubiratan dá entrevista sobre saúde a TV de Porto Alegre #boato","955"
"2666","https://www.boatos.org/saude/pauta-globo-covid-revelada-apresentador-demitido.html","Pauta da Globo para Covid é revelada por apresentador demitido #boato","1076"
"2667","https://www.boatos.org/saude/pavel-vorobyov-vernom-coleman-e-outros-revelam-farsa-da-vacina-contra-covid-19-e-da-pandemia.html","Pavel Vorobyov, Vernon Coleman e outros revelam farsa da vacina contra Covid-19 e da pandemia #boato","2134"
"2668","https://www.boatos.org/saude/paxlovid-pfizer-remedio-similar-a-ivermectina.html","Paxlovid, da Pfizer, é um remédio similar à ivermectina #boato","793"
"2669","https://www.boatos.org/saude/pediatra-cubano-maltrata-bebe-em-hospital-na-venezuela.html","Pediatra cubano maltrata bebê em hospital na Venezuela #boato","586"
"2670","https://www.boatos.org/saude/pedra-rins-gigante-homem-hgv-video.html","Pedra nos rins gigante é retirada de homem no HGV, mostra vídeo #boato","516"
"2671","https://www.boatos.org/saude/peppa-pig-danos-criancas-harvard.html","Peppa Pig causa danos às crianças, diz psicólogo de Harvard #boato","785"
"2672","https://www.boatos.org/saude/pepsi-infectados-virus-aids.html","Produtos da Pepsi foram contaminados com o vírus HIV, da aids #boato","500"
"2673","https://www.boatos.org/saude/perguntas-respostas-jogo-baleia-azul.html","15 perguntas e respostas sobre o jogo da Baleia Azul","2327"
"2674","https://www.boatos.org/saude/perigo-hoax-mamografia-causar-cancer-tireoide.html","Mamografia pode causar câncer na tireoide #boato","473"
"2675","https://www.boatos.org/saude/perigoso-cortar-cebola-comer.html","É perigoso cortar uma cebola e comer só no dia seguinte #boato","715"
"2676","https://www.boatos.org/saude/peru-suspende-testes-coronavac-apos-vacina-causar-paralisia-pernas.html","Peru suspendeu testes com a Coronavac após vacina causar paralisia nas pernas de voluntários #boato","531"
"2677","https://www.boatos.org/saude/pes-gelados-podem-causar-infarto-devem-ficar-protegidos.html","Pés gelados podem causar infarto e, por isso, devem ficar protegidos #boato","880"
"2678","https://www.boatos.org/saude/pesquisador-brasileiro-revela-metodo-de-50-centavos-para-acabar-com-as-dores.html","Vídeo que fala sobre “método de 50 centavos para acabar com as dores” não passa de publicidade de produto não autorizado pela Anvisa","510"
"2679","https://www.boatos.org/saude/pesquisadores-harvard-isolamento-social-piora-coronavirus.html","Isolamento social é pior para conter avanço do coronavírus, diz pesquisa de Harvard #boato","2071"
"2680","https://www.boatos.org/saude/pessoa-com-cancer-faz-doacao-em-euros-para-quem-enviar-e-mail-pedindo-informacoes.html","Golpe cita pessoa com câncer que faz doação em euros para quem enviar e-mail pedindo informações","1029"
"2681","https://www.boatos.org/saude/pessoas-com-diabetes-tem-direito-a-isencao-de-imposto-de-renda-e-ipva.html","É falso que diabetes garanta isenção de IPVA e Imposto de Renda","797"
"2682","https://www.boatos.org/saude/pessoas-usam-maconha-imunes-novo-coronavirus.html","Pessoas que usam maconha estão imunes ao novo coronavírus (Covid-19) #boato","700"
"2683","https://www.boatos.org/saude/pessoas-vestidas-de-branco-estao-transmitindo-virus-da-aids-ao-fingir-medir-taxa-glicemica-a-mando-da-baleia-azul.html","Corrente falsa sobre “grupo de aidéticos medindo glicose para transmitir aids” volta a circular em 2025","622"
"2684","https://www.boatos.org/saude/pf-encontra-caixas-malas-de-dinheiro-desviados-saude-imperatriz-ma.html","PF encontra caixas e malas de dinheiro desviados da saúde em Imperatriz (MA) #boato","627"
"2685","https://www.boatos.org/saude/pf-encontra-dinheiro-escondido-forro-teto-casa-secretario-saude-paraiba-para-video.html","PF encontra dinheiro escondido no forro do teto da casa do secretário de Saúde da Paraíba (Pará), mostra vídeo #boato","638"
"2686","https://www.boatos.org/saude/pfizer-admite-em-documento-que-nao-esta-aplicando-vacina-sim-terapia-genetica-contra-covid-19.html","Pfizer admite em documento que não está aplicando vacina e sim terapia genética contra a Covid-19 #boato","714"
"2687","https://www.boatos.org/saude/pfizer-admite-vacinados-doencas-para-nao-vacinados.html","Pfizer admite em documento que vacinados espalharão doenças para não-vacinados #boato","947"
"2688","https://www.boatos.org/saude/pfizer-admite-vai-levar-5-anos-para-descobrir-riscos-de-vacinas-para-criancas.html","Pfizer admite que vai levar 5 anos para descobrir riscos de vacinas para crianças #boato","975"
"2689","https://www.boatos.org/saude/pfizer-colocara-microchips-microsoft-proxima-leva-vacinas.html","Pfizer colocará microchips da Microsoft na próxima leva de vacinas #boato","481"
"2690","https://www.boatos.org/saude/pfizer-compra-fabrica-de-desfibriladores-na-bahia-por-causa-do-aumento-de-infartos.html","Pfizer compra fábrica de desfibriladores na Bahia por causa do aumento de infartos #boato","642"
"2691","https://www.boatos.org/saude/pfizer-deu-vacina-diferente-especial-para-funcionarios-na-australia.html","Mensagem que diz que funcionários da Pfizer receberam vacinas especiais da Covid-19 na Austrália não procede","740"
"2692","https://www.boatos.org/saude/pfizer-dona-laboratorio-chines-que-criou-covid-19.html","Pfizer é dona do laboratório chinês que criou a Covid-19 #boato","834"
"2693","https://www.boatos.org/saude/pfizer-e-uma-empresa-chinesa-controlada-pelo-governo-da-china.html","Pfizer não é uma empresa chinesa e sua vacina não está deixando pessoas inférteis","881"
"2694","https://www.boatos.org/saude/pfizer-incluiu-secretamente-trometamina-vacinas-diminuir-numero-infartos.html","Pfizer incluiu secretamente trometamina às vacinas para diminuir número de infartos #boato","693"
"2695","https://www.boatos.org/saude/pfizer-lanca-ivermectina-remedio-combate-covid-19.html","Pfizer lança ivermectina como remédio para combate à Covid-19 #boato","955"
"2696","https://www.boatos.org/saude/pfizer-mudou-de-nome-para-viatris-por-causa-da-vacina-contra-covid-19.html","Pfizer não mudou nome para Viatris porque vacina contra a Covid-19 matou pessoas","673"
"2697","https://www.boatos.org/saude/pfizer-proibe-sexo-apos-vacina-por-causa-alteracoes-dna.html","Bula da Pfizer proíbe sexo após vacina por causa de alterações no DNA #boato","879"
"2698","https://www.boatos.org/saude/pfizer-publica-lista-1291-efeitos-colaterais-graves-que-provam-vacinas-nao-sao-seguras.html","Pfizer publica lista de 1291 efeitos colaterais graves que provam que vacinas não são seguras #boato","993"
"2699","https://www.boatos.org/saude/pfizer-rastreia-vacinados-controle-remoto-e-gps-grafeno-microondas.html","Pfizer rastreia vacinados por controle remoto e GPS de grafeno e microondas #boato","826"
"2700","https://www.boatos.org/saude/pfizer-revela-plano-reducao-populacional-50-vacinacao-obrigatoria.html","Pfizer revela plano de redução populacional em 50% com vacinação obrigatória #boato","633"
"2701","https://www.boatos.org/saude/pilotos-gol-british-morrem-vacina-covid-19.html","Pilotos de avião (da Gol e da British) morrem por causa da vacina contra Covid-19 #boato","871"
"2702","https://www.boatos.org/saude/pilula-turbina-o-cerebro-e-aumenta-o-qi-em-47-diz-propaganda-enganosa.html","Pílula turbina o cérebro e aumenta o QI em 47%, diz propaganda enganosa","674"
"2703","https://www.boatos.org/saude/piripaque-do-chaves-e-uma-nova-droga-que-deixa-pessoas-com-piripaques-boato.html","Piripaque do Chaves é uma nova droga que deixa pessoas com “piripaques” no Rio de Janeiro #boato","1098"
"2704","https://www.boatos.org/saude/pirulito-energetico-ataque-cardiaco.html","Pirulito com energético da Blong provoca ataque cardíaco em crianças #boato","1090"
"2705","https://www.boatos.org/saude/pl-3982-2020-prisao-quem-negar-tomar-vacina-covid-19.html","PL 3982/2020 prevê prisão para quem se negar a tomar a vacina contra Covid-19 #boato","1116"
"2706","https://www.boatos.org/saude/plandemic-revela-verdade-falsa-pandemia-covid-19-mafia-vacinas.html","Plandemic revela verdade sobre falsa pandemia da Covid-19 e máfia das vacinas #boato","1348"
"2707","https://www.boatos.org/saude/planos-de-saude-vao-ter-reajuste-de-30-por-causa-da-reforma-tributaria.html","Não há provas de que planos de saúde vão subir 30%","452"
"2708","https://www.boatos.org/saude/planta-aranto-cura-cancer.html","Aranto cura câncer e mata células cancerígenas #boato","818"
"2709","https://www.boatos.org/saude/plastico-bolha-coronavirus-ar-vem-china.html","Plástico bolha pode transmitir coronavírus porque o ar vem da China #boato","566"
"2710","https://www.boatos.org/saude/poderosos-e-ricos-defendem-o-aborto-para-poderem-alcancar-a-imortalidade.html","Teoria que relaciona aborto à imortalidade de “poderosos” não tem provas e não se sustenta","1519"
"2711","https://www.boatos.org/saude/policia-apreendeu-carne-contaminada-com-metal-sintetico-e-bacteria.html","É falso que carne apreendida no RS tenha metal sintético e bactéria mortal","749"
"2712","https://www.boatos.org/saude/policia-federal-apreendeu-12-milhoes-de-rotulos-falsos-e-anvisa-recomendou-nao-consumir-bebidas-alcoolicas-por-15-dias.html","É falso que Polícia Federal tenha apreendido 12 milhões de rótulos falsos e Anvisa recomendado não consumir bebidas alcoólicas por 15 dias","1088"
"2713","https://www.boatos.org/saude/policia-federal-desenterra-26-caixoes-pedras-vitimas-covid-19.html","Polícia Federal desenterra 26 caixões com pedras de vítimas da Covid-19 #boato","643"
"2714","https://www.boatos.org/saude/policial-invade-necroterio-covid-19-saco-respirando.html","Policial invade necrotério para salvar sua mãe que estava com Covid-19, em um saco e respirando #boato","697"
"2715","https://www.boatos.org/saude/polonia-suecia-noruega-estao-processando-oms-por-uso-de-chemtrails-na-europa.html","Polônia, Suécia e Noruega estão processando a OMS por uso de chemtrails na Europa #boato","696"
"2716","https://www.boatos.org/saude/pontos-pretos-batatas-cancerigenas.html","Pontos pretos nas batatas são substâncias cancerígenas #boato","617"
"2717","https://www.boatos.org/saude/populacao-mundial-imune-karl-friston.html","80% da população mundial é imune à Covid-19, diz Karl Friston #boato","722"
"2718","https://www.boatos.org/saude/porta-voz-diz-oms-contra-isolamento-social.html","Porta-voz diz que OMS é contra isolamento social e nunca recomendou quarentena #boato","954"
"2719","https://www.boatos.org/saude/portal-transparencia-registro-civil-nao-ha-pandemia-covid-19-brasil.html","Portal da Transparência do Registro Civil mostra que não há pandemia de Covid-19 no Brasil #boato","1186"
"2720","https://www.boatos.org/saude/portaria-518-proibir-entrada-estrangeiros-novembro-2020.html","Governo, com Portaria 518, passou a proibir entrada de estrangeiros só em novembro de 2020 #boato","1063"
"2721","https://www.boatos.org/saude/porto-feliz-sp-1500-casos-covid-19-zero-mortes-gracas-cloroquina.html","Porto Feliz (SP) teve 1500 casos de Covid-19 e zero mortes graças ao uso da cloroquina #boato","605"
"2722","https://www.boatos.org/saude/porto-feliz-sp-tratou-100-populacao-hidroxicloroquina-nao-teve-nenhuma-morte.html","Porto Feliz (SP) tratou 100% da população com hidroxicloroquina e não teve nenhuma morte #boato","540"
"2723","https://www.boatos.org/saude/possivel-medir-pressao-sem-aparelho-mao-parede.html","É possível medir a pressão arterial sem aparelho apenas encostando a mão na parede #boato","728"
"2724","https://www.boatos.org/saude/povo-araraquara-passando-fome-lockdown-total.html","Povo de Araraquara está passando fome por causa do lockdown total #boato","931"
"2725","https://www.boatos.org/saude/pozinho-que-cura-cegueira-foi-descoberto-pela-medica-roberta-zanetti.html","Não existe pozinho que cura cegueira e “médica” Roberta Zanetti é uma atriz contratada","665"
"2726","https://www.boatos.org/saude/prefeitos-esvaziam-comprimidos-cloroquina-provar-que-remedio-nao-funciona.html","Prefeitos esvaziam comprimidos de cloroquina para provar que remédio não funciona #boato","538"
"2727","https://www.boatos.org/saude/prefeitura-de-recife-escondeu-kit-intubacao-poderia-ter-salvo-todo-brasil.html","Prefeitura de Recife escondeu kit intubação que poderia ter salvo todo o Brasil #boato","578"
"2728","https://www.boatos.org/saude/presidente-da-oms-nao-recomenda-carnaval-em-2022-brasil.html","Presidente da OMS diz que não recomenda carnaval em 2022 no Brasil #boato","651"
"2729","https://www.boatos.org/saude/presidente-santa-casa-porto-alegre-h3n2.html","Presidente da Santa Casa de Porto Alegre alerta sobre gripe H3N2 #boato","1069"
"2730","https://www.boatos.org/saude/presidio-alcacuz-nao-teve-mortes-por-covid-19-por-causa-tratamento-com-ivermectina.html","Presídio de Alcaçuz não teve mortes por Covid-19 por causa de tratamento com ivermectina #boato","1216"
"2731","https://www.boatos.org/saude/prevencao-contra-h1n1-por-vinay-goyal.html","Dr. Vinay Goyal fala da prevenção contra H1N1 #boato","811"
"2732","https://www.boatos.org/saude/previsao-de-vacinacao-sao-paulo-acelerou-calendario-ate-18-anos-divulgado.html","Previsão de vacinação em São Paulo acelerou e calendário até 18 anos é divulgado #boato","777"
"2733","https://www.boatos.org/saude/previsao-vacinacao-para-covid-19-ministerio-da-saude-ate-08-08-divulgada.html","Previsão de vacinação para Covid-19 do Ministério da Saúde até 08/08 é divulgada #boato","667"
"2734","https://www.boatos.org/saude/primeira-ministra-de-alberta-canada-pediu-desculpas-discriminacoes-contra-nao-vacinados.html","Não é verdade que a primeira-ministra de Alberta (Canadá) pediu desculpas por “discriminações” contra não vacinados","486"
"2735","https://www.boatos.org/saude/primeiro-caso-de-variola-dos-macacos-confirmado-no-brasil.html","Primeiro caso de varíola dos macacos é confirmado no Brasil #boato","412"
"2736","https://www.boatos.org/saude/principia-da-kit-de-produtos-para-pele-para-quem-responder-quiz-na-internet.html","Golpe do frete usa nome da empresa Principia e fala de kit grátis para quem responder a quiz","432"
"2737","https://www.boatos.org/saude/professor-da-esalq-criou-lista-de-20-dicas-sobre-alimentacao-saudavel-boato.html","Professor da Esalq criou lista de 20 dicas sobre alimentação saudável #boato","602"
"2738","https://www.boatos.org/saude/professor-yoga-avc-durante-aula-online.html","Vídeo que mostra professor de yoga tendo AVC durante aula online é uma simulação","453"
"2739","https://www.boatos.org/saude/projeto-maos-solidarias-proteses-sobrando-falta-divulgacao.html","Projeto Mãos Solidárias existe, mas próteses não estão “sobrando por falta de divulgação”","517"
"2740","https://www.boatos.org/saude/propaganda-cigarro-winston-gravidez.html","Propaganda do cigarro Winston recomenda que mulher fume durante a gravidez #boato","591"
"2741","https://www.boatos.org/saude/propolis-e-vitaminas-c-e-d-curam-a-dengue.html","Não existem evidência científicas de que própolis e vitaminas C e D podem curar a dengue","851"
"2742","https://www.boatos.org/saude/propolis-espanta-mosquito-da-zika-e-dengue-boato.html","Própolis espanta mosquito da zika e dengue #boato","465"
"2743","https://www.boatos.org/saude/propolis-mosquito-febre-amarela.html","Própolis afasta mosquito da febre amarela e da dengue #boato","501"
"2744","https://www.boatos.org/saude/propolis-previne-cura-covid-19.html","Própolis previne e cura a Covid-19 #boato","622"
"2745","https://www.boatos.org/saude/proteina-spike-da-vacina-causa-cancer-descobre-medico.html","Proteína spike da vacina causa câncer, descobre médico #boato","718"
"2746","https://www.boatos.org/saude/proteina-spike-vacina-causa-danos-irreversiveis-como-trombose-por-isso-temos-fazer-exame-dimero-d-toda-semana.html","Proteína spike da vacina causa danos irreversíveis (como trombose) e, por isso, temos que fazer exame Dímero-D toda semana #boato","1092"
"2747","https://www.boatos.org/saude/protetor-solar-causa-cancer-de-pele.html","Protetor solar causa câncer de pele #boato","1052"
"2748","https://www.boatos.org/saude/prova-covid-19-existia-2018-glade-mata-coronavirus.html","Embalagem de Glade prova que novo coronavírus (Covid-19) já existia em 2018 #boato","825"
"2749","https://www.boatos.org/saude/proxalutamida-comprovada-cientificamente-como-cura-covid-19.html","Proxalutamida foi comprovada cientificamente como a cura da Covid-19 #boato","814"
"2750","https://www.boatos.org/saude/puc-com-inscricoes-abertas-sequelas-respiratorias-covid-19.html","PUC está com inscrições abertas para quem está com sequelas respiratórias da Covid-19 #boato","448"
"2751","https://www.boatos.org/saude/putin-ordena-destruicao-todas-vacinas-russia.html","Putin ordena a destruição de todas vacinas na Rússia #boato","410"
"2752","https://www.boatos.org/saude/quebre-comprimido-antes-tomar-causar-morte.html","Quebre o comprimido antes de tomar pois ele pode se expandir e matar #boato","727"
"2753","https://www.boatos.org/saude/queimar-gordura-e-simples-como-se-mostra-em-conteudos-na-internet.html","“Queimar gordura” é simples como se mostra em conteúdos na internet?","1080"
"2754","https://www.boatos.org/saude/quem-dirigir-sem-mascara-multa-r-128-tres-pontos-carteira.html","Quem dirigir sem máscara vai levar multa de R$ 128 e três pontos na carteira #boato","558"
"2755","https://www.boatos.org/saude/quenia-saiu-da-oms-por-causa-de-vacina-contra-tetano-com-agente-esterilizante.html","É falso que Quênia tenha deixado a OMS por vacina com agente esterilizante","854"
"2756","https://www.boatos.org/saude/racao-de-caes-e-feita-com-restos-de-papelao-na-china.html","Vídeo que mostra produção de ração de cães com papelão reciclado é fake criado com uso de IA e outras imagens","897"
"2757","https://www.boatos.org/saude/radiacao-do-micro-ondas-faz-telefone-celular-explodir-boato.html","Radiação do micro-ondas faz telefone celular explodir #boato","765"
"2758","https://www.boatos.org/saude/rainha-elizabeth-ii-tomou-ivermectina-para-curar-covid-19.html","Rainha Elizabeth II tomou ivermectina para se curar da Covid-19 #boato","770"
"2759","https://www.boatos.org/saude/rancho-queimado-zerou-mortes-covid-tratamento-precoce.html","Rancho Queimado (SC) zerou mortes por Covid-19 com “tratamento precoce” #boato","1061"
"2760","https://www.boatos.org/saude/receita-caseira-com-cenoura-limao-e-nozes-cura-glaucoma-e-catarata.html","É falso que receita caseira de cenoura, limão e nozes cure glaucoma e catarata","717"
"2761","https://www.boatos.org/saude/receita-mandioca-crua-cura-cancer.html","Receita de mandioca crua ralada cura todo tipo de câncer #boato","805"
"2762","https://www.boatos.org/saude/red-bull-feito-esperma-de-touro.html","Red Bull é feito com sêmen de touro, a taurina #boato","432"
"2763","https://www.boatos.org/saude/red-bull-quebra-vidro-de-carro-por-causa-alta-energia.html","É falso que Red Bull tenha quebrado um vidro de um carro por causa de “alta energia”","470"
"2764","https://www.boatos.org/saude/registro-civil-cartorios-comprovam-nao-ha-epidemia-covid-19-brasil.html","Registro civil de cartórios comprovam que não há epidemia de Covid-19 no Brasil #boato","733"
"2765","https://www.boatos.org/saude/reinaldo-gomes-instituto-augusto-abou-doando-remedios-pessoas-dificuldades.html","Reinaldo Gomes (Instituto Augusto Abou) está doando remédios para pessoas com dificuldades #boato","953"
"2766","https://www.boatos.org/saude/reino-unido-divulga-relatorio-que-mostra-que-vacinas-nao-funcionam-porque-9-a-cada-10-mortes-por-covid-19-sao-de-vacinados.html","Reino Unido divulga relatório que mostra que vacinas não funcionam porque 9 a cada 10 mortes por Covid-19 são de vacinados #boato","1014"
"2767","https://www.boatos.org/saude/relatorio-alerta-brasil-coronavac-nao-ira-controlar-pandemia.html","Relatório de alerta ao Brasil aponta que Coronavac não irá controlar pandemia #boato","820"
"2768","https://www.boatos.org/saude/relatorio-governo-da-alemanha-aponta-vacinas-causam-aids-em-quem-se-imuniza.html","Relatório do governo da Alemanha aponta que vacinas causam aids em quem se imuniza #boato","828"
"2769","https://www.boatos.org/saude/remedio-nervocure-acaba-com-dores-nos-nervos-e-curou-doenca-de-raul-gil.html","Nervocure não é um medicamento e não curou doença de Raul Gil","1179"
"2770","https://www.boatos.org/saude/remedio-para-emagrecer-lopitram-aprovado-pela-anvisa-esta-sendo-distribuido-gratuitamente.html","Lopitram não é aprovado como remédio emagrecedor e “distribuição gratuita” cobra frete","443"
"2771","https://www.boatos.org/saude/remedio-que-mata-bacteria-parasita-acaba-com-gordura-e-emagrece-milagrosamente.html","Remédio sem autorização para ser vendido como emagrecedor usa teoria não comprovada de que bactéria parasita causa obesidade","851"
"2772","https://www.boatos.org/saude/remedio-vendido-facebook-cura-para-zumbido-ouvido.html","Remédio vendido no Facebook é a cura para zumbido no ouvido #boato","680"
"2773","https://www.boatos.org/saude/remedios-estao-fazendo-mal.html","Losartana e Atenolol, remédios gratuitos do governo, estão fazendo mal #boato","624"
"2774","https://www.boatos.org/saude/remessa-injecoes-para-matar-pessoas-vindo-exterior-brasil.html","Remessa de injeções para matar pessoas está vindo do exterior para o Brasil #boato","1156"
"2775","https://www.boatos.org/saude/renato-ribeiro-diretor-hc-recomenda-cha-erva-doce-vitamina-c-coronavirus.html","Renato Ribeiro, diretor do HC, recomenda chá de erva-doce e vitamina C contra o coronavírus #boato","870"
"2776","https://www.boatos.org/saude/reportagem-globo-df-2022-aponta-mascaras-nao-protegem-e-nao-devem-ser-utilizadas.html","Reportagem da Globo/DF de 2022 aponta que máscaras não protegem e não devem ser utilizadas #boato","763"
"2777","https://www.boatos.org/saude/resolucao-478-do-stf-isenta-deputados-senadores-ministros-de-tomar-vacina.html","Resolução 478 do STF isenta deputados, senadores e ministros de tomar vacina #boato","611"
"2778","https://www.boatos.org/saude/respirador-caseiro-feito-garrafa-pet-eficaz-contra-covid-19.html","Respirador caseiro feito com garrafa pet é eficaz contra Covid-19 #boato","813"
"2779","https://www.boatos.org/saude/respire-fundo-10-segundos-teste-coronavirus-fibrose-pulmao.html","Respire fundo por 10 segundos para testar se coronavírus causou fibrose no pulmão #boato","903"
"2780","https://www.boatos.org/saude/respiridina-casca-da-laranja-cura-coronavirus-bacteria.html","Respiridina da casca da laranja cura o coronavírus, que é uma bactéria #boato","1254"
"2781","https://www.boatos.org/saude/restauracao-neural-de-c3-no-cerebro-melhora-100x-a-memoria-e-pode-ser-comprada-em-site-anunciado-na-internet.html","Golpistas usam vídeo com IA que fala que “Restauração Neural de 21 Dias” e o “Composto Neural C3” curam Alzheimer e demência para vender produto sem comprovação","1367"
"2782","https://www.boatos.org/saude/revista-saude-2003-coronavirus-covid-19-existia-armacao-china.html","Revista Saúde de 2003 prova que coronavírus (Covid-19) já existia e é uma armação da China #boato","1133"
"2783","https://www.boatos.org/saude/revista-science-aponta-vacinas-contra-covid-19-sao-inuteis-e-ameacadoras.html","Revista Science aponta que vacinas contra Covid-19 são inúteis e ameaçadoras #boato","860"
"2784","https://www.boatos.org/saude/revista-veja-prova-covid-19-novo-coronavirus-existia-desde-2003-video.html","Revista Veja prova que Covid-19 (novo coronavírus) existia desde 2003, mostra vídeo #boato","545"
"2785","https://www.boatos.org/saude/revista-virologia-ph-coronavirus-acido-comer-alimentos-alcalinos.html","Revista de Virologia afirma que pH do novo coronavírus é ácido e que devemos comer alimentos alcalinos #boato","1361"
"2786","https://www.boatos.org/saude/rhp-real-hospital-portugues-recife-pe-texto-covid-19-ph-alimentos-alcalinos.html","RHP (Real Hospital Português) de Recife (PE) escreve texto sobre Covid-19, pH e alimentos alcalinos #boato","1366"
"2787","https://www.boatos.org/saude/rio-campanha-vacinacao-poliomelite-sarampo-agosto.html","Rio terá campanha de vacinação contra a poliomelite e sarampo de 6 a 31 de agosto #boato","856"
"2788","https://www.boatos.org/saude/rio-de-janeiro-da-vacina-de-hpv-de-graca-para-todos-ate-45-anos.html","Mensagem exagera e distorce regra de vacinação contra HPV para pessoas até 45 anos no Rio","603"
"2789","https://www.boatos.org/saude/rio-de-janeiro-esta-contaminado-por-uranio-previsto-em-edital-da-fiocruz.html","Ao contrário do que apontam mensagens, Rio de Janeiro não está “ameaçado” por urânio previsto em edital da Fiocruz","878"
"2790","https://www.boatos.org/saude/rita-mundim-audio-defendendo-bolsonaro-e-fim-da-quarentena.html","Rita Mundim grava áudio defendendo Bolsonaro e pedindo fim da quarentena #boato","901"
"2791","https://www.boatos.org/saude/robert-f-kennedy-jr-texto-aponta-vacina-mrna-contra-covid-19-dna.html","Robert F. Kennedy Jr. escreve texto que aponta que vacina mRNA contra Covid-19 altera o DNA #boato","1294"
"2792","https://www.boatos.org/saude/robert-malone-nventor-vacina-mrna-esta-certo-vacinacao-criancas.html","Robert Malone é o inventor da vacina mRNA e está certo sobre vacinação de crianças #boato","1407"
"2793","https://www.boatos.org/saude/robert-ray-redfield-jr-chefe-clinica-universidade-maryland-cdc-17-dicas-covid-19.html","Robert Ray Redfield Jr., chefe da clínica da Universidade de Maryland e do CDC, escreve 17 dicas sobre a Covid-19 #boato","898"
"2794","https://www.boatos.org/saude/roberto-carlos-diz-que-se-recuperou-de-visao-embacada-e-catarata-com-remedio-milagroso.html","Roberto Carlos não usou Lutramin e não sofre de visão embaçada","1082"
"2795","https://www.boatos.org/saude/roberto-kalil-diz-sirio-libanes-esta-lotado-vacina-nao-oferece-imunidade-covid-19.html","Roberto Kalil diz que Sírio-Libanês está lotado e vacina não oferece imunidade contra Covid-19 #boato","787"
"2796","https://www.boatos.org/saude/roberto-klaus-ensina-exercicio-com-lingua-serve-prevenir-alzheimer.html","Roberto Klaus ensina exercício com a língua que serve para prevenir Alzheimer #boato","1130"
"2797","https://www.boatos.org/saude/roberto-klaus-medico-virologista-albert-einstein-coronavac-nao-imuniza-vacina-muda-dna-ivermectina-eficaz.html","Roberto Klaus, médico virologista do Albert Einstein, diz que Coronavac não imuniza, vacina muda DNA e ivermectina é eficaz #boato","1378"
"2798","https://www.boatos.org/saude/roberto-malone-e-o-cientista-que-inventou-as-vacinas-esta-certo-dizer-pegar-covid-e-melhor-que-imunizar.html","Robert Malone é o cientista que inventou as vacinas e está certo ao dizer que pegar covid é melhor do que se imunizar #boato","870"
"2799","https://www.boatos.org/saude/sadai-doenca-atinge-pessoas-mais-50-anos.html","S.A.D.A.I. é uma doença que atinge pessoas com mais de 50 anos #boato","1154"
"2800","https://www.boatos.org/saude/saiu-comprovacao-cientifica-ivermectina-fda-aprova-uso-hidroxicloroquina.html","Saiu a comprovação científica da ivermectina e FDA aprova uso da hidroxicloroquina #boato","2088"
"2801","https://www.boatos.org/saude/saiu-o-randomizado-da-ivermectina-e-hidroxicloroquina-em-2022-fda-aprovou-e-novartis-vai-doar-comprimidos.html","Saiu o randomizado da ivermectina e hidroxicloroquina em 2022, FDA aprovou e Novartis vai doar comprimidos #boato","2080"
"2802","https://www.boatos.org/saude/saiu-randomizado-ivermectina-mostra-ate-90-eficacia.html","Saiu o randomizado da ivermectina que mostra até 90% de eficácia #boato","757"
"2803","https://www.boatos.org/saude/sal-grosso-moido-com-agua-ajuda-a-baixar-pressao-arterial.html","Não é verdade que “sal grosso moído” ajude a acabar com hipertensão","1054"
"2804","https://www.boatos.org/saude/salada-de-pepino-com-sal-cura-covid-19.html","Salada de pepino com sal cura a Covid-19 #boato","832"
"2805","https://www.boatos.org/saude/salgadinho-cheetos-plastico-fogo.html","Salgadinho Cheetos é feito de plástico porque pega fogo facilmente #boato","702"
"2806","https://www.boatos.org/saude/salmao-noruegues-e-o-peixe-mais-venenoso-do-mundo-e-e-consumido-por-muitos-brasileiros.html","Nem salmão é o peixe mais venenoso do mundo tampouco é consumido por “muitos brasileiros”","556"
"2807","https://www.boatos.org/saude/salsicha-demora-32-anos-sair-do-corpo-nao-deve-ser-consumida.html","Apesar de não ser um alimento “saudável”, salsicha não demora 32 anos para sair do corpo","617"
"2808","https://www.boatos.org/saude/salsicha-no-microscopio-revela-pelos-e-vermes-do-alimento.html","Teste com salsicha no microscópio que mostra pelos e vermes não condiz com a realidade","525"
"2809","https://www.boatos.org/saude/sangue-vira-borracha-causa-vacina-contra-covid-19.html","Sangue vira borracha por causa de vacina contra Covid-19 #boato","1066"
"2810","https://www.boatos.org/saude/santa-casa-cuiaba-distribui-capsulas-ivermectina-vazias.html","Hospital Santa Casa de Cuiabá distribui cápsulas de ivermectina vazias #boato","1142"
"2811","https://www.boatos.org/saude/sao-lourenco-mg-zerou-mortes-covid-19-com-tratamento-precoce.html","São Lourenço (MG) zerou mortes por Covid-19 com tratamento precoce #boato","667"
"2812","https://www.boatos.org/saude/sarah-menina-maceio-morreu-encefalite-por-causa-vacina-contra-covid-19.html","Sarah, menina de Maceió, morreu de encefalite por causa da vacina contra Covid-19 #boato","1195"
"2813","https://www.boatos.org/saude/sardinhas-bolinhas-brancas-parasita.html","Sardinhas estão vindo com bolinhas brancas que causam parasita mortal #boato","609"
"2814","https://www.boatos.org/saude/sean-brooks-certo-afirmar-vacinados-vao-morrer-6-meses-3-ou-5-anos.html","Sean Brooks está certo ao dizer que vacinados vão morrer de 6 meses e 3 ou 5 anos #boato","1570"
"2815","https://www.boatos.org/saude/secretario-de-saude-de-sao-paulo-chegamos-ao-pico-recomenda-tratamento-precoce-e-ph-covid-19.html","Secretário de Saúde de São Paulo diz “chegamos ao pico”, recomenda “tratamento precoce” e fala sobre pH do Covid-19 #boato","1322"
"2816","https://www.boatos.org/saude/secretario-estadual-de-saude-escreve-mensagem-chegamos-ao-pico.html","Secretário Estadual de Saúde escreve mensagem “Chegamos ao Pico” #boato","782"
"2817","https://www.boatos.org/saude/secretario-saude-escreve-mensagem-chegamos-pico-da-covid-19.html","Secretário de Saúde escreve mensagem “chegamos ao pico” da Covid-19 #boato","692"
"2818","https://www.boatos.org/saude/secretario-saude-minas-gerais-mensagem-chegamos-ao-pico.html","Secretário de Saúde de Minas Gerais escreve mensagem “Chegamos ao Pico” #boato","822"
"2819","https://www.boatos.org/saude/ser-infectado-covid-19-protege-7-vezes-mais-que-tomar-qualquer-vacina.html","Ser infectado com Covid-19 protege 7 vezes mais do que tomar qualquer vacina #boato","1314"
"2820","https://www.boatos.org/saude/seringa-falsa-com-agulha-retratil-usada-vacinas-contra-covid-19.html","Seringa falsa com agulha retrátil está sendo usada em vacinas contra Covid-19 #boato","453"
"2821","https://www.boatos.org/brasil/0800-prevencao-de-suicidio.html","Telefone 0800 serve como serviço de prevenção de suicídio #boato","427"
"2822","https://www.boatos.org/brasil/100-pares-de-uniformes-da-light-foram-roubados-em-bras-de-pina-em-janeiro-de-2025.html","Fake news sobre roubo de uniformes da Light em Brás de Pina volta a circular na internet","548"
"2823","https://www.boatos.org/brasil/14o-salario-aposentados-pensionistas-inss-aprovado.html","14º salário para aposentados e pensionistas do INSS é aprovado #boato","512"
"2824","https://www.boatos.org/brasil/300-uniformes-da-vivo-e-gvt-foram-roubados-boato.html","300 uniformes da Vivo e GVT foram roubados #boato","406"
"2825","https://www.boatos.org/brasil/5-mascarados-invadem-e-atiram-em-shopping-de-sao-paulo.html","5 mascarados invadem e atiram em shopping de São Paulo #boato","463"
"2826","https://www.boatos.org/brasil/7-historias-falsas-transito.html","7 histórias falsas sobre leis de trânsito que sempre enganam os motoristas","1231"
"2827","https://www.boatos.org/brasil/8-estados-sustentam-brasil-18-estados-exploram.html","Apenas 8 estados sustentam o Brasil enquanto 18 estados exploram o país #boato","887"
"2828","https://www.boatos.org/brasil/a-jogatina-e-banida-no-brasil-e-e-possivel-ganhar-vida-como-apostador.html","A jogatina é banida no Brasil e é possível ganhar a vida como apostador #boato","540"
"2829","https://www.boatos.org/brasil/a-policia-militar-alertou-para-assalto-usando-crianca-chorando-e-idoso-na-rua.html","É falso que PM tenha alertado sobre modalidade de assalto que usa criança e idoso nas ruas","564"
"2830","https://www.boatos.org/brasil/abertura-de-cinco-barragens-foi-a-causa-das-enchentes-no-rio-grande-do-sul.html","É falso que enchentes no Rio Grande do Sul tenham sido causadas pela abertura de cinco barragens","918"
"2831","https://www.boatos.org/brasil/abono-natalino-2024-de-r-540-via-pix-para-quem-compartilhar-no-whatsapp.html","Golpe sobre “abono natalino 2024” volta a se espalhar em redes sociais","610"
"2832","https://www.boatos.org/brasil/acao-de-cobranca-da-divida-ativa-vinculada-ao-seu-cpf-esta-sendo-enviada-pelo-whatsapp-pelo-regularize.html","Golpistas enviam mensagem que cita “Ação de Cobrança da Dívida Ativa” no WhatsApp","821"
"2833","https://www.boatos.org/brasil/adolescentes-envolvidos-no-caso-do-cachorro-orelha-serao-expulsos-dos-eua.html","É falso que adolescentes do caso cachorro Orelha serão expulsos dos EUA","639"
"2834","https://www.boatos.org/brasil/agro-esta-escondendo-arroz-para-superfaturar-precos.html","Não há qualquer prova de que agro esteja escondendo arroz para aumentar preços","613"
"2835","https://www.boatos.org/brasil/alerta-de-frio-intenso-e-temperaturas-de-15-co-no-sul-do-brasil-em-2024.html","Fake sobre frio intenso de -15 Cº no Sul do Brasil volta a circular em maio de 2024","802"
"2836","https://www.boatos.org/brasil/alerta-dicas-furadas-de-seguranca-podem-deixar-voce-paranoico.html","Alerta: dicas “furadas” de segurança podem deixar você paranóico","623"
"2837","https://www.boatos.org/brasil/alerta-falso-procura-se-filha-vilsao-professor-de-jiu-jitsu.html","Alerta falso: procura-se filha do Vilsão professor de Jiu jitsu","430"
"2838","https://www.boatos.org/brasil/alerta-sobre-fugitivo-de-presidio-do-interior-de-marilia-que-pede-agua-e-mata-mulheres-e-real.html","Fake news sobre fugitivo perigoso no interior de Marília volta a circular na internet","490"
"2839","https://www.boatos.org/brasil/alertas-falsos-rio-de-janeiro.html","Sinistro: 7 alertas falsos que assustaram internautas do Rio de Janeiro","584"
"2840","https://www.boatos.org/brasil/ana-6-anos-trazida-motorista-van-esta-procurando-familia.html","Ana de 6 anos foi trazida pelo motorista da van e está procurando a família #boato","520"
"2841","https://www.boatos.org/brasil/analise-boato-da-mulher-que-roubava-criancas-acaba-em-tragedia-em-sp.html","Análise: boato da mulher que roubava crianças acaba em tragédia em SP","626"
"2842","https://www.boatos.org/brasil/anuncio-intervencao-federal-rio.html","7 boatos que surgiram na web após o anúncio da intervenção federal no Rio","719"
"2843","https://www.boatos.org/brasil/aposentado-preso-roubar-remedio.html","Aposentado de 78 anos é preso e condenado a 6 anos após roubar remédio #boato","786"
"2844","https://www.boatos.org/brasil/aposentados-vao-perder-beneficio-do-inss-se-nao-fizerem-a-cin.html","É falso que aposentados perderão benefício do INSS sem o CIN (Carteira Identidade Nacional)","522"
"2845","https://www.boatos.org/brasil/aposentados-vao-receber-pagamento-extra-de-r-1-150-do-governo-em-2025.html","É falso que aposentados vão receber pagamento extra de R$ 1.150 do governo em 2025","788"
"2846","https://www.boatos.org/brasil/apresentador-sofre-tiro-acidental-ao-vivo-durante-podcast.html","Vídeo de apresentador de podcast que levou tiro é uma encenação","403"
"2847","https://www.boatos.org/brasil/armazenem-comida-e-agua-em-casa-para-o-que-se-aproxima-diz-alerta-falso.html","Armazenem comida e água em casa para o que se aproxima, diz alerta falso","684"
"2848","https://www.boatos.org/brasil/arraia-jamanta-filmada-junto-tubarao-campo-buzios.html","Arraia jamanta gigante é filmada junto a tubarão no Campo de Búzios #boato","616"
"2849","https://www.boatos.org/brasil/arroz-da-china-feito-de-resina-que-causa-cancer-ja-chegou-ao-brasil.html","É falso que arroz da China feito de resina tenha chegado ao Brasil","724"
"2850","https://www.boatos.org/brasil/arroz-sintetico-da-china-sera-importado-pelo-governo-e-vendido-no-brasil.html","É falso que arroz sintético da China será importado pelo governo e vendido no Brasil","857"
"2851","https://www.boatos.org/brasil/assai-mercadao-atacadista-contratam.html","Assaí e Mercadão Atacadista contratam com urgência em site #boato","426"
"2852","https://www.boatos.org/brasil/assassino-criancas-procurado-matar.html","Assassino de crianças é procurado e fez promessa de matar mais #boato","916"
"2853","https://www.boatos.org/brasil/atacadao-esta-dando-r1-000-em-promocao-de-dia-das-maes.html","Promoção de R$ 1.000 do Atacadão via WhatsApp é golpe recorrente","623"
"2854","https://www.boatos.org/brasil/atacadao-zaffari-e-grupo-mateus-estao-dando-presente-de-natal-de-1000-reais-para-quem-compartilhar-link-no-whatsapp.html","Golpes que citam que Atacadão, Zaffari e Grupo Mateus estão dando presente de Natal de 1000 reais voltam a circular no WhatsApp","1525"
"2855","https://www.boatos.org/brasil/atendente-sorveteria-salvou-menina-de-tentativa-sequestro-video.html","Vídeo que mostra atendente de sorveteria salvando menina de uma tentativa de sequestro é uma simulação","648"
"2856","https://www.boatos.org/brasil/aviao-caca-f-18-fez-voo-rasante-no-congresso-nacional-em-brasilia.html","Vídeo com “avião caça F-18 sobre Brasília” é simulação feita em jogo","728"
"2857","https://www.boatos.org/brasil/aviao-da-fab-passa-entre-torres-congresso-nacional.html","Avião da FAB passa entre as torres do Congresso Nacional #boato","932"
"2858","https://www.boatos.org/brasil/aviao-de-voo-azul-1702-fez-pouso-em-curitiba-com-trem-de-pouso-recolhido.html","Vídeo de suposto pouso de emergência de avião da Azul 1702 em Curitiba é fake criado em simulador de voo","750"
"2859","https://www.boatos.org/brasil/aviao-e-atingido-por-tiro-ao-pousar-em-aeroporto-no-rio-de-janeiro.html","É falso que avião tenha sido atingido por tiro ao pousar em aeroporto no Rio de Janeiro","791"
"2860","https://www.boatos.org/brasil/avon-busca-mulheres-de-60-a-85-anos-para-campanha-publicitaria.html","Anúncio da Avon para campanha com idosas é golpe disfarçado de seleção","683"
"2861","https://www.boatos.org/brasil/bancos-como-nubank-inter-e-itau-vao-falir-por-causa-do-banco-master.html","É falso que bancos como Nubank, Inter e Itaú vão falir por causa do Banco Master","726"
"2862","https://www.boatos.org/brasil/bandidos-aplicam-golpe-do-aviso-de-multa-do-detran-com-qr-code-para-roubar-dados.html","Ao contrário do que apontam mensagens, QR Code com aviso de multa do Detran (SP) não é golpe","696"
"2863","https://www.boatos.org/brasil/bandidos-disfarcados-funcionarios-copasa-estao-assaltando-mg.html","Fake news sobre bandidos disfarçados de funcionários da Copasa volta a circular na internet","569"
"2864","https://www.boatos.org/brasil/bandidos-estao-enviando-notificacao-falsa-da-enel-para-realizar-assaltos.html","Alerta sobre assaltos em casas após notificação da Enel não procede","530"
"2865","https://www.boatos.org/brasil/bandidos-motorista-uber-99-audiencia-custodia.html","Bandidos se cadastram como motorista de APP (Uber e 99) em audiência de custódia #boato","662"
"2866","https://www.boatos.org/brasil/bandidos-procurando-embalagens-mercadoria-lixo-realizar-assaltos.html","Não há provas de que bandidos estão realizando assaltos com base em embalagens de mercadorias encontradas no lixo","441"
"2867","https://www.boatos.org/brasil/barata-que-tem-veneno-de-escorpiao.html","Barata que tem veneno de escorpião e mata é achada no Brasil #boato","474"
"2868","https://www.boatos.org/brasil/bebe-foi-registrado-como-bananilson-farofa-no-mato-grosso.html","É falso que bebê tenha sido registrado como Bananilson Farofa no Mato Grosso","406"
"2869","https://www.boatos.org/brasil/beber-vinagre-teste-bafometro.html","Beber vinagre altera resultado do teste do bafômetro #boato","616"
"2870","https://www.boatos.org/brasil/benjamin-lopez-5-anos-cancer-ossos-pede-oracoes.html","Benjamín López, de 5 anos, está com câncer nos ossos e pede orações #boato","466"
"2871","https://www.boatos.org/brasil/boate-scala-drinks-em-joao-pessoa-pb-deixa-de-usar-luz-vermelha-nao-ser-confundida-com-pt.html","Boate Scala Drinks em João Pessoa (PB) deixa de usar luz vermelha para não ser confundida com o PT #boato","616"
"2872","https://www.boatos.org/brasil/boatos-desenhos-animados-animes.html","7 boatos sobre desenhos animados e animes que enganaram internautas","1060"
"2873","https://www.boatos.org/brasil/bolsonaro-scanner-israel-prf-carros-em-movimento.html","Bolsonaro trouxe scanner de Israel para PRF monitorar carros em movimento #boato","638"
"2874","https://www.boatos.org/brasil/boneca-envenenada-com-entorpecente-esta-sendo-utilizado-em-sequestro-de-criancas-no-brasil-video.html","Boneca envenenada com entorpecente está sendo utilizado em sequestro de crianças no Brasil, mostra vídeo #boato","974"
"2875","https://www.boatos.org/brasil/brahma-promocao-barril-chopp-vende-r-3-por-litro.html","Brahma faz promoção de barril de chopp e vende a R$ 3 por litro #boato","598"
"2876","https://www.boatos.org/brasil/brasil-suspendeu-todos-os-voos-para-miami-em-2025.html","É falso que o Brasil suspendeu todos os voos para Miami","644"
"2877","https://www.boatos.org/brasil/brasil-vai-construir-embaixada-para-terroristas-da-palestina.html","Brasil vai construir embaixada para terroristas da Palestina?","679"
"2878","https://www.boatos.org/brasil/brasileira-presa-tailandia-gravou-video-comemorando-facada-em-bolsonaro.html","Brasileira presa na Tailândia gravou vídeo comemorando facada em Bolsonaro #boato","750"
"2879","https://www.boatos.org/brasil/caca-da-fab-abate-balao-no-espaco-aereo-de-brasilia-boato.html","Caça da FAB abate balão no espaço aéreo de Brasília #boato","494"
"2880","https://www.boatos.org/brasil/cacique-raoni-anita-roddick-body-shop.html","Cacique Raoni roubou US$ 10 mi de Anita Roddick (dona da Body Shop) com a ONG Cobra Coral #boato","1125"
"2881","https://www.boatos.org/brasil/caminhoes-frigorificos-estao-sendo-usados-para-guardar-2-mil-mortos-das-enchentes-do-rs.html","Caminhões frigoríficos estão sendo usados para guardar 2 mil mortos das enchentes do RS?","1014"
"2882","https://www.boatos.org/brasil/caminhoneiro-nova-mutum-mt-se-matou-multa-de-r-100-de-alexandre-de-moraes.html","Caminhoneiro de Nova Mutum (MT) se matou por receber multa de R$ 100 de Alexandre de Moraes #boato","597"
"2883","https://www.boatos.org/brasil/caminhoneiros-vao-fazer-greve-agosto-setembro-2020-parar-brasil-ate-stf-cair.html","Caminhoneiros vão fazer greve em agosto e setembro de 2020 e parar o Brasil até o STF cair #boato","635"
"2884","https://www.boatos.org/brasil/cao-policia-militar-sp-sacrificado.html","Cão da Policia Militar é sacrificado por morder criminosos em abordagem #boato","563"
"2885","https://www.boatos.org/brasil/caranguejo-gigante-encontrado-na-praia-da-jangada-em-pernambuco-boato.html","Caranguejo gigante encontrado na praia da Jangada, em Pernambuco #boato","415"
"2886","https://www.boatos.org/brasil/caranguejos-invadiram-esteira-bagagens-no-aeroporto-de-vitoria.html","Caranguejos invadiram esteira de bagagens no aeroporto de Vitória #boato","644"
"2887","https://www.boatos.org/brasil/carrefour-anuncia-compra-das-lojas-americanas.html","Carrefour anuncia compra das Lojas Americanas #boato","626"
"2888","https://www.boatos.org/brasil/carrefour-contrata-com-urgencia.html","Carrefour contrata com urgência com salário de R$ 1852,66 #boato","426"
"2889","https://www.boatos.org/brasil/carteiro-ladrao-procurado-por-assaltar.html","Carteiro ladrão é procurado por assaltar pessoas; Compartilhe foto #boato","597"
"2890","https://www.boatos.org/brasil/casa-pequena-esta-dando-uma-linda-casinha-de-natal-para-quem-comentar-no-facebook-e-instagram.html","Golpe cita que Casa Pequena está dando uma linda casinha de Natal para quem comentar no Facebook e Instagram","809"
"2891","https://www.boatos.org/brasil/catadora-encontrou-r-180-mil-em-sacos-de-lixo-e-devolveu-dinheiro-para-policia.html","História que aponta que catadora encontrou R$ 180 mil no lixo e devolveu é falsa","1558"
"2892","https://www.boatos.org/brasil/ceasa-rio-alagado-frutas-legumes-infectados.html","Ceasa do Rio foi alagado e frutas, legumes e verduras estão infectados #boato","578"
"2893","https://www.boatos.org/brasil/cemig-roubo-uniformes.html","Cemig avisa sobre roubo de uniformes da empresa #boato","516"
"2894","https://www.boatos.org/brasil/cheiro-da-morte-e-o-novo-golpe-aplicado-nos-estacionamentos-do-brasil.html","Alerta falso sobre o “cheiro da morte” em estacionamentos volta a circular online","708"
"2895","https://www.boatos.org/brasil/chineses-bloqueiam-ponte-brasilia-setembro-2021.html","Chineses bloqueiam ponte de Brasília em setembro de 2021 #boato","543"
"2896","https://www.boatos.org/brasil/chuva-de-ras-sapos-em-cidade-do-interior-do-brasil-e-real.html","Vídeo de suposta “chuva de rãs” no Brasil é falso e foi criado com Inteligência Artificial","632"
"2897","https://www.boatos.org/brasil/ciclone-extratropical-vai-atingir-o-brasil-em-abril-de-2024-e-marinha-emitiu-alerta.html","É falso que ciclone extratropical vá atingir o Brasil em abril de 2025","563"
"2898","https://www.boatos.org/brasil/cnh-vai-ser-cancelada-caso-de-ipva-atrasado.html","CNH vai ser cancelada em caso de IPVA atrasado #boato","742"
"2899","https://www.boatos.org/brasil/cobra-gigante-foi-encontrada-no-meier-proximo-ao-mackenzie-no-rio-de-janeiro.html","Vídeo que mostra cobra gigante não foi gravada no Méier nem é do Rio de Janeiro","415"
"2900","https://www.boatos.org/brasil/cobra-gigante-foi-vista-na-cachoeira-do-mendanha-no-rj.html","Vídeo de cobra na Cachoeira do Mendanha é falso: imagens são de outro local","423"
"2901","https://www.boatos.org/brasil/coca-cola-esta-dando-presente-de-natal-para-quem-achar-tres-iguais-no-whatsapp.html","Golpe que aponta para promoção de Natal da Coca-Cola com PIX e raspadinha circula no WhatsApp","845"
"2902","https://www.boatos.org/brasil/coelba-anuncia-desligamento-de-energia-eletrica-em-toda-bahia-em-marco-de-2023.html","Coelba anuncia desligamento de energia elétrica em toda Bahia em março de 2023 #boato","717"
"2903","https://www.boatos.org/brasil/comandante-pm-rio-desafia-fux-stf-subirem-morro-acao-policial.html","Comandante da PM do Rio desafia Fux e STF a subirem morro em ação policial #boato","517"
"2904","https://www.boatos.org/brasil/comunicado-de-que-bancos-do-brasil-vao-fechar-por-quatro-dias-e-uma-bomba.html","Nem comunicado de que bancos vão fechar por quatro dias é uma “bomba” nem vale para todas as cidades em novembro de 2025","835"
"2905","https://www.boatos.org/brasil/conanda-e-cnbb-aprovam-visita-intima-para-adolescentes-de-12-anos-que-estao-presas.html","Conanda e CNBB aprovam visita íntima para adolescentes de 12 anos que estão presas #boato","1001"
"2906","https://www.boatos.org/brasil/condominios-vao-ser-multados-se-inquilinos-manterem-trabalhadores-domesticos-sem-carteira-assinada.html","Não há qualquer indício de que condomínios terão que pagar multa por inquilinos que não assinam carteira de trabalhadores domésticos","555"
"2907","https://www.boatos.org/brasil/conselho-tutelar-pais-conhecidos-dicas-seguranca.html","Conselho tutelar pede que pais parem de deixar filhos com conhecidos e dá lista de dicas de segurança #boato","584"
"2908","https://www.boatos.org/brasil/conta-da-cesan-com-codigo-pix-e-falsa-e-enviada-por-bandidos.html","Conta da Cesan com código Pix não é falsa, afirma companhia","614"
"2909","https://www.boatos.org/brasil/contas-falsas-de-luz-da-enel-e-cemig-estao-sendo-enviadas-por-bandidos.html","Alerta que aponta que contas falsas de luz da Enel e Cemig estão sendo enviadas por bandidos não procede","722"
"2910","https://www.boatos.org/brasil/cracuda-mangueira-fisioterapeuta-fisiculturista-modelo-tijuca.html","Cracuda da Mangueira era fisioterapeuta (fisiculturista), modelo e morava na Tijuca #boato","755"
"2911","https://www.boatos.org/brasil/crianca-em-cascavel-procura-familia.html","Criança encontrada em Cascavel procura família. Compartilhe a foto dele #boato","694"
"2912","https://www.boatos.org/brasil/criancas-sao-usadas-como-iscas-para-sequestros-no-hotzone-do-barrashopping.html","Bandidos não estão usando crianças como isca para realizar sequestros no Hotzone do Barrashopping (RJ)","1026"
"2913","https://www.boatos.org/brasil/criancas-tem-dentes-arrancados-e-comem-comida-pastosa-para-servirem-abusadores-da-ilha-de-marajo.html","Crianças têm dentes arrancados e comem comida pastosa para servirem a abusadores da Ilha de Marajó #boato","1111"
"2914","https://www.boatos.org/brasil/criatura-estranha-foi-filmada-em-dunas-do-rio-grande-do-norte.html","Vídeo de suposta criatura estranha em dunas do Rio Grande do Norte é fake criado por IA","554"
"2915","https://www.boatos.org/brasil/cuidado-link-brincadeira-graca-acaba-morte-predio-recife-esconde-malware-facebook.html","Cuidado – Link “Brincadeira sem graça acaba em morte em prédio de Recife” esconde vírus","244"
"2916","https://www.boatos.org/brasil/danone-parou-de-comprar-soja-do-brasil-e-devemos-boicotar-os-produtos-da-empresa.html","Danone negou a informação de que parou de comprar soja produzida no Brasil","757"
"2917","https://www.boatos.org/brasil/debora-rodrigues-que-pintou-a-estatua-do-stf-de-batom-recusou-acordo-com-a-justica.html","É falso que Débora Rodrigues, que pintou estátua do STF com batom, tenha negado acordo com a Justiça","579"
"2918","https://www.boatos.org/brasil/decreto-acaba-radares-lombadas-eletronicas-pardais.html","Decreto acaba com radares, lombadas eletrônicas e pardais no Brasil #boato","422"
"2919","https://www.boatos.org/brasil/defesa-civil-de-sao-paulo-inmet-alerta-ventos-chuvas-18-e-19-11.html","Suposto alerta da Defesa Civil de São Paulo e Inmet sobre ventos e chuva em 18 e 19/11 é falso","655"
"2920","https://www.boatos.org/brasil/denatran-acidente-com-moto-atropelamento.html","Denatran aponta que acidente com moto é, na realidade, atropelamento #boato","1083"
"2921","https://www.boatos.org/brasil/denatran-faz-esclarecimento-em-que-diz-que-todo-acidente-com-moto-e-atropelamento-boato.html","Denatran faz esclarecimento em que diz que todo acidente com moto é atropelamento #boato","1026"
"2922","https://www.boatos.org/brasil/detentos-comemoram-ceia-de-natal-no-presidio-e-vao-ganhar-r-1-500.html","É falso que detentos comemoraram ceia de Natal no presídio e vão ganhar R$ 1.500 de presente","930"
"2923","https://www.boatos.org/brasil/doa-se-filhote-de-labrador.html","Doa-se filhote de labrador, já morreram quatro #boato","568"
"2924","https://www.boatos.org/brasil/dois-rapazes-estao-andando-nas-casas-fazendo-demonstracoes-de-colchoes-ortopedicos-para-realizar-assaltos.html","Fake news sobre dois rapazes andando nas casas fazendo demonstrações de colchões ortopédicos para realizar assaltos volta a circular online","634"
"2925","https://www.boatos.org/brasil/e-falso-que-bancos-estejam-bloqueando-contas-de-quem-compra-criptomoedas.html","É falso que bancos estejam bloqueando contas de quem compra criptomoedas","743"
"2926","https://www.boatos.org/brasil/em-bento-goncalves-rs-produtores-colocam-fogo-toneis-para-nao-congelar-uvas.html","Em Bento Gonçalves (RS), produtores colocam fogo em tonéis para não congelar uvas #boato","697"
"2927","https://www.boatos.org/brasil/empresa-esta-doando-480-geladeiras-e-maquinas-de-lavar-para-quem-comentar-no-facebook.html","Promessa de doação de 480 geladeiras e máquinas de lavar para quem comentar no Facebook é golpe","607"
"2928","https://www.boatos.org/brasil/empresarios-terao-que-colocar-nomes-membros-de-faccoes-em-folhas-de-pagamento.html","Não há qualquer prova de que empresários terão que colocar membros de facções na folha de pagamento","1405"
"2929","https://www.boatos.org/brasil/empresas-de-queijo-minas-oferecem-desconto-de-aniversario-e-black-friday-em-site-anunciado-em-redes-sociais.html","Golpe cita descontos de aniversário e Black Friday em site anunciado em redes sociais","557"
"2930","https://www.boatos.org/brasil/enchentes-causaram-2-000-mortes-em-canoas-e-mais-de-200-em-eldorado-do-sul-no-rio-grande-do-sul.html","É falso que enchentes tenham causado mais de 2 mil mortes em Canoas e 200 em Eldorado do Sul","505"
"2931","https://www.boatos.org/brasil/entregador-de-gas-foi-preso-e-teve-que-pagar-multa-por-assedio-em-academia-apos-acusacao-injusta.html","É falso que entregador de gás tenha sido preso e teve que pagar multa por assédio em academia após acusação injusta","842"
"2932","https://www.boatos.org/brasil/escola-autismo-sao-goncalo-vazia.html","Escola especializada em autismo de São Gonçalo (RJ) está vazia por falta de procura #boato","567"
"2933","https://www.boatos.org/brasil/escorpioes-mexericas-tangerinas-nao-tem-talo.html","Escorpiões estão se escondendo em mexericas (tangerinas) que não têm o talo #boato","549"
"2934","https://www.boatos.org/brasil/estrangeiros-estao-dopando-mulheres-com-livros-de-oracao-envenenados-em-shopping.html","Não há provas de que estrangeiros estejam dopando mulheres com livros de oração envenenados","646"
"2935","https://www.boatos.org/brasil/eua-concede-asilo-politico-para-allan-dos-santos.html","EUA concede asilo político para Allan dos Santos #boato","631"
"2936","https://www.boatos.org/brasil/eua-estao-investigando-governo-lula-por-vender-uranio-para-o-ira-em-2023.html","É falsa a história de que Lula deu urânio ao Irã e virou alvo dos EUA","741"
"2937","https://www.boatos.org/brasil/exame-toxicologico-obrigatorio-motoristas-aplicativo-entregadores-a-partir-agora.html","Exame toxicológico será obrigatório para motoristas de aplicativo e entregadores a partir de agora #boato","1019"
"2938","https://www.boatos.org/brasil/exercito-brasileiro-testou-missil-que-falhou-em-simulacao-de-guerra.html","Vídeo que mostra míssil falhando em teste do Exército é falso e feito com IA","504"
"2939","https://www.boatos.org/brasil/exercito-contratou-funeraria-para-vitimas-das-enchentes-do-rio-grande-do-sul-porque-planejou-tudo.html","Exército não planejou enchentes no RS, porque licitação com funerária não tem relação com o caso","849"
"2940","https://www.boatos.org/brasil/fabiano-kipper-mai-autor-ataque-saudades-sc-foto-che-guevara-fora-bolsonaro-instagram.html","Fabiano Kipper Mai, autor de ataque em Saudades (SC), tinha foto de Che Guevara e #forabolsonaro no Instagram #boato","785"
"2941","https://www.boatos.org/brasil/fabrica-de-mendigos-rio-de-janeiro-descoberta.html","Fábrica de mendigos no Rio de Janeiro é descoberta #boato","487"
"2942","https://www.boatos.org/brasil/falso-funcionario-do-ibge-com-falso-cracha-esta-realizando-assaltos.html","Falso funcionário do IBGE, com falso crachá, está realizando assaltos #boato","710"
"2943","https://www.boatos.org/brasil/farmacia-sao-joao-da-premio-de-r-1-000-de-pascoa-para-quem-compartilhar-no-whatsapp.html","Golpe que cita Farmácia São João fala, agora, de “presente de Páscoa”","605"
"2944","https://www.boatos.org/brasil/fatima-tubarao-sc-recebe-aposentadoria-como-viuva-militar-por-invalidez.html","Fátima de Tubarão (SC) recebe aposentadoria como viúva de militar e por invalidez #boato","523"
"2945","https://www.boatos.org/brasil/fevereiro-2020-mes-mais-quente-historia-onda-de-calor.html","Fevereiro de 2020 será o mês mais quente da história por causa de onda de calor #boato","951"
"2946","https://www.boatos.org/brasil/fgts-retroativo-consultado.html","FGTS retroativo de até R$ 1760 pode ser consultado em site #boato","509"
"2947","https://www.boatos.org/brasil/fiat-perdeu-2-milhoes-clientes-apois-demissao-mauricio-souza.html","Fiat perdeu 2 milhões de clientes após demissão de Maurício Souza #boato","703"
"2948","https://www.boatos.org/brasil/filha-manda-audio-para-mae-antes-de-morrer-nas-enchentes-no-rio-grande-do-sul.html","Não há provas nem lógica de que filha tenha mandado áudio para mãe antes de morrer em enchente no RS","539"
"2949","https://www.boatos.org/brasil/filho-apresentador-tv-band-belem-para-morto.html","Filho do apresentador da TV Band de Belém (Pará) foi morto por causa de celular #boato","674"
"2950","https://www.boatos.org/brasil/filhotes-de-peixe-foram-encontrados-dentro-de-um-coco-verde.html","Não é possível filhotes de peixe nascerem dentro de coco e vídeo tem indícios de edição","434"
"2951","https://www.boatos.org/brasil/forever-21-esta-fechando-brasil-vendendo-perfumes-precos-de-liquidacao-site.html","Forever 21 está fechando no Brasil e vendendo perfumes a preços de liquidação em site #boato","466"
"2952","https://www.boatos.org/brasil/foto-de-ponte-rachada-assusta-internautas-saiba-onde-fica.html","Foto de ponte rachada mostra que está prestes a cair #boato","530"
"2953","https://www.boatos.org/brasil/foto-mostra-bezerro-que-sobreviveu-a-incendios-no-brasil.html","Foto que mostra bezerro que teria sobrevivido a incêndios não tem relação com o Brasil","509"
"2954","https://www.boatos.org/brasil/foto-mostra-homens-com-roupas-mulher-na-formatura-sociologia-da-unicamp.html","Foto mostra homens com roupas de mulher na formatura de sociologia da Unicamp #boato","597"
"2955","https://www.boatos.org/brasil/foto-mostra-rodovia-asfaltada-sp-321-pelo-governo-bolsonaro.html","Foto mostra rodovia asfaltada (SP-321) pelo governo Bolsonaro #boato","846"
"2956","https://www.boatos.org/brasil/foto-mostra-um-onibus-anfibio-no-rio-tiete-em-sao-paulo-nos-anos-40.html","Foto que mostra um ônibus anfíbio circulando no Rio Tietê nos anos 40 é fake criado por IA","625"
"2957","https://www.boatos.org/brasil/fotomontagem-mostra-peixe-porco-pescado-rio-grande-norte.html","Fotomontagem mostra peixe-porco pescado no Rio Grande do Norte","406"
"2958","https://www.boatos.org/brasil/fotos-pedras-preciosas-amazonia-ongs-internacionais-querem.html","Fotos mostram pedras preciosas da Amazônia que as ONGs internacionais querem #boato","819"
"2959","https://www.boatos.org/brasil/fraude-na-mega-da-virada-foi-descoberta-e-r-500-milhoes-foram-bloqueados.html","Outra fake news sobre fraude na Mega da Virada se espalha em redes sociais","615"
"2960","https://www.boatos.org/brasil/frentista-da-shell-roubou-r-14-milhoes-do-pcc-nos-anos-90-e-desapareceu.html","História que aponta que Frentista da Shell roubou R$ 14 milhões do PCC nos anos 90 e desapareceu é falsa","706"
"2961","https://www.boatos.org/brasil/frio-intenso-na-regiao-sul-trara-temperaturas-de-10oc-a-15oc.html","Frio intenso na região Sul trará temperaturas de -10 °C a -15 °C nos próximos dias #boato","965"
"2962","https://www.boatos.org/brasil/funai-paga-bolsa-de-r-15-mil-para-indio-com-dinheiro-do-povo.html","Funai paga bolsa de R$ 15 mil para índio com dinheiro do povo #boato","946"
"2963","https://www.boatos.org/brasil/fundacao-casa-recebe-tv-55-polegadas-quebrada-detentos-menores-idade.html","Fundação Casa recebe TV de 55 polegadas que é quebrada por detentos menores de idade #boato","618"
"2964","https://www.boatos.org/brasil/gari-passa-concurso-receita-federal.html","Gari passa em concurso público da Receita Federal #boato","735"
"2965","https://www.boatos.org/brasil/garota-14-anos-venceu-concurso-joinville-redacao-brasil-hino-nacional.html","Não há provas de que redação sobre Brasil e Hino Nacional tenha sido escrita por uma garota de 14 anos de Joinville","729"
"2966","https://www.boatos.org/brasil/garoto-esta-dando-presente-de-ano-novo-para-quem-compartilhar-link-no-whatsapp.html","Golpe de Ano Novo cita nome da Garoto e fala da distribuição de R$ 1.000","456"
"2967","https://www.boatos.org/brasil/girafa-pega-mulher-e-a-sequestra-durante-safari.html","Vídeo que mostra girafa que pega mulher e a sequestra durante safari é fake criado por IA","569"
"2968","https://www.boatos.org/brasil/golpe-da-placa-do-carro-usado-bandidos-para-realizar-assaltos.html","Golpe da placa do carro é usado por bandidos para realizar assaltos #boato","776"
"2969","https://www.boatos.org/brasil/governo-abriu-concurso-publico-para-agentes-da-educacao-no-site-gov-br.html","Golpe cita falso concurso para agentes da educação em escolas públicas no gov.br","846"
"2970","https://www.boatos.org/brasil/governo-antaq-anunciam-construcao-maior-porto-america-latina.html","Governo e Antaq anunciam a construção do maior porto da América Latina em SC #boato","665"
"2971","https://www.boatos.org/brasil/governo-confirmou-o-fechamento-de-todas-as-escolas-em-fevereiro.html","“Confirmação de governo” alardeada em conteúdos caça-cliques não têm relação com todo o mês de fevereiro","729"
"2972","https://www.boatos.org/brasil/governo-dara-pensao-a-loucos-que-conversam-com-cachorros-diz-boato.html","Governo dará pensão a loucos que conversam com cachorros, diz boato","438"
"2973","https://www.boatos.org/brasil/governo-liberou-resgate-urgencia-cartao-de-credito.html","Governo liberou resgate de urgência de quem usou cartão de crédito #boato","739"
"2974","https://www.boatos.org/brasil/governo-paga-indenizacao-por-vazamento-de-dados-em-site-gov-br.html","Golpe cita indenização por vazamento de dados por parte do governo","908"
"2975","https://www.boatos.org/brasil/greve-geral-todos-caminhoneiros-brasil-vai-ser-deflagrada-18-11-2022.html","Greve geral de todos os caminhoneiros do Brasil vai ser deflagrada em 18/11/2022 #boato","894"
"2976","https://www.boatos.org/brasil/ha-um-evento-chamado-semana-de-conscientizacao-contra-a-b-preta.html","É falso que universidade pública vá organizar seminário com nome ofensivo","472"
"2977","https://www.boatos.org/brasil/hacker-tse-vivia-casa-jose-dirceu-pagava-aluguel.html","Hacker do TSE vivia em casa de José Dirceu, que pagava o seu aluguel #boato","936"
"2978","https://www.boatos.org/brasil/hasan-rabee-e-um-palestino-terrorista-do-hamas-que-chegou-ao-brasil.html","Hasan Rabee não é “terrorista” e não tem ligação com o Hamas","799"
"2979","https://www.boatos.org/brasil/havaianas-trocam-sandalias-velhas-por-novas-por-toda-a-vida.html","É falso que Havaianas façam a “troca vitalícia” de sandálias velhas por novas","655"
"2980","https://www.boatos.org/brasil/havera-apagao-de-bancos-de-internet-e-de-energia-eletrica-em-marco-de-2026.html","É falso que haverá apagão de bancos, de internet e de energia elétrica em março de 2026","985"
"2981","https://www.boatos.org/brasil/havera-intervencao-dos-eua-no-acre-por-causa-de-grupos-terroristas-na-regiao.html","Não é verdade que haverá intervenção dos EUA no Acre nem há provas de Hamas e Hezbollah atuem na região","945"
"2982","https://www.boatos.org/brasil/havera-paralisacao-greve-geral-de-caminhoneiros-em-25-08-24-no-brasil.html","É falso que haverá uma paralisação geral de caminhoneiros em 25/08/2024 no Brasil","575"
"2983","https://www.boatos.org/brasil/hoax-gangue-de-sequestro-relampago-infantil-ataca-shopping-iguatemi.html","Hoax: Gangue de sequestro relâmpago infantil ataca no Shopping Iguatemi","618"
"2984","https://www.boatos.org/brasil/homem-bone-flamengo-esquartejar.html","Homem com boné do Flamengo é procurado por esquartejar crianças #boato","776"
"2985","https://www.boatos.org/brasil/homem-em-ambulancia-branca-esta-sequestrando-criancas-para-roubar-orgaos.html","Fake news sobre sequestro de crianças se espalha em cidades do Nordeste e coloca vida de homem em risco","1176"
"2986","https://www.boatos.org/brasil/homem-foi-preso-por-se-fantasiar-de-lobisomem-em-guaiba-rs.html","É falso que Homem foi preso por se fantasiar de lobisomem em Guaíba (RS)","727"
"2987","https://www.boatos.org/brasil/homem-foi-preso-por-tentar-matar-vidente-que-disse-que-ele-seria-preso.html","É falso que homem tenha sido preso após tentar matar vidente que previu sua detenção","738"
"2988","https://www.boatos.org/brasil/homem-papel-diabo-morreu.html","Homem que fez papel de diabo vencendo Jesus no Carnaval morreu #boato","582"
"2989","https://www.boatos.org/brasil/homem-que-matou-criancas-em-creche-de-blumenau-e-eleitor-de-lula-e-fez-o-l.html","Homem que matou crianças em creche de Blumenau é eleitor de Lula e “fez o L” #boato","421"
"2990","https://www.boatos.org/brasil/homem-soterrado-segurando-as-duas-filhas-e-encontrado-nas-enchentes-de-juiz-de-fora.html","Imagem de homem soterrado segurando as duas filhas é de filme, não de enchentes de Juiz de Fora","747"
"2991","https://www.boatos.org/brasil/honda-da-hr-v-2025-gratis-para-quem-comentar-no-facebook.html","Golpe do sorteio de Honda HR-V no Facebook engana usuários e rouba dados","542"
"2992","https://www.boatos.org/brasil/horario-de-verao-vai-voltar-em-2025-e-comeca-em-novembro-no-brasil.html","É falso que o governo tenha confirmado retorno do horário de verão em novembro de 2025","684"
"2993","https://www.boatos.org/brasil/idosa-de-77-anos-passa-mal-morre-ginasio-da-pf-brasilia.html","Idosa de 77 anos passa mal e morre em ginásio da PF em Brasília #boato","533"
"2994","https://www.boatos.org/brasil/idoso-ganhador-mega-sena-morre-namorada.html","Idoso ganhador da Mega-Sena da Virada morre sufocado pela namorada #boato","532"
"2995","https://www.boatos.org/brasil/iml-esta-colocando-mortes-das-enchentes-do-rs-como-indeterminada-para-camuflar-numero-de-vitimas.html","Morte indeterminada não foi usada pelo IML do RS para camuflar vítimas","837"
"2996","https://www.boatos.org/brasil/informacao-falsa-policia-usa-gas-azul-mortal-para-conter-protestos.html","Informação falsa: polícia usa gás azul mortal para conter protestos","447"
"2997","https://www.boatos.org/brasil/irmas-laura-e-sofia-ficaram-desaparecidas-por-36-anos-ate-a-morte-do-pai.html","História que aponta para irmãs Laura e Sofia, desaparecidas, é fake criado com IA que usa como base história real","709"
"2998","https://www.boatos.org/brasil/itau-lanca-comercial-admitindo-nao-se-preocupa-com-meio-ambiente-e-sustentabilidade.html","Itaú lança comercial admitindo que não se preocupa com o meio ambiente e sustentabilidade #boato","826"
"2999","https://www.boatos.org/brasil/jazida-com-7-mil-toneladas-de-ouro-avaliada-em-trilhoes-de-reais-foi-descoberta-no-piaui.html","Jazida descoberta no Piauí não tem 7 mil toneladas de ouro e nem é avaliada em trilhões de reais","798"
"3000","https://www.boatos.org/brasil/jbs-esta-exportando-carne-com-drogas-para-eua-e-europa.html","É falso que JBS esteja exportando carne com cocaína para a Europa e EUA","1111"
"3001","https://www.boatos.org/brasil/joao-pedro-morto-policia-posa-armas-drogas-video.html","João Pedro, jovem morto pela polícia, posa com armas e drogas em vídeo #boato","835"
"3002","https://www.boatos.org/brasil/jogos-de-cassino-brasileiros-nao-cruzam-fronteiras-para-jogar-caca-niqueis.html","Jogos de cassino: brasileiros não cruzam fronteiras para jogar caça-níqueis #boato","511"
"3003","https://www.boatos.org/brasil/jovem-contamina-mais-de-300-homens.html","Jovem contamina mais de 300 homens com vírus HIV no Brasil #boato","725"
"3004","https://www.boatos.org/brasil/jovem-tenta-realizar-massacre-em-escola-da-bahia-em-2023-e-apanha-de-alunos.html","Jovem tenta realizar massacre em escola da Bahia em 2023 e apanha de alunos #boato","630"
"3005","https://www.boatos.org/brasil/juiza-rondonia-suspendeu-venda-terra-indigena-ong-irlandesa.html","Juíza de Rondônia suspendeu venda de terra indígena para ONG irlandesa #boato","758"
"3006","https://www.boatos.org/brasil/lado-sombrio-das-lojas-vazias-em-shoppings-mostra-que-sao-usadas-para-lavagem-de-dinheiro.html","Teoria sobre lojas vazias em shoppings usadas para lavagem de dinheiro carece de provas","579"
"3007","https://www.boatos.org/brasil/ladrao-teve-o-carro-roubado-e-foi-assaltado-apos-roubar-uma-farmacia.html","É falso que ladrão de farmácia tenha sido assaltado após cometer roubo","601"
"3008","https://www.boatos.org/brasil/ladroes-furtam-100-carros-no-allianz-parque-com-golpe-do-valet-falso.html","Ladrões furtam 100 carros no Allianz Parque com golpe do valet falso #boato","748"
"3009","https://www.boatos.org/brasil/lazaro-fugiu-caminhao-direcao-mg-ms-pe-outros-estados.html","Lázaro fugiu de caminhão em direção a MG, MS, PE e outros estados #boato","618"
"3010","https://www.boatos.org/brasil/lei-de-toque-de-recolher-infantil-em-todo-o-pais-apos-as-22h-foi-aprovada.html","É falso vídeo de Renata Vasconcellos sobre Lei de toque de recolher infantil em todo o país após as 22h","695"
"3011","https://www.boatos.org/brasil/leite-tirol-proibe-caminhoneiro-usar-bandeira-brasil-durante-frete.html","Leite Tirol proíbe caminhoneiro de usar bandeira do Brasil durante frete #boato","682"
"3012","https://www.boatos.org/brasil/lista-de-53-criancas-de-canoas-que-foram-resgatadas-e-estao-longe-dos-pais-e-real.html","Não há provas de que lista de 53 crianças que estão sem os pais seja real","640"
"3013","https://www.boatos.org/brasil/lista-mostra-informacoes-internas-passadas-para-a-tua-seguranca-apos-forcas-militares-fecharem-aeroportos-portos-ocupar-ruas.html","Lista mostra “informações internas passadas para a tua segurança” após forças militares fecharem aeroportos, portos e ocupar ruas #boato","662"
"3014","https://www.boatos.org/brasil/lobisomem-ataca-norte-parana.html","Lobisomem ataca na região Norte do Paraná e é flagrado #boato","610"
"3015","https://www.boatos.org/brasil/lobisomem-foi-atropelado-morto-cidade-brasil.html","Lobisomem foi atropelado e morto em cidade do Brasil #boato","651"
"3016","https://www.boatos.org/brasil/lobisomem-foi-capturado-policia-salvador-rio-de-janeiro-video.html","Lobisomem foi capturado pela polícia em Salvador ou no Rio de Janeiro, mostra vídeo #boato","546"
"3017","https://www.boatos.org/brasil/lobisomem-foi-flagrado-durante-a-madrugada-em-cidades-do-brasil-em-2026.html","É falso que lobisomem tenha sido flagrado durante a madrugada em cidades do Brasil em 2026","615"
"3018","https://www.boatos.org/brasil/lobisomem-morto-tiros-cidade-brasil-mostra-video.html","Lobisomem é morto a tiros em cidade do Brasil, mostra vídeo #boato","750"
"3019","https://www.boatos.org/brasil/loja-do-mecanico-esta-dando-ferramentas-gratis-em-site-anunciado-em-redes-sociais.html","Promoção de ferramentas grátis que cita Loja do Mecânico é golpe","693"
"3020","https://www.boatos.org/brasil/luciano-hang-anunciou-que-havan-vende-solda-a-laser-portatil-da-china-com-desconto.html","Golpe usa nome da Havan e voz falsa de Luciano Hang para vender solda portátil chinesa","552"
"3021","https://www.boatos.org/brasil/luciano-hang-da-havan-recebeu-auxilio-emergencial.html","Luciano Hang, dono da Havan, se cadastrou e recebeu auxílio emergencial #boato","873"
"3022","https://www.boatos.org/brasil/luciano-hang-lemann-diz-que-investe-em-criptomoedas-bitcoin-code-durante-entrevista-a-cbn.html","Luciano Hang Lemann diz que investe em criptomoedas (Bitcoin Code) durante entrevista à CBN #boato","631"
"3023","https://www.boatos.org/brasil/magazine-luiza-quer-bandeira-do-brasil-seja-vermelha.html","Magazine Luiza quer que a bandeira do Brasil seja vermelha #boato","639"
"3024","https://www.boatos.org/brasil/maior-reserva-de-uranio-do-brasil-foi-vendida-para-china.html","Não é verdade que governo tenha vendido maior reserva de urânio para China","707"
"3025","https://www.boatos.org/brasil/marcola-do-pcc-da-entrevista-assustadora-ao-jornal-o-globo-boato.html","Marcola do PCC dá entrevista assustadora ao jornal O Globo #boato","1335"
"3026","https://www.boatos.org/brasil/mataram-o-cara-que-filmou-corpo-de-cristiano-araujo-diz-balela.html","Mataram o cara que filmou corpo de Cristiano Araújo, diz balela","472"
"3027","https://www.boatos.org/brasil/mateus-supermercados-esta-dando-presentes-por-causa-da-black-friday-de-2025.html","É falso que Mateus Supermercados esteja distribuindo presentes e prêmios na Black Friday","783"
"3028","https://www.boatos.org/brasil/max-e-um-cachorro-sem-mandibula-porque-colocaram-fogos-de-artificio-em-sua-boca-e-precisa-de-doacoes.html","Campanha por cão Max com mandíbula destruída por fogos de artifício é golpe","614"
"3029","https://www.boatos.org/brasil/menina-14-anos-padre-suicidio-petrolina-pe.html","Menina de 14 anos procurou padre antes de cometer suicídio em Petrolina (PE) #boato","802"
"3030","https://www.boatos.org/brasil/menina-gabriela-esta-perdida-no-lider-da-br-316-e-procura-familia.html","É falso que menina Gabriela esteja perdida no Líder da BR-316","550"
"3031","https://www.boatos.org/brasil/menina-helena-esta-desaparecida-na-morada-do-sol-e-ha-sequestro-com-hb-em-pirituba.html","Não há provas que mulher no HB 20 esteja sequestrando crianças em Pirituba e que Helena está desaparecida na Morada do Sol","654"
"3032","https://www.boatos.org/brasil/menina-perdida-fala-campo-grande-chora-procura-pais.html","Menina perdida que só fala que é de Campo Grande e chora procura os pais #boato","743"
"3033","https://www.boatos.org/brasil/menino-autista-perdido-shopping-riomar.html","Menino autista está perdido no shopping RioMar e procura família #boato","639"
"3034","https://www.boatos.org/brasil/menino-leandro-de-8-anos-esta-desaparecido-diz-hoax.html","Menino Leandro de 8 anos está desaparecido, diz hoax","623"
"3035","https://www.boatos.org/brasil/mentira-estuprador-com-hiv-ataca-mulheres-apos-pedir-agua.html","Mentira: estuprador com HIV ataca mulheres após pedir água","585"
"3036","https://www.boatos.org/brasil/mercado-livre-vai-doar-geladeiras-para-quem-comentar-destacar-no-facebook.html","Golpe cita que Mercado Livre (Mercado Libre) vai doar geladeiras para quem comentar destacar no Facebook","655"
"3037","https://www.boatos.org/brasil/minhoca-ou-verme-e-encontrada-dentro-de-coco-verde.html","Não é possível que minhocas sejam encontradas dentro de coco verde","441"
"3038","https://www.boatos.org/brasil/morar-roraima-texto-dominado-americanos.html","Morar em Roraima: texto diz que estado é dominado por americanos #boato","1214"
"3039","https://www.boatos.org/brasil/morre-bombeiro-brumadinho.html","Morre bombeiro que resgatou quatro sobreviventes em Brumadinho #boato","526"
"3040","https://www.boatos.org/brasil/mst-e-responsavel-por-plantacao-de-maconha-em-jacobina-ba.html","MST é responsável por plantação de maconha em Jacobina (BA) #boato","683"
"3041","https://www.boatos.org/brasil/mst-invade-fazenda-coloca-fogo-carro-proprietario-dentro.html","MST invade fazenda e coloca fogo em carro com proprietário dentro #boato","649"
"3042","https://www.boatos.org/brasil/mulher-bateu-carro-novo-da-nissan-ao-sair-da-concessionaria.html","É falso que mulher motorista bateu carro 0km da Nissan ao sair da concessionária","1015"
"3043","https://www.boatos.org/brasil/mulher-bebe-maquina-lavar-inchada.html","Mulher colocou bebê na máquina de lavar e depois foi linchada #boato","720"
"3044","https://www.boatos.org/brasil/mulher-corta-orgao-genital-apos-traicao-no-guama-em-belem.html","Mulher corta órgão genital após traição no Guamá (em Belém) #boato","666"
"3045","https://www.boatos.org/brasil/mulher-foi-demitida-por-querer-faltar-ao-trabalho-para-cuidar-de-bebe-reborn.html","História de mulher demitida após pedir para faltar ao trabalho para cuidar de bebê reborn é falsa","975"
"3046","https://www.boatos.org/brasil/mulher-gaucha-pediu-perdao-a-nordestinos-apos-enchentes-no-rio-grande-do-sul.html","Vídeo de “mulher gaúcha pedindo perdão a nordestinos” é simulação","523"
"3047","https://www.boatos.org/brasil/nao-e-possivel-pesquisar-preco-do-gas-no-brasil.html","Não é possível pesquisar preço do gás no Brasil #boato","387"
"3048","https://www.boatos.org/brasil/nataline-filha-cristine-doacao-whatsapp.html","Nataline, filha de Cristine, vai ganhar doação por mensagem no WhatsApp #boato","419"
"3049","https://www.boatos.org/brasil/navio-do-ira-levou-duas-ampolas-de-uranio-que-desapareceram-da-usina-de-angra-dos-reis.html","É falso que navio do Irã levou duas ampolas de urânio que desapareceram da usina de Angra dos Reis","983"
"3050","https://www.boatos.org/brasil/neve-curitiba-faz-gelo-cobrir-pista-linha-verde-hoje-video.html","Neve em Curitiba faz gelo cobrir pista da Linha Verde hoje, mostra vídeo #boato","554"
"3051","https://www.boatos.org/brasil/nevou-na-bahia-e-no-rio-de-janeiro-em-2025.html","Vídeos mostram neve no Brasil (Xique-Xique e Rio de Janeiro) em 2025 são falsos e feitos com IA","567"
"3052","https://www.boatos.org/brasil/nizan-guanaes-escreveu-texto-terceira-guerra-mundial-sobre-tragedia-do-rio-grande-do-sul-para-o-estadao.html","Não há provas e indícios de que Nizan Guanaes tenha escrito o texto “Terceira Guerra Mundial” para o Estadão","1143"
"3053","https://www.boatos.org/brasil/noiva-traida-surpreendeu-300-convidados-casamento.html","Noiva que foi traída surpreendeu 300 convidados em seu próprio casamento #boato","759"
"3054","https://www.boatos.org/brasil/nova-placa-r-100-com-circulo-vermelho-sem-nada-dentro-e-oficial-no-brasil.html","É falso que haja nova placa R-100, com círculo vermelho, que proibiria tráfego no Brasil","763"
"3055","https://www.boatos.org/brasil/novas-multas-estao-valendo-a-partir-de-hoje-2022-e-cnh-so-podera-ser-renovada-em-ate-30-dias-apos-vencimento.html","Novas multas estão valendo a partir de hoje (2022) e CNH só poderá ser renovada em até 30 dias após vencimento #boato","899"
"3056","https://www.boatos.org/brasil/novas-multas-valendo-partir-de-hoje-2021.html","Novas multas valendo a partir de hoje (2021) #boato","899"
"3057","https://www.boatos.org/brasil/olavo-carvalho-texto-boechat.html","Olavo de Carvalho escreve texto sobre morte de Ricardo Boechat e “esquerdistas” #boato","749"
"3058","https://www.boatos.org/brasil/oms-reclassifica-jovem-idoso.html","OMS muda classificação de idade para jovens e idosos #boato","679"
"3059","https://www.boatos.org/brasil/onca-e-vaca-amizade-fazenda-mato-grosso.html","Onça e vaca fazem amizade e são fotografadas em fazenda de Mato Grosso #boato","1123"
"3060","https://www.boatos.org/brasil/onda-de-calor-em-fevereiro-de-2022-sera-a-maior-da-historia-causada-pelo-equinocio.html","Onda de calor em fevereiro de 2022 será a maior da história e é causada pelo equinócio #boato","889"
"3061","https://www.boatos.org/brasil/onda-de-frio-dos-proximos-dias-maio-de-2022-sera-a-pior-dos-ultimos-100-anos.html","Onda de frio dos próximos dias (maio de 2022) será a pior dos últimos 100 anos #boato","881"
"3062","https://www.boatos.org/brasil/onda-frio-intenso-chegara-ao-brasil-sera-pior-frio-ultimos-100-anos.html","Onda de frio intenso chegará ao Brasil e será o pior frio dos últimos 100 anos #boato","878"
"3063","https://www.boatos.org/brasil/onix-clube-esta-sorteando-um-carro-para-quem-comentar-no-facebook.html","Promoção do Onix Clube que sorteia carro no Facebook é golpe","542"
"3064","https://www.boatos.org/brasil/os-10-boatos-que-mais-bombaram-em-2015.html","Os 10 textos mais lidos de 2015 no Boatos.org","1082"
"3065","https://www.boatos.org/brasil/pagamento-do-pis-2024-referente-a-2022-e-antecipada-para-julho-de-2023.html","Pagamento do PIS 2024 (referente a 2022) é antecipado para julho de 2023 #boato","931"
"3066","https://www.boatos.org/brasil/pao-de-acucar-vende-kit-com-10-vinhos-por-r-9990-para-quem-responder-a-quiz-de-aniversario.html","História de kit com 10 vinhos por R$ 99,90 do Pão de Açúcar por causa de aniversário é golpe","824"
"3067","https://www.boatos.org/brasil/papai-noel-fica-pendurado-helicoptero.html","Papai Noel fica pendurado em helicóptero durante chegada, mostra vídeo #boato","660"
"3068","https://www.boatos.org/brasil/paulo-guedes-gravou-video-alertando-quem-tem-conta-no-nubank.html","Vídeo de Paulo Guedes com alertas aos clientes do Nubank é fake criado por IA","987"
"3069","https://www.boatos.org/brasil/pcc-encomendou-orgaos-de-criancas.html","PCC encomendou órgãos de crianças em São Paulo #boato","691"
"3070","https://www.boatos.org/brasil/pericia-mostra-reviravolta-no-caso-de-itumbiara-e-levanta-duvidas-sobre-disparos.html","É falso que nova perícia indicou reviravolta e inocência de pai no caso de Itumbiara","816"
"3071","https://www.boatos.org/brasil/pernoite-temporario-quadra-imperio-serrano-em-2022.html","Pernoite temporário na quadra da Império Serrano em 2022 #boato","524"
"3072","https://www.boatos.org/brasil/pessoas-aids-baleia-azul.html","Pessoas vestidas de brancos transmitem aids por causa da Baleia Azul #boato","269"
"3073","https://www.boatos.org/brasil/pf-descobriu-aryane-campos-entregou-faca-adelio.html","PF descobriu que Aryane Campos entregou faca para Adélio atacar Bolsonaro #boato","672"
"3074","https://www.boatos.org/brasil/piloto-e-controladora-de-voo-discutiram-ao-vivo-em-congonhas-e-audio-vazou.html","Audio de diálogo de piloto arrogante e controladora de voo em Congonhas é falso","1015"
"3075","https://www.boatos.org/brasil/pinguins-invadiram-mercado-de-peixe-em-ilhabela-por-causa-do-frio.html","Vídeo que mostra “invasão” de pinguins no mercado de peixe de Ilhabela não tem relação com o Brasil","473"
"3076","https://www.boatos.org/brasil/pm-divulga-alerta-sobre-casal-de-sequestradores-afirma-boato.html","Casal suspeito de sequestrar crianças está pela região #boato","583"
"3077","https://www.boatos.org/brasil/pneus-dot-mais-cinco-anos-pode-gerar-multa-blitz-policia.html","Pneus com DOT com mais de cinco anos pode gerar multa em blitz da polícia #boato","910"
"3078","https://www.boatos.org/brasil/policia-civil-e-policia-militar-fazem-aviso-importante-sobre-tempos-ruins-com-dicas-de-seguranca.html","Corrente falsa sobre dicas da Polícia Civil e Polícia Militar sobre tempos difíceis volta a circular na internet","1061"
"3079","https://www.boatos.org/brasil/policia-civil-enviou-intimacao-eletronica-com-qr-code-para-o-seu-e-mail.html","Golpistas usam falsa intimação da Polícia Civil com QR Code para roubar dados","684"
"3080","https://www.boatos.org/brasil/policia-federal-descobre-carne-com-dna-humano-vendida-em-supermercados.html","É falso que Polícia Federal tenha descoberto carne com DNA humano vendida em supermercados","770"
"3081","https://www.boatos.org/brasil/policia-federal-descobriu-fraude-na-mega-da-virada.html","É falso que PF tenha descoberto uma fraude na Mega-Sena da Virada de 2025","616"
"3082","https://www.boatos.org/brasil/policia-federal-encontrou-um-tunel-secreto-na-caixa-economica-que-prova-fraude-na-mega-da-virada.html","É falso que a PF tenha encontrado túnel secreto na Caixa que prova fraude na Mega da Virada","750"
"3083","https://www.boatos.org/brasil/policia-federal-prendeu-mulher-que-se-passou-por-mendiga-em-shopping.html","Vídeo de suposta prisão de “falsa mendiga” rica não passa de encenação","868"
"3084","https://www.boatos.org/brasil/policia-militar-faz-alerta-para-medidas-de-seguranca-em-tempos-dificeis.html","Lista de medidas cautelares para “tempos difíceis” não foi escrita pela Polícia Militar","1153"
"3085","https://www.boatos.org/brasil/policia-rodoviaria-do-parana-fez-apreensao-de-armas-que-seriam-utilizadas-em-uma-milicia-semelhante-a-venezuela.html","Fake news sobre Polícia Rodoviária do Paraná ter apreendido armas circula no contexto das eleições municipais","579"
"3086","https://www.boatos.org/brasil/policial-chuck-norris-mata-10.html","Policial vive dia de Chuck Norris e mata 10 suspeitos em São Paulo #boato","580"
"3087","https://www.boatos.org/brasil/policial-militar-fardado-e-assaltado-no-brasil-mostra-video.html","Policial militar fardado é assaltado no Brasil, mostra vídeo #boato","573"
"3088","https://www.boatos.org/brasil/predio-inteiro-desaba-em-avenida-de-balneario-camboriu-sc.html","Vídeo de “prédio caindo” não foi gravado em Balneário Camboriú","381"
"3089","https://www.boatos.org/brasil/prefeito-de-cidade-de-roraima-pede-socorro-apos-exercito-da-venezuela-invadir-o-brasil.html","Homem que comenta “invasão” de Exército da Venezuela em fronteira não é prefeito em Roraima","412"
"3090","https://www.boatos.org/brasil/prefeitura-da-bahia-retira-agua-da-chuva-lentamente-com-baldes-apos-enchente.html","Vídeo de Prefeitura da Bahia limpando ruas após enchente não foi gravado no Brasil","780"
"3091","https://www.boatos.org/brasil/prisao-roberto-jefferson-desmonetizacao-canais-direita-sao-cortina-fumaca-para-pl-2963-19-aprovada-camara.html","Prisão de Roberto Jefferson e desmonetização de canais de direita são cortina de fumaça para PL 2963/19 na Câmara #boato","803"
"3092","https://www.boatos.org/brasil/professor-e-suspenso-apos-pedir-silencio-em-sala-e-aluno-responder-aqui-e-democracia.html","É falso que professor tenha sido suspenso após pedir silêncio em sala e aluno responder “aqui é democracia”","764"
"3093","https://www.boatos.org/brasil/professora-usp-sara-antonella-lenin-ensaio-biblioteca.html","Professora da USP Sara Antonella Lenin faz ensaio dentro da biblioteca da universidade #boato","471"
"3094","https://www.boatos.org/brasil/promocoes-falsas-na-internet.html","Para ler e não cair: 7 promoções falsas que circulam na internet","1278"
"3095","https://www.boatos.org/brasil/quadrilha-roubando-criancas.html","Quadrilha internacional está roubando crianças no Brasil, diz polícia #boato","662"
"3096","https://www.boatos.org/brasil/quem-trabalhou-1998-2017-lista.html","Quem trabalhou entre 1998 e 2017 tem direito a dois salários em lista #boato","422"
"3097","https://www.boatos.org/brasil/rapaz-que-faz-sucesso-no-tiktok-tem-tres-olhos-um-na-testa.html","É falso que “três olhos” de homem que faz sucesso no TikTok seja real","547"
"3098","https://www.boatos.org/brasil/receita-federal-esta-enviando-notificacao-de-cobranca-por-pix-de-r-5-mil-via-whatsapp.html","Mensagens falsas e golpes citando Receita Federal e Pix se espalham no WhatsApp","1062"
"3099","https://www.boatos.org/brasil/receita-federal-vai-cancelar-o-pix-de-quem-tem-o-nome-sujo-ou-deve-impostos-e-disponibilizou-consulta-de-lista-em-site.html","É falso que a Receita Federal tenha cancelado o Pix de quem deve imposto ou tem o nome sujo","632"
"3100","https://www.boatos.org/brasil/recife-tera-chuva-tragica-em-09-06-barragens-tapacura-e-goita-vao-estourar.html","Recife terá chuva trágica em 09/06 e barragens de Tapacurá e Goitá vão estourar #boato","898"
"3101","https://www.boatos.org/brasil/refugiados-chegando-brasil.html","Milhões de refugiados estão chegando ao Brasil em julho #boato","490"
"3102","https://www.boatos.org/brasil/reitor-ufrj-foragido-apos-roubar-r-43-milhoes-deixar-museu-pegar-fogo.html","Reitor da UFRJ está foragido após roubar R$ 43 milhões e deixar museu pegar fogo #boato","622"
"3103","https://www.boatos.org/brasil/ronco-de-morador-fez-predio-ser-interditado-pela-defesa-civil-em-vitoria.html","É falso que Defesa Civil interditou prédio por causa de ronco de morador","637"
"3104","https://www.boatos.org/brasil/royal-canin-nao-dona-instituto-royal-teste-animais.html","Royal Canin não é dona do Instituto Royal, que faz teste em animais","532"
"3105","https://www.boatos.org/brasil/sadia-esta-dando-kit-de-natal-de-2025-para-quem-responder-a-quiz-na-internet.html","É falso que Sadia distribui Kit de Natal 2025 em troca de quiz","733"
"3106","https://www.boatos.org/brasil/santa-etelvina-do-guaiba-rs-parque-tematico-ideologia-de-genero.html","Santa Etelvina do Guaíba (RS) ganha parque temático inspirado na ideologia de gênero #boato","743"
"3107","https://www.boatos.org/brasil/sao-paulo-tera-a-maior-saidinha-de-natal-em-2023-e-vai-colocar-40-mil-presos-nas-ruas.html","Não há provas de que saidinha de Natal será a maior da história e que tenhamos que redobrar cuidado","1089"
"3108","https://www.boatos.org/brasil/secretaria-educacao-sao-paulo-retira-antes-cristo-livros-escolares.html","Secretaria de Educação de São Paulo retira termo “Antes de Cristo” de livros escolares #boato","1253"
"3109","https://www.boatos.org/brasil/sem-parar-multas-velocidade.html","Sem Parar avisa que vai aplicar multas de velocidade em pedágios #boato","553"
"3110","https://www.boatos.org/brasil/semaforos-multar-sinal-amarelo.html","Detran calibrou semáforos para multar no sinal amarelo #boato","777"
"3111","https://www.boatos.org/brasil/senhor-chegou-pindamonhangaba-sp-procura-sua-mae-maria-aparecida-das-neves.html","Senhor chegou em Pindamonhangaba (SP) e procura sua mãe Maria Aparecida das Neves #boato","379"
"3112","https://www.boatos.org/brasil/sequestros-estao-ocorrendo-no-lado-de-fora-do-supermarket-do-mandala-rio.html","Sequestros estão ocorrendo no lado de fora do Supermarket do Mandala (Rio) #boato","677"
"3113","https://www.boatos.org/brasil/soldados-venezuelanos-invadiram-brasil-busca-refugiados.html","É falso que vídeo mostre soldados venezuelanos invadindo o Brasil","523"
"3114","https://www.boatos.org/brasil/stj-cancelamento-cnh-ipva-atrasado.html","STJ autoriza cancelamento da CNH em caso de IPVA atrasado #boato","815"
"3115","https://www.boatos.org/brasil/sucuri-gigante-encarou-mulher-em-barco-na-amazonia.html","Vídeo que aponta para sucuri gigante que encarou mulher em barco é fake criado por IA","720"
"3116","https://www.boatos.org/brasil/supermercados-bh-esta-dando-brindes-gratis-por-causa-da-black-friday-de-2025.html","Golpe aponta que Supermercados BH está dando brindes na Black Friday","910"
"3117","https://www.boatos.org/brasil/supermercados-bh-esta-dando-presente-de-natal-em-2025-para-quem-compartilhar-link.html","Golpe que cita que Supermercados BH está dando presente de Natal volta a circular em 2025","680"
"3118","https://www.boatos.org/brasil/supermercados-bh-esta-dando-r-1-000-de-dia-das-maes-no-whatsapp.html","Promoção que promete R$ 1.000 do Supermercados BH de Dia das Mães é golpe no WhatsApp","772"
"3119","https://www.boatos.org/brasil/tapacura-estourou-boato-que-provocou-caos-no-recife-completa-40-anos.html","“Tapacurá estourou”: boato que provocou caos no Recife completa 40 anos","758"
"3120","https://www.boatos.org/brasil/taxista-fernanda-da-silva-lisboa-que-perdeu-r-1-150-documentos.html","Taxista procura Fernanda da Silva Lisboa, que perdeu R$ 1.150 e documentos #boato","425"
"3121","https://www.boatos.org/brasil/taxista-procura-fernanda-da-silva-lisboa-perdeu-documentos-r1-150.html","Taxista procura Fernanda da Silva Lisboa, que perdeu documentos e R$1.150 #boato","465"
"3122","https://www.boatos.org/brasil/temporal-devastador-campinas.html","Temporal devastador em Campinas vai acontecer no início de 2017 #boato","1261"
"3123","https://www.boatos.org/brasil/tokens-culturais-sao-formulas-magicas-para-o-sucesso-financeiro.html","Tokens culturais são fórmulas mágicas para o sucesso financeiro?","596"
"3124","https://www.boatos.org/brasil/toque-de-recolher-em-caraiva-e-tiroteio-fazem-turistas-deixarem-cidade-em-janeiro-de-2026.html","Vídeos que falam de toque de recolher em Caraíva não são de janeiro de 2026","699"
"3125","https://www.boatos.org/brasil/tornado-com-fortes-ventos-atingiu-balneario-camboriu-sc-hoje-mostra-video.html","Tornado com fortes ventos atingiu Balneário Camboriú (SC) hoje, mostra vídeo #boato","566"
"3126","https://www.boatos.org/brasil/toyota-e-amazon-fecham-fabricas-e-anunciam-que-vao-sair-do-brasil.html","Toyota e Amazon fecham fábricas e anunciam que vão sair do Brasil #boato","449"
"3127","https://www.boatos.org/brasil/traficante-doca-ou-urso-foi-morto-pelo-bope-na-megaoperacao-no-rio-de-janeiro.html","Mensagem que aponta que Doca (ou Urso), chefe do Comando Vermelho, foi morto pelo Bope é falsa","652"
"3128","https://www.boatos.org/brasil/travesti-que-desfilou-na-parada-gay-como-jesus-e-morta-diz-hoax.html","Travesti que desfilou na Parada Gay como Jesus é morta, diz hoax","475"
"3129","https://www.boatos.org/brasil/trem-bala-gratuito-sera-construido-por-empresarios-japoneses-em-tijucas-biguacu-e-florianopolis.html","É falso que empresários japoneses tenham anunciado que vão construir trem-bala gratuito em Florianópolis","756"
"3130","https://www.boatos.org/brasil/troca-rg-por-identidade-chip-boato.html","Troca de antigo RG por identidade com chip começa dia 17 #boato","493"
"3131","https://www.boatos.org/brasil/tsunami-maceio-29-novembro.html","Tsunami vai atingir Maceió no dia 29 de novembro #boato","833"
"3132","https://www.boatos.org/brasil/tsunami-vai-acontecer-no-rio-de-janeiro-dentro-de-tres-meses.html","É falso que um tsunami vá atingir o Rio de Janeiro dentro de três meses","528"
"3133","https://www.boatos.org/brasil/tubarao-branco-e-encontrado-na-praia-de-torres-rs.html","Tubarão branco encalhado é encontrado na praia de Torres (RS) #boato","661"
"3134","https://www.boatos.org/brasil/tubarao-praia-reserva-rio-de-janeiro-atacou-homem-fotos.html","Tubarão apareceu na Praia da Reserva (Rio de Janeiro) e atacou homem ontem, mostram fotos #boato","841"
"3135","https://www.boatos.org/brasil/ultrapassar-em-faixa-continua-gera-suspensao-de-cnh.html","É falso que ultrapassar em faixa contínua gere, agora, suspensão da CNH","578"
"3136","https://www.boatos.org/brasil/uniformes-light-foram-roubados-deposito-braz-de-pina.html","Uniformes da Light foram roubados no depósito de Braz de Pina #boato","491"
"3137","https://www.boatos.org/brasil/unilever-esta-vendendo-kit-omo-e-comfort-de-7l-por-r4790-em-site-anunciado-no-facebook.html","Golpe do kit Omo e Comfort por R$47,90 volta a circular com vídeo criado por IA","688"
"3138","https://www.boatos.org/brasil/urso-chamado-thor-foi-domesticado-por-brasileiro-e-virou-animal-de-estimacao.html","Vídeos que mostram urso de estimação chamado Thor não passam de fake criado por IA","848"
"3139","https://www.boatos.org/brasil/valor-das-novas-multas-valendo-a-partir-de-hoje-2024.html","Lista falsa de valores de multas “atualizados” voltou a circular na internet em 2024","939"
"3140","https://www.boatos.org/brasil/vaquinha-para-familia-de-juliana-marins-trazer-o-corpo-ao-brasil-e-para-agam-divulgadas-por-anuncios-pagos-sao-reais.html","Golpistas criam vaquinhas falsas em nome de Juliana Marins e Agam com links pagos na internet","903"
"3141","https://www.boatos.org/brasil/victoria-de-11-anos-esta-desaparecida-apos-entrar-em-carro-de-alto-paraiso.html","Victoria de 11 anos está desaparecida após entrar em carro de Alto Paraíso #boato","692"
"3142","https://www.boatos.org/brasil/video-bandidos-rendendo-policiais-favela-decisao-stf.html","Vídeo mostra bandidos rendendo policiais em favela por causa de decisão do STF #boato","890"
"3143","https://www.boatos.org/brasil/video-cataratas-do-iguacu-maior-vazao-historia-2023.html","Vídeo mostra Cataratas do Iguaçu com a maior vazão da história em 2023 #boato","509"
"3144","https://www.boatos.org/brasil/video-de-bastidores-do-sorteio-prova-fraude-na-mega-da-virada-de-2026.html","É falso que vídeo de bastidores do sorteio prove fraude na Mega da Virada de 2026","707"
"3145","https://www.boatos.org/brasil/video-fuga-garimpeiros-terra-yanomami-roraima.html","Vídeo mostra fuga de garimpeiros de Terra Yanomami em Roraima #boato","502"
"3146","https://www.boatos.org/brasil/video-mostra-adega-milionaria-do-careca-do-inss.html","Vídeo de adega milionária confunde advogado Nelson Willians com o Careca do INSS","674"
"3147","https://www.boatos.org/brasil/video-mostra-arrastao-no-tunel-santa-barbara-no-rio-em-2025.html","Vídeo no túnel Santa Bárbara não é de 2025 e não mostra um arrastão no Rio de Janeiro","718"
"3148","https://www.boatos.org/brasil/video-mostra-enchente-invadindo-estrada-e-arrastando-casas-e-carros-no-rio-grande-do-sul.html","Vídeo de onda atingindo estrada e arrastando casas não é das enchentes no RS","461"
"3149","https://www.boatos.org/brasil/video-mostra-motociata-em-salvador-em-apoio-a-bolsonaro-em-fevereiro-2022.html","Vídeo mostra motociata em Salvador (BA) em apoio a Bolsonaro em fevereiro de 2022 #boato","503"
"3150","https://www.boatos.org/brasil/video-mostra-onca-pintada-na-estrada-paraty-cunha.html","Vídeo de onça-pintada não foi registrado na estrada Paraty-Cunha","436"
"3151","https://www.boatos.org/brasil/video-mostra-performance-estudantes-de-sociologia-filosofia-da-ufrj.html","Vídeo mostra performance de estudantes de sociologia e filosofia da UFRJ #boato","608"
"3152","https://www.boatos.org/brasil/video-mostra-pm-bahia-pedindo-renuncia-rui-costa-protesto.html","Vídeo mostra PM da Bahia pedindo a renúncia de Rui Costa em protesto #boato","680"
"3153","https://www.boatos.org/brasil/video-mostra-que-esta-nevando-em-cuiaba-em-agosto-de-2024.html","Vídeo que viralizou não é de neve, não é de Cuiabá e não é de 2024","419"
"3154","https://www.boatos.org/brasil/video-que-aponta-que-aviao-que-caiu-em-sao-paulo-era-do-pcc-e-carregava-ouro-e-falso.html","Vídeo que aponta que avião que caiu em São Paulo era do PCC e carregava ouro é falso","643"
"3155","https://www.boatos.org/brasil/voce-pode-recuperar-dinheiro-do-governo-impostos-e-cartao-de-credito-fazer-um-curso-no-facebook.html","Você pode recuperar dinheiro do governo, impostos e cartão de crédito ao fazer um curso no Facebook #boato","813"
"3156","https://www.boatos.org/brasil/walmart-placa-bebe-erro.html","Walmart coloca placa em gôndola que diz “um bebê nunca é um erro” #boato","690"
"3157","https://www.boatos.org/brasil/wwf-estava-patrocinando-fogo-na-amazonia.html","WWF estava patrocinando o fogo na Amazônia, mostra vídeo #boato","585"
"3158","https://www.boatos.org/brasil/ze-trovao-e-falso-caminhoneiro-nao-sabe-dirigir-caminhao.html","Zé Trovão é um falso caminhoneiro e não sabe dirigir caminhão #boato","603"
"3159","https://www.boatos.org/brasil/ze-trovao-foi-preso-caminhoneiros-fecharam-estrada-joinville.html","Zé Trovão foi preso e, por isso, caminhoneiros fecharam estrada em Joinville #boato","568"
"3160","https://www.boatos.org/ciencia/a-grecia-instalou-harpas-de-vento-que-geram-musica-e-energia-eletrica.html","É falso que a Grécia instalou harpas de vento que geram música e energia","781"
"3161","https://www.boatos.org/ciencia/asteroide-caiu-em-braganca-paulista-em-maio-de-2025.html","Mensagem que aponta que asteroide caiu em Bragança Paulista em maio de 2025 não procede","897"
"3162","https://www.boatos.org/ciencia/barba-e-mais-suja-que-vaso-sanitario-diz-boato.html","Barba é mais suja que vaso sanitário, diz boato","429"
"3163","https://www.boatos.org/ciencia/barulho-misterioso-no-mar-de-santos-sp-revelou-algo-sobrenatural.html","Ao contrário do que apontam mensagens, vídeo não mostra “barulho misterioso” no mar de Santos","942"
"3164","https://www.boatos.org/ciencia/bioluminescencia-ondas-mar-california-eua-quarentena.html","Bioluminescência em ondas do mar da Califórnia (EUA) ocorreram por causa de quarentena #boato","772"
"3165","https://www.boatos.org/ciencia/cidade-submersa-do-amazonas-com-mais-de-mil-anos-e-revelada-por-satelite.html","Não é verdade que satélite tenha revelado cidade submersa com mais de mil anos no Rio Amazonas","955"
"3166","https://www.boatos.org/ciencia/cientistas-alertaram-sobre-os-primeiros-paises-que-serao-destruidos-por-desastres-naturais-nos-proximos-5-a-7-anos.html","É falso que cientistas previram destruição de países como Japão e Reino Unido entre 5 a 7 anos","703"
"3167","https://www.boatos.org/ciencia/copos-da-starbucks-sao-do-mesmo-tamanho-e-empresa-engana-clientes.html","Vídeo engana ao sugerir que copos da Starbucks são do mesmo tamanho e empresa engana clientes","514"
"3168","https://www.boatos.org/ciencia/einstein-entregou-folha-branca-com-ponto-preto-para-alunos-em-prova-quando-era-professor.html","História que cita Albert Einstein e a prova do “ponto preto em folha branca” é falsa","710"
"3169","https://www.boatos.org/ciencia/engenheiro-descobriu-segredo-para-zerar-conta-de-luz-e-vende-em-curso.html","É falso que engenheiro que tenha descoberto como zerar a conta de luz com energia da terra","853"
"3170","https://www.boatos.org/ciencia/estatua-de-astronauta-de-3-000-anos-foi-achada-na-capadocia.html","É falso que “estátua de astronauta” tenha sido encontrada na Capadócia (Turquia)","585"
"3171","https://www.boatos.org/ciencia/estudos-e-a-biblia-comprovam-que-a-terra-e-plana.html","Conteúdos malucos que dizem que a Bíblia e estudos comprovam que Terra plana não passam de fake news conspiracionistas","904"
"3172","https://www.boatos.org/ciencia/falha-tectonica-gigante-e-encontrada-a-35km-do-recife-e-mostra-risco-de-mega-terremoto-no-brasil.html","É falso que fenda gigantesca tenha sido descoberta no Recife e que haja risco de mega terremoto no Brasil","920"
"3173","https://www.boatos.org/ciencia/fenomeno-equinocio-proximos-5-dias-2021-trara-calor.html","Fenômeno do equinócio nos afetará nos próximos 5 dias (em 2021) e trará calor #boato","675"
"3174","https://www.boatos.org/ciencia/fenomeno-equinocio-trara-calor.html","Fenômeno do equinócio nos atingirá nos próximos 5 dias e trará calor ao Brasil #boato","718"
"3175","https://www.boatos.org/ciencia/fevereiro-de-2021-tera-forte-onda-de-calor-mes-mais-quente-da-historia.html","Forte onda de calor fará fevereiro de 2021 ser o mês mais quente da história #boato","930"
"3176","https://www.boatos.org/ciencia/foto-mostra-megalodon-que-foi-pescado-na-alemanha-no-inicio-do-seculo-xx.html","Foto que mostraria megalodon pescado na Alemanha foi criada com o uso de IA","503"
"3177","https://www.boatos.org/ciencia/foto-mostra-mumia-gigante-encontrada-recentemente.html","É falso que pesquisadores tenham encontrado múmias gigantes em explorações","434"
"3178","https://www.boatos.org/ciencia/hoax-relogio-suico-e-encontrado-em-tumba-de-400-anos-e-pode-significar-viagem-tempoda-dinastia-ming.html","Hoax: Relógio suíço é encontrado em tumba de 400 anos da Dinastia Ming","501"
"3179","https://www.boatos.org/ciencia/inventor-no-zimbabue-criou-carro-eletrico-movido-a-radio-frequencia.html","Não, inventor no Zimbábue não criou carro elétrico movido a rádio frequência e ondas cósmicas","760"
"3180","https://www.boatos.org/ciencia/lista-de-cidades-brasileiras-que-vao-ser-engolidas-pelo-mar-afundar-ou-serem-destruidas-em-2024.html","Listas de cidades que vão afundar ou serem destruídas em 2024 não fazem o menor sentido","402"
"3181","https://www.boatos.org/ciencia/lista-mostra-10-cientistas-que-morreram-antes-de-revelar-suas-descobertas.html","História que lista 10 pesquisadores brasileiros que teriam morrido antes de revelar suas descobertas é falsa","870"
"3182","https://www.boatos.org/ciencia/mini-era-glacial-com-75-c-de-temperatura-vai-atingir-o-mundo-em-breve.html","Alegação sobre mini era glacial com -75 °C em breve é falsa e pseudocientífica","623"
"3183","https://www.boatos.org/ciencia/misturar-diesel-gasolina-desempenho-carro.html","Misturar diesel na gasolina melhora desempenho do carro #boato","769"
"3184","https://www.boatos.org/ciencia/nasa-profecia-tsunami-recuo-mar.html","Nasa confirmou profecia de tsunami no Brasil após recuo do mar #boato","692"
"3185","https://www.boatos.org/ciencia/navio-gigante-de-10-mil-anos-foi-encontrado-enterrado-em-pastaza-no-equador.html","É falso que navio enterrado há 10 mil anos tenha sido encontrado na selva do Equador","995"
"3186","https://www.boatos.org/ciencia/noticia-de-que-saturno-passara-raspando-pela-terra-e-falsa.html","Saturno passará raspando pela Terra #boato","375"
"3187","https://www.boatos.org/ciencia/ovnis-sao-filmados-jaragua-do-sul-mostra-video.html","Ovnis são filmados em Jaraguá do Sul (SC), mostra vídeo #boato","696"
"3188","https://www.boatos.org/ciencia/piramides-e-construcoes-antigas-foram-construidas-com-laser-de-alienigenas-na-idade-antiga.html","É falso que pirâmides e construções antigas tenham sido construídas com laser de aliens","511"
"3189","https://www.boatos.org/ciencia/planta-florifugia-monticola-existe-e-e-uma-planta-que-caminha-entre-as-montanhas.html","Florifugia monticola, a planta que anda nas montanhas, não passa de invenção criada por IA","636"
"3190","https://www.boatos.org/ciencia/sergio-sacani-alertou-que-nasa-descobriu-que-3i-atlas-tem-propulsao-ativa-e-e-uma-tecnologia-extraterrestre.html","Vídeo em que Sérgio Sacani alerta sobre o 3I/ATLAS ter propulsão ativa extraterrestre é fake criado por IA","888"
"3191","https://www.boatos.org/ciencia/todos-os-habitantes-de-nova-ribalta-no-parana-foram-abduzidos-em-1998.html","História que aponta para abdução de habitantes de Nova Ribalta, no Paraná, é fictícia","755"
"3192","https://www.boatos.org/ciencia/vassouras-em-pe-bug-rotacao-terra-nasa.html","Vassouras estão em pé por causa de “bug” na rotação da Terra, diz Nasa #boato","836"
"3193","https://www.boatos.org/ciencia/vulcao-entrou-em-erupcao-em-pocos-de-caldas.html","É falso que “vulcão” tenha entrado em erupção em Poços de Caldas (MG)","628"
"3194","https://www.boatos.org/entretenimento/50-cent-emagreceu-apos-fumar-maconha-boato.html","50 Cent emagreceu após fumar maconha #boato","337"
"3195","https://www.boatos.org/entretenimento/7-boatos-fatima-bernardes.html","7 boatos sobre a apresentadora Fátima Bernardes que viralizam na web","594"
"3196","https://www.boatos.org/entretenimento/7-casos-de-celebridades-boatos.html","7 casos de celebridades que compartilharam boatos no Facebook","561"
"3197","https://www.boatos.org/entretenimento/affonso-romano-de-santanna-escreveu-poema-que-comeca-com-presidente-que-mente.html","Não há provas de que poema que começa com “presidente que mente” seja de autoria de Affonso Romano de Sant’Anna","586"
"3198","https://www.boatos.org/entretenimento/alec-baldwin-perde-contrato-apos-chamar-elon-musk-de-idiota-e-precisa-se-desculpar.html","Histórias que apontam para briga entre Alec Baldwin e Elon Musk é falsa","585"
"3199","https://www.boatos.org/entretenimento/ana-castela-descobriu-novo-investimento-contou-em-entrevista-para-danilo-gentili-e-foi-processada-pelo-banco-do-brasil.html","Golpe sobre “investimento” usa falsa entrevista de Ana Castela a Danilo Gentilli e “processo” do Banco do Brasil","1334"
"3200","https://www.boatos.org/entretenimento/ana-castela-descobriu-que-estava-gravida-apos-passar-mal-em-show.html","É falso que Ana Castela descobriu que estava grávida após passar mal em show","997"
"3201","https://www.boatos.org/entretenimento/ana-maria-braga-humilhou-daniel-quando-ele-falava-de-jesus-em-programa-na-tv.html","É falso que Ana Maria Braga tenha humilhado Daniel por ele ter falado de Jesus","615"
"3202","https://www.boatos.org/entretenimento/anitta-humilhou-o-cantor-daniel-ao-vivo-em-programa-da-globo.html","Vídeo que fala de Anitta humilhando Daniel durante o Encontro, da Globo, é fake criado por IA","688"
"3203","https://www.boatos.org/entretenimento/anitta-vaiada-hostilizada-show-apos-dizer-bolsonaro-nao-seria-reeleito.html","Anitta é vaiada e hostilizada em show após dizer que Bolsonaro não seria reeleito #boato","596"
"3204","https://www.boatos.org/entretenimento/aracy-balabalian-morre-aos-76-anos-no-rio-boato.html","Aracy Balabalian morre aos 76 anos no Rio #boato","268"
"3205","https://www.boatos.org/entretenimento/astrid-fontenelle-foi-processada-por-revelar-investimentos-em-criptomoedas-em-entrevista-com-pedro-bial.html","Golpe do investimento em criptomoedas também usa o nome de Astrid Fontenelle","691"
"3206","https://www.boatos.org/entretenimento/ator-sergio-marone-morreu-de-embolia-pulmonar-aos-43-anos-em-2025.html","É falso que ator Sérgio Marone tenha morrido aos 43 anos em 2025","588"
"3207","https://www.boatos.org/entretenimento/atriz-maisa-silva-morreu-aos-22-anos-em-2025.html","É falso que a atriz Maisa Silva tenha morrido aos 22 anos em São Paulo","657"
"3208","https://www.boatos.org/entretenimento/balela-brad-pitt-escreve-emocionante-carta-de-amor-para-angelina-jolie.html","Balela: Brad Pitt escreve emocionante carta de amor para Angelina Jolie","829"
"3209","https://www.boatos.org/entretenimento/balela-video-de-viviane-araujo-circula-pela-internet.html","Balela: vídeo de Viviane Araújo circula pela internet","344"
"3210","https://www.boatos.org/entretenimento/bandidos-empunham-metralhadoras-em-favela-no-rj.html","Bandidos se aproveitam de decisão do STF para empunhar metralhadoras em favela do Rio, mostra vídeo #boato","1030"
"3211","https://www.boatos.org/entretenimento/barbie-aborto-barbie-abortion-comecou-ser-comercializada-para-criancas.html","Barbie aborto (Barbie abortion) começou a ser comercializada para crianças #boato","583"
"3212","https://www.boatos.org/entretenimento/bebe-de-claudia-raia-acabou-de-morrer.html","Bebê de Claudia Raia acabou de morrer #boato","1045"
"3213","https://www.boatos.org/entretenimento/bob-marley-tinha-diversas-especies-piolhos-quando-morreu.html","Não há provas de que Bob Marley tinha diversas espécies de piolhos nos dreads quando morreu","401"
"3214","https://www.boatos.org/entretenimento/boneca-annabelle-fugiu-de-museu-veio-para-brasil.html","Boneca Annabelle fugiu de museu nos EUA e veio parar no Brasil #boato","877"
"3215","https://www.boatos.org/entretenimento/caetano-veloso-cai-ouvir-e-bolsonaro-mostra-video.html","Caetano Veloso cai ao ouvir “é Bolsonaro”, mostra vídeo #boato","681"
"3216","https://www.boatos.org/entretenimento/caio-castro-morreu-acidente-carro.html","Caio Castro morreu em acidente de carro hoje #boato","403"
"3217","https://www.boatos.org/entretenimento/cantor-thiaguinho-morre-em-acidente-de-carro-diz-noticia-falsa.html","Cantor Thiaguinho morre em acidente de carro, diz notícia falsa","424"
"3218","https://www.boatos.org/entretenimento/cantora-rosana-morreu-aos-70-anos-de-idade-em-julho-de-2024.html","É falso que a cantora Rosana tenha morrido aos 70 anos em julho de 2024","494"
"3219","https://www.boatos.org/entretenimento/cantores-sertanejos-trocaram-apoio-a-bolsonaro-em-troca-do-perdao-de-dividas-na-receita-federal.html","Não há provas de que apoio de cantores sertanejos a Bolsonaro seja em troca do perdão de dívidas","565"
"3220","https://www.boatos.org/entretenimento/carlos-santana-criticou-trump-ao-vivo-em-programa-de-tv-nos-eua.html","É falso que Carlos Santana tenha confrontado Donald Trump ao vivo em programa de TV sobre imigração","942"
"3221","https://www.boatos.org/entretenimento/carta-de-despedida-de-gabriel-garcia-marquez-que-circula-na-web-e-falsa.html","Carta de despedida de Gabriel García Marquéz que circula na web é falsa","719"
"3222","https://www.boatos.org/entretenimento/casal-nao-se-separou-horas-apos-o-casamento-por-mulher-ganhar-bolada-em-cassino-online.html","Casal não se separou horas após o casamento por mulher ganhar “bolada” em cassino online","707"
"3223","https://www.boatos.org/entretenimento/cassio-gabus-mendes-morreu-aos-64-anos-de-infarto-em-janeiro-de-2026.html","Fake news sobre morte de Cássio Gabus Mendes se espalha em perfil caça-cliques no YouTube","919"
"3224","https://www.boatos.org/entretenimento/cesar-millan-foi-condenado-a-prisao-perpetua-e-chorou.html","História que aponta que César Millan foi condenado à prisão perpétua é falsa","637"
"3225","https://www.boatos.org/entretenimento/chaves-morreu-boatos-de-morte-de-roberto-bolanos-se-espalham-na-web.html","Chaves morreu: boatos de morte de Roberto Bolaños se espalham na web","538"
"3226","https://www.boatos.org/entretenimento/chico-buarque-entrevista-cbn-bitcoins-lucrando-muito.html","Chico Buarque disse, em entrevista na CBN, que está investindo em bitcoins e lucrando muito #boato","1097"
"3227","https://www.boatos.org/entretenimento/chris-rock-escreve-texto-pedindo-desculpas-a-will-smith.html","Chris Rock escreve texto pedindo desculpas a Will Smith #boato","805"
"3228","https://www.boatos.org/entretenimento/cinemark-esta-dando-balde-e-copo-do-stitch-de-graca.html","Golpe do quiz usa personagem Stitch e falsa promoção da Cinemark","592"
"3229","https://www.boatos.org/entretenimento/cinemark-esta-dando-copo-e-balde-do-banguela-de-graca-para-quem-responder-a-quiz.html","Promoção de copo e balde do Banguela para quem responder a quiz do Cinemark é golpe","527"
"3230","https://www.boatos.org/entretenimento/cirque-du-soleil-apresentacao-danca-do-pecado-original-video.html","Cirque Du Soleil faz apresentação com a Dança do Pecado Original em vídeo #boato","549"
"3231","https://www.boatos.org/entretenimento/cofre-secreto-foi-encontrado-na-casa-de-deolane-bezerra.html","Fake news sensacionalista sobre cofre encontrado na casa de Deolane Bezerra se espalha na internet","883"
"3232","https://www.boatos.org/entretenimento/cortella-escreve-texto-tu-vai-andando-com-a-tua-xicara-de-cafe.html","Cortella escreve texto “tu vai andando com a tua xícara de café” #boato","620"
"3233","https://www.boatos.org/entretenimento/cynthia-lennon-recebeu-carta-emocionante-de-paul-mccartney-depois-de-leiloar-memorias-com-john.html","Não há provas de que Paul McCartney tenha enviado mensagem sobre memórias para Cynthia Lennon","719"
"3234","https://www.boatos.org/entretenimento/danca-picanha-fatiada-venceu-concurso-ministerio-da-cultura.html","Mulher não ganhou R$ 6,7 milhões do Ministério da Cultura por “dança da picanha fatiada”","610"
"3235","https://www.boatos.org/entretenimento/daniela-mercury-diz-jesus-era-gay-bicha-durante-show-video.html","Daniela Mercury diz que Jesus era gay (bicha) durante show, mostra vídeo #boato","570"
"3236","https://www.boatos.org/entretenimento/daniela-mercury-jesus-gay-lula.html","Daniela Mercury chama Jesus de gay durante Festival Lula Livre, mostra vídeo #boato","549"
"3237","https://www.boatos.org/entretenimento/danilo-gentili-anular-carnaval.html","Danilo Gentili diz que queria ser presidente para poder anular o Carnaval #boato","551"
"3238","https://www.boatos.org/entretenimento/deborah-secco-deixou-entrevista-no-roda-viva-apos-ser-atacada-por-jornalista.html","É falso que Deborah Secco tenha deixado entrevista no Roda Viva após ser atacada por jornalista","639"
"3239","https://www.boatos.org/entretenimento/diddy-revelou-que-anitta-esta-envolvida-no-trafico-de-criancas-na-ilha-do-marajo.html","É falso que Diddy tenha denunciado Anitta e que haja qualquer relação dela com o caso da Ilha de Marajó","789"
"3240","https://www.boatos.org/entretenimento/disney-libera-fotos-primeira-princesa-brasileira-karoline.html","Disney libera fotos da primeira princesa brasileira, a Karoline #boato","724"
"3241","https://www.boatos.org/entretenimento/eduardo-costa-recebeu-ameacas-morte-politicos-apos-lancar-musica-cuidado.html","Eduardo Costa recebeu ameaças de morte de políticos após lançar música “Cuidado” #boato","588"
"3242","https://www.boatos.org/entretenimento/eliana-divulgou-plataforma-de-investimentos-em-criptomoedas-no-porchat.html","Golpe usa vídeo falso com Eliana e Porchat para promover plataforma de criptomoedas","1223"
"3243","https://www.boatos.org/entretenimento/empresa-de-gusttavo-lima-recebeu-r-320-milhoes-do-bndes.html","Empresa de Gusttavo Lima recebeu R$ 320 milhões do BNDES #boato","1034"
"3244","https://www.boatos.org/entretenimento/escultura-el-esfuerzo-la-carga-de-jaume-plensa-que-mostra-mulher-carregando-eletrodomesticos-esta-exposta-em-barcelona-na-espanha.html","É falso que escultura “El Esfuerzo” (“La Carga”), de Jaume Plensa, que mostra mulher carregando eletrodomésticos está exposta em Barcelona, na Espanha","765"
"3245","https://www.boatos.org/entretenimento/fabio-assuncao-grava-video-dizendo-que-vai-acontecer-se-bolsonaro-for-reeleito.html","Fábio Assunção grava vídeo dizendo o que vai acontecer se Bolsonaro for reeleito #boato","662"
"3246","https://www.boatos.org/entretenimento/fabio-jr-beijou-outro-homem-e-assumiu-ser-gay-em-entrevista.html","Foto que mostraria Fábio Jr. beijando outro homem é falsa e ele não assumiu que é gay","825"
"3247","https://www.boatos.org/entretenimento/fake-latino-vai-criar-versao-de-faroeste-caboclo-melhor-que-original.html","Fake: Latino vai criar versão de Faroeste Caboclo melhor que original","548"
"3248","https://www.boatos.org/entretenimento/fatima-bernardes-elogiou-lula-por-combate-ao-tarifaco-de-trump.html","Vídeo de Fátima Bernardes sobre Lula e tarifaço de Trump é fake criado por IA","675"
"3249","https://www.boatos.org/entretenimento/fatima-bernardes-esta-com-cancer.html","Fátima Bernardes está com câncer e se afasta de programa #boato","369"
"3250","https://www.boatos.org/entretenimento/fatima-bernardes-questiona-excesso-policia-morte-lazaro-barbosa.html","Fátima Bernardes questiona se houve excesso da polícia na morte de Lázaro Barbosa #boato","652"
"3251","https://www.boatos.org/entretenimento/fatima-bernardes-william-bonner-reatam.html","Fátima Bernardes e William Bonner reatam casamento #boato","440"
"3252","https://www.boatos.org/entretenimento/fatima-exposicao-santander-continuar.html","Fátima Bernardes diz que exposição do Santander deve continuar #boato","426"
"3253","https://www.boatos.org/entretenimento/fbi-descobre-tunel-secreto-na-casa-de-gene-hackman.html","É falso que túnel foi descoberto na casa de Gene Hackman","629"
"3254","https://www.boatos.org/entretenimento/felca-declarou-apoio-a-lula-em-video.html","É falso que Felca tenha declarado apoio a Lula em vídeo","671"
"3255","https://www.boatos.org/entretenimento/fernanda-torres-e-ivete-sangalo-falaram-de-investimento-em-criptomoedas-durante-entrevista.html","Golpe do “investimento em criptomoedas incrível” usa, agora, nomes de Fernanda Torres e Ivete Sangalo","430"
"3256","https://www.boatos.org/entretenimento/fernando-pessoa-e-o-autor-do-texto-de-ano-novo-de-tudo-ficaram-tres-coisas.html","Texto falsamente atribuído a Fernando Pessoa sobre ano novo volta a circular na internet","500"
"3257","https://www.boatos.org/entretenimento/filha-de-zeze-di-camargo-e-graciele-lacerda-e-de-denilson.html","É falso (e absurdo) dizer que filho de Zezé di Camargo seja de Denílson","463"
"3258","https://www.boatos.org/entretenimento/filho-de-angelica-e-luciano-huck-joaquim-assumiu-que-e-gay-em-foto.html","É falso que Joaquim Huck tenha “assumido” que é gay; postagem usa foto que não mostra nada","827"
"3259","https://www.boatos.org/entretenimento/filho-de-ivete-sangalo-assumiu-que-e-gay.html","Sites caça-cliques lançam manchete com fake news sobre filho de Ivete Sangalo","385"
"3260","https://www.boatos.org/entretenimento/filho-de-luciano-huck-vai-ser-pai-em-breve.html","Não é verdade que tenha sido confirmado que filho de Luciano Huck vá ser pai","497"
"3261","https://www.boatos.org/entretenimento/francisco-cuoco-morreu-esta-noite-boato.html","Francisco Cuoco morreu aos 83 anos esta noite #boato","343"
"3262","https://www.boatos.org/entretenimento/gemidao-whatsapp-danos-morais.html","Gemidão do WhatsApp gera indenização por danos morais em SC #boato","615"
"3263","https://www.boatos.org/entretenimento/genro-de-fafa-de-belem-usa-tornozeleira-eletronica.html","Vídeo falso sugere que genro de Fafá de Belém usa tornozeleira","678"
"3264","https://www.boatos.org/entretenimento/gisele-bundchen-angelica-e-gil-do-vigor-promovem-investimento-incrivel-em-criptomoedas.html","Golpe do falso investimento usa nomes de Gisele Bündchen, Angélica e Gil do Vigor","803"
"3265","https://www.boatos.org/entretenimento/globo-usa-ong-cultural-para-pagar-artistas-novelas-com-dinheiro-da-lei-rouanet.html","Globo usa ONG cultural para pagar artistas e novelas com dinheiro da Lei Rouanet #boato","1161"
"3266","https://www.boatos.org/entretenimento/gloria-pires-teve-problemas-na-justica-apos-falar-de-investimentos-no-programa-do-porchat.html","É falso que Gloria Pires tenha promovido criptomoedas no programa de Porchat ou que tenha tido “problemas com a Justiça”","1134"
"3267","https://www.boatos.org/entretenimento/gracyanne-barbosa-lanca-gracyovos-marca-de-ovos-de-luxo.html","Gracyovos, marca de ovos de luxo de Gracyanne Barbosa, é parte de ação de marketing para o Canva","717"
"3268","https://www.boatos.org/entretenimento/havaianas-excluiu-e-tirou-do-ar-comercial-de-fernanda-torres-falando-sobre-pe-direito.html","É falso que Havaianas excluiu e tirou do ar comercial de Fernanda Torres falando sobre “pé direito”","939"
"3269","https://www.boatos.org/entretenimento/henrique-fogaca-anuncia-kit-de-facas-gratis-da-forja-gaucha-de-dia-dos-pais.html","Vídeo de Henrique Fogaça anunciando kit de facas de Dia dos Pais é falso","474"
"3270","https://www.boatos.org/entretenimento/informacao-errada-video-mostra-que-cantora-anitta-copia-beyonce.html","Informação errada: vídeo mostra que cantora Anitta copia Beyoncé","430"
"3271","https://www.boatos.org/entretenimento/informacao-falsa-mp-pode-suspender-novela-babilonia-da-tv-globo.html","Informação falsa: MP pode suspender novela Babilônia, da TV Globo","547"
"3272","https://www.boatos.org/entretenimento/irmas-cegas-violinista-e-pianista-sobreviventes-da-bomba-de-hiroshima-emocionam-jurados-do-americas-got-talent.html","Postagem que mostra irmãs gêmeas sobreviventes de Hiroshima emocionando no American’s Got Talent é fake criado por IA","622"
"3273","https://www.boatos.org/entretenimento/ivete-sangalo-morreu-em-janeiro-de-2026-e-morte-foi-confirmada-na-tv.html","Fake news sobre a morte de Ivete Sangalo em janeiro de 2026 circulam online","662"
"3274","https://www.boatos.org/entretenimento/james-hetfield-do-metallica-vai-pagar-estudos-das-filhas-de-charlie-kirk.html","É falso que James Hetfield, do Metallica, vá pagar estudos das filhas de Charlie Kirk","640"
"3275","https://www.boatos.org/entretenimento/janja-tentou-atacar-leonardo-em-programa-da-tv-cultura-e-levou-resposta-ao-vivo.html","É falso que Janja tenha discutido com Leonardo em programa ao vivo e recebido resposta","616"
"3276","https://www.boatos.org/entretenimento/jayme-monjardim-grava-video-criticando-propaganda-haddad-com-crianca.html","Jayme Monjardim grava vídeo criticando propaganda de Haddad com criança #boato","760"
"3277","https://www.boatos.org/entretenimento/jesus-travesti-festival-lula.html","Cantor diz que Jesus é gay e travesti durante Festival Lula Livre #boato","588"
"3278","https://www.boatos.org/entretenimento/jo-soares-podres-tv-globo-video-2019.html","Jô Soares revela os podres da TV Globo em vídeo de 2019 #boato","708"
"3279","https://www.boatos.org/entretenimento/juiz-do-caso-deolane-bezerra-foi-assassinado-em-pernambuco.html","Juiz morto em Pernambuco não tem relação com caso de Deolane Bezerra","398"
"3280","https://www.boatos.org/entretenimento/juliette-e-grazi-massafera-estao-namorando.html","Juliette e Grazi Massafera estão namorando #boato","752"
"3281","https://www.boatos.org/entretenimento/kleber-bambam-morreu-em-setembro-de-2025.html","É falso que Kléber Bambam tenha morrido em setembro de 2025","507"
"3282","https://www.boatos.org/entretenimento/laltra-par-filme-egipcio-ganhou-festival-cinema-de-veneza.html","L’altra par é um filme egípcio que ganhou o Festival de Cinema de Veneza #boato","517"
"3283","https://www.boatos.org/entretenimento/laura-cardoso-morre-de-cancer-no-rio-de-janeiro-boato.html","Morre Laura Cardoso, atriz, de câncer no Rio de Janeiro #boato","360"
"3284","https://www.boatos.org/entretenimento/laura-muller-altas-horas-produto-milagroso.html","Laura Muller, especialista do Altas Horas, recomenda produto milagroso #boato","401"
"3285","https://www.boatos.org/entretenimento/lazaro-ramos-foi-processado-por-anunciar-investimento-durante-entrevista-na-tv.html","Anúncio falso envolve Lázaro Ramos e entrevista censurada sobre investimentos","819"
"3286","https://www.boatos.org/entretenimento/lenda-branca-de-neve-e-os-sete-anoes-leva-mensagem-sobre-cocaina.html","Lenda: Branca de Neve e os Sete Anões leva mensagem sobre cocaína","670"
"3287","https://www.boatos.org/entretenimento/leonardo-da-vinci-e-monalisa-tiraram-foto-rara-em-restaurante-em-1603.html","Foto atribuída a Leonardo da Vinci e Monalisa foi fruto de criação com ferramentas de IA","428"
"3288","https://www.boatos.org/entretenimento/luciano-huck-esta-com-inscricoes-no-lar-doce-lar-em-site-anunciado-em-redes-sociais.html","Golpe usa nome de Luciano Huck para promover falsa inscrição no Lar Doce Lar","524"
"3289","https://www.boatos.org/entretenimento/luis-fernando-verissimo-autor-texto-pressao-que-fala-remedio-pressao-praga-de-governo-hipocondriaco.html","É falso que Luis Fernando Verissimo seja o autor do texto “Pressão” sobre “remédio”, “praga” e “hipocondríaco”","620"
"3290","https://www.boatos.org/entretenimento/lulu-santos-carta-ao-diario-inss.html","Lulu Santos escreve carta ao Diário de São Paulo sobre o INSS e deputados #boato","1330"
"3291","https://www.boatos.org/entretenimento/lya-luft-escreveu-texto-estamos-todos-na-fila.html","Lya Luft escreveu texto “estamos todos na fila” #boato","955"
"3292","https://www.boatos.org/entretenimento/mangueira-falar-mal-jesus-samba-enredo-carnaval.html","Mangueira vai falar mal de Jesus Cristo em samba-enredo do Carnaval 2020 #boato","1152"
"3293","https://www.boatos.org/entretenimento/manifestantes-protestam-em-frente-apartamento-de-ivete-sangalo-mostra-video.html","Manifestantes protestam em frente ao apartamento de Ivete Sangalo, mostra vídeo #boato","746"
"3294","https://www.boatos.org/entretenimento/marcelo-falcao-fez-criticas-ao-governo-lula-durante-show-de-2025.html","Vídeo em que cantor Marcelo Falcão faz críticas ao governo não é de governo Lula ou de 2025","495"
"3295","https://www.boatos.org/entretenimento/marcelo-rezende-morreu-bacci.html","Marcelo Rezende morreu e Bacci chorou no ar #boato","459"
"3296","https://www.boatos.org/entretenimento/marcos-mion-acaba-de-perder-filha-e-chora-muito.html","Marcos Mion acaba de perder filha e chora muito #boato","382"
"3297","https://www.boatos.org/entretenimento/margareth-menezes-escreveu-carta-critica-sobre-cobertura-de-o-globo-durante-viagem-de-lula-a-franca.html","Carta que critica cobertura de O Globo durante viagem de Lula à França não foi escrita por Margareth Menezes","946"
"3298","https://www.boatos.org/entretenimento/maria-bethania-canta-jingle-campanha-lula-eleicoes-2022.html","Maria Bethânia canta jingle para campanha de Lula nas eleições de 2022 #boato","688"
"3299","https://www.boatos.org/entretenimento/marido-de-ivete-sangalo-confessa-que-bateu-na-cantora.html","É falso que marido de Ivete Sangalo confessou que bateu na cantora","520"
"3300","https://www.boatos.org/entretenimento/marieta-severo-escreveu-texto-os-erros-de-luis-com-criticas-lula.html","Marieta Severo escreveu texto “os erros de Luís” com críticas a Lula #boato","1070"
"3301","https://www.boatos.org/entretenimento/marilia-gabriela-grava-video-ferrari-desgovernada-com-criticas-ao-governo-lula.html","Marília Gabriela grava vídeo “Ferrari desgovernada” com críticas ao governo de Lula #boato","914"
"3302","https://www.boatos.org/entretenimento/mario-quintana-escreveu-o-texto-de-repente-tudo-vai-ficando-tao-simples.html","Mário Quintana não escreveu o texto “De repente tudo vai ficando tão simples”","538"
"3303","https://www.boatos.org/entretenimento/mario-quintana-escreveu-texto-deficiencias-que-comeca-com-deficiente-e-aquele-que-nao-consegue-modificar-sua-vida.html","É falso que o texto “Deficiências” seja de autoria de Mário Quintana","569"
"3304","https://www.boatos.org/entretenimento/menino-de-5-anos-revela-que-e-a-reencarnacao-de-john-lennon.html","História que aponta que menino de 5 anos revelou que é a reencarnação de John Lennon é falsa","971"
"3305","https://www.boatos.org/entretenimento/michael-jackson-esta-vivo-teoria-diz-que-cantor-nao-morreu-em-2009.html","Michael Jackson está vivo: teoria diz que cantor não morreu em 2009","605"
"3306","https://www.boatos.org/entretenimento/mick-jagger-prometeu-pagar-despesas-das-filhas-de-charlie-kirk-e-foi-ao-velorio-dele.html","É falso que Mick Jagger tenha prometido pagar despesas das filhas de Charlie Kirk e ido ao velório","537"
"3307","https://www.boatos.org/entretenimento/morre-chester-bennington-vocalista-do-linkin-park-boato.html","Morre Chester Bennington, vocalista do Linkin Park #boato","288"
"3308","https://www.boatos.org/entretenimento/morre-neuza-borges-atriz-aos-74-anos-no-rio-boato.html","Morre Neuza Borges, atriz, aos 74 anos no Rio #boato","521"
"3309","https://www.boatos.org/entretenimento/nadson-ferinha-morreu-apos-queda-de-aviao-na-bahia.html","É falso que cantor Nadson O Ferinha tenha morrido após queda de avião","541"
"3310","https://www.boatos.org/entretenimento/nikolas-ferreira-calou-patricia-abravanel-durante-debate-na-tv.html","É falso que Nikolas Ferreira tenha calado Patrícia Abravanel durante debate na TV","741"
"3311","https://www.boatos.org/entretenimento/nova-musica-de-roberto-carlos-e-nada-me-separa-desse-amor-e-fala-de-religiao-e-conversao.html","Música “Nada me Separa desse Amor” não é nova música de Roberto Carlos","441"
"3312","https://www.boatos.org/entretenimento/o-cantor-leandro-esta-vivo-e-foi-visto-em-sao-paulo.html","Ao contrário do que sugerem mensagens, cantor Leandro não está “vivo”","504"
"3313","https://www.boatos.org/entretenimento/o-carnaval-de-2025-foi-vendido-pela-imperatriz-para-a-liesa-e-beija-flor.html","Texto conspiratório sobre venda do Carnaval volta a circular em 2025","977"
"3314","https://www.boatos.org/entretenimento/ong-de-luciano-huck-era-usada-como-esconderijo-de-armas-para-trafico-de-drogas.html","Fake news sobre “ONG do Luciano Huck” esconder armas do tráfico volta a circular na internet","886"
"3315","https://www.boatos.org/entretenimento/oruam-desapareceu-24h-apos-ser-solto-cortou-tornozeleira-e-fugiu-da-policia.html","É falso que Oruam tenha desaparecido 24h após ser solto, cortado tornozeleira e fugido da polícia","638"
"3316","https://www.boatos.org/entretenimento/os-simpsons-previram-a-3a-guerra-mundial-em-julho-de-2025.html","Episódio que prevê guerra em 2025 nos Simpsons é falso e feito com IA","605"
"3317","https://www.boatos.org/entretenimento/os-simpsons-previram-impeachment-de-lula-em-2025.html","Vídeo que afirma que Simpsons previram impeachment de Lula em 2025 é montagem com IA","626"
"3318","https://www.boatos.org/entretenimento/pabllo-vittar-brasil-bolsonaro.html","Pabllo Vittar vai deixar o Brasil se Bolsonaro ganhar eleições #boato","399"
"3319","https://www.boatos.org/entretenimento/pai-gibis-espancado-taxistas-uber.html","Pai que vende gibis foi espancado por taxistas por ser Uber e vai ganhar carro #boato","575"
"3320","https://www.boatos.org/entretenimento/paolla-oliveira-prostituicao-unica-forma-sobrevivencia-atrizes-globo-bolsonaro-reeleito.html","Paolla Oliveira diz que prostituição será a única forma de sobrevivência de atrizes da Globo se Bolsonaro for reeleito #boato","677"
"3321","https://www.boatos.org/entretenimento/paolla-oliveira-vai-ser-processada-por-banco-por-revelar-investimento-de-criptomoedas-no-programa-do-bial.html","Golpe manjado cita investimento em criptomoedas de Paolla Oliveira e processo de banco","603"
"3322","https://www.boatos.org/entretenimento/papa-leao-xiv-escolheu-roberto-carlos-para-missao-especial.html","Vídeo que fala que Papa Leão XIV “escolheu” Roberto Carlos é um fake criado por IA","519"
"3323","https://www.boatos.org/entretenimento/patricia-abravanel-esta-dando-premios-de-ate-r-50-mil-para-quem-responder-a-mensagem.html","É falso que Patrícia Abravanel esteja dando prêmios de até R$ 50 mil para quem responder a mensagem","625"
"3324","https://www.boatos.org/entretenimento/peca-macaquinhos-vai-voltar-ser-exibida-dinheiro-lei-rouanet.html","Peça Macaquinhos vai voltar a ser exibida com dinheiro da Lei Rouanet #boato","436"
"3325","https://www.boatos.org/entretenimento/pedro-bial-chora-ao-vivo-durante-entrevista-com-nikolas-ferreira.html","É falso que Pedro Bial tenha chorado durante entrevista com Nikolas Ferreira na TV","583"
"3326","https://www.boatos.org/entretenimento/pilula-para-emagrecer-unicamp-luciano-huck.html","Pílula para emagrecer da Unicamp ganha investimento de Luciano Huck #boato","1105"
"3327","https://www.boatos.org/entretenimento/poema-mae-e-quem-fica-foi-escrito-por-cora-coralina.html","Texto “Mãe é quem fica” atribuído a Cora Coralina não é de sua autoria","841"
"3328","https://www.boatos.org/entretenimento/porta-dos-fundos-fabio-porchat-admitem-que-recebem-fortuna-da-lei-rouanet.html","Porta dos Fundos e Fábio Porchat admitem que recebem fortuna da Lei Rouanet #boato","429"
"3329","https://www.boatos.org/entretenimento/procurando-dory-cenas-casal-gay.html","Procurando Dory terá cenas pesadas de casal gay #boato","422"
"3330","https://www.boatos.org/entretenimento/rafa-kalimann-teve-entrevista-censurada-apos-revelar-investimento-milionario.html","Rafa Kalimann não revelou segredo milionário e nem teve entrevista censurada","1179"
"3331","https://www.boatos.org/entretenimento/raio-mata-folioes-trio-eletrico-durante-carnaval-2023-brasil.html","Raio mata foliões em trio elétrico durante Carnaval 2023 no Brasil #boato","486"
"3332","https://www.boatos.org/entretenimento/raul-gil-foi-abandonado-em-asilo-pela-familia.html","É falso que Raul Gil tenha sido deixado em asilo por familiares","568"
"3333","https://www.boatos.org/entretenimento/regina-duarte-morreu-aos-78-anos-de-idade-em-2025.html","É falso que Regina Duarte morreu aos 78 anos de idade em 2025","614"
"3334","https://www.boatos.org/entretenimento/renata-vasconcellos-vai-para-record-globo-ladeira-abaixo.html","Renata Vasconcellos vai para Record porque Globo está ladeira abaixo #boato","427"
"3335","https://www.boatos.org/entretenimento/revista-quem-globo-pagou-a-fianca-de-daniel-alves-na-espanha.html","É falso que foi a revista Quem (da Globo) que teria pago a fiança de Daniel Alves na Espanha","640"
"3336","https://www.boatos.org/entretenimento/riachuelo-suspendeu-a-veiculacao-comerciais-globo.html","Riachuelo anuncia que suspendeu a veiculação de comerciais na Globo #boato","477"
"3337","https://www.boatos.org/entretenimento/rick-harrison-do-trato-feito-foi-condenado-a-prisao-perpetua.html","Fake news afirma que Rick Harrison, do Trato Feito, foi condenado à prisão","498"
"3338","https://www.boatos.org/entretenimento/robert-de-niro-escreve-texto-sobre-50-anos-de-casamento-e-conselho-da-esposa.html","É falso que Robert de Niro tenha escrito texto sobre 50 anos de casamento","616"
"3339","https://www.boatos.org/entretenimento/roberto-carlos-e-humilhado-por-luciano-huck-por-falar-de-jesus-na-tv-globo.html","É falso que Roberto Carlos tenha sido humilhado por falar de Jesus para Luciano Huck","478"
"3340","https://www.boatos.org/entretenimento/roberto-carlos-fez-desabafo-sobre-caminhada-de-nikolas-ferreira.html","É falso que Roberto Carlos tenha feito desabafo sobre caminhada de Nikolas Ferreira","676"
"3341","https://www.boatos.org/entretenimento/roberto-carlos-foi-barrado-por-segurancas-em-shopping-e-deu-licao-de-vida.html","É falso que Roberto Carlos tenha sido barrado por seguranças em shopping e dado lição de vida","936"
"3342","https://www.boatos.org/entretenimento/roberto-carlos-foi-insultado-por-ateus-mas-ergueu-a-biblia-e-fez-um-milagre.html","História que aponta que Roberto Carlos foi insultado por ateus na praia é fictícia e criada por IA","807"
"3343","https://www.boatos.org/entretenimento/roberto-carlos-parou-show-em-brasilia-para-elogiar-bolsonaro.html","Vídeo sobre Roberto Carlos elogiando Bolsonaro em show é falso e gerado por IA","1677"
"3344","https://www.boatos.org/entretenimento/roberto-carlos-pediu-ajuda-a-trump-para-salvar-bolsonaro-em-show-no-rio.html","É falso que Roberto Carlos tenha interrompido show para pedir a Trump que ‘salve’ Bolsonaro","646"
"3345","https://www.boatos.org/entretenimento/roberto-carlos-recebeu-nikolas-ferreira-como-convidado-especial-em-seu-show.html","É falso que Roberto Carlos tenha convidado Nikolas Ferreira para subir no palco em show de fim de ano","1310"
"3346","https://www.boatos.org/entretenimento/rock-in-rio-e-financiado-pela-lei-rouanet.html","É falso que o Rock in Rio seja financiado pela Lei Rouanet","444"
"3347","https://www.boatos.org/entretenimento/scheila-carvalho-morreu-apos-tragedia-com-seu-bebe.html","Postagens caça-clique em redes sociais inventam morte de Scheila Carvalho para viralizar","736"
"3348","https://www.boatos.org/entretenimento/seis-pessoas-overdose-cocaina-rock-rio-2019.html","Seis pessoas morreram de overdose de cocaína no Rock in Rio 2019 #boato","562"
"3349","https://www.boatos.org/entretenimento/sergio-reis-escreveu-carta-sobre-ditadura-diario-de-sao-paulo.html","Sérgio Reis escreveu carta sobre Ditadura no Diário de São Paulo hoje #boato","902"
"3350","https://www.boatos.org/entretenimento/show-de-junior-lima-ficou-vazio-apos-ele-falar-sem-anistia.html","É falso que show de Junior Lima ficou vazio após posicionamento político","564"
"3351","https://www.boatos.org/entretenimento/show-do-titas-em-sao-paulo-ficou-vazio-por-causa-de-lula.html","Show do Titãs em São Paulo ficou vazio por causa de Lula #boato","831"
"3352","https://www.boatos.org/entretenimento/silvio-santos-faz-compras-na-25-de-marco-usa-relogio-de-r-25-fala-de-jesus.html","Silvio Santos faz compras na 25 de Março, usa relógio de R$ 25 e fala de Jesus #boato","640"
"3353","https://www.boatos.org/entretenimento/silvio-santos-morreu-em-janeiro-de-2023.html","Silvio Santos morreu em janeiro de 2023 #boato","376"
"3354","https://www.boatos.org/entretenimento/silvio-santos-roque-lanchonete.html","Silvio Santos conheceu Roque pedindo emprego em lanchonete #boato","440"
"3355","https://www.boatos.org/entretenimento/singer-vende-maquina-de-costura-com-desconto-em-anuncio-gravado-por-rodrigo-faro.html","Golpe usa vídeo de Rodrigo Faro dublado com IA e fala de máquinas da Singer com desconto","491"
"3356","https://www.boatos.org/entretenimento/tata-werneck-revelou-plataforma-de-investimento-e-foi-processada.html","Nome de Tatá Werneck é associada a golpe com criptomoedas após entrevista com Bial","811"
"3357","https://www.boatos.org/entretenimento/texto-a-velhice-nao-aceita-despreparo-e-de-robert-de-niro.html","Texto “A velhice não aceita despreparo” não foi escrito por Robert De Niro","631"
"3358","https://www.boatos.org/entretenimento/texto-deixem-me-envelhecer-e-de-autoria-de-mario-quintana.html","Mário Quintana não é o autor do texto “Deixem-me Envelhecer” como aponta publicação","902"
"3359","https://www.boatos.org/entretenimento/texto-militar-e-incompetente-demais-foi-escrito-por-millor-fernandes.html","Texto “militar é incompetente demais” é falsamente atribuído a Millôr Fernandes","1231"
"3360","https://www.boatos.org/entretenimento/texto-viva-a-medicina-sobre-encontro-em-motel-e-de-luis-fernando-verissimo.html","Texto “Viva a Medicina” não é de autoria de Luis Fernando Verissimo","628"
"3361","https://www.boatos.org/entretenimento/tom-cruise-declara-apoio-a-bolsonaro-mostra-video.html","Tom Cruise declara apoio a Bolsonaro, mostra vídeo #boato","683"
"3362","https://www.boatos.org/entretenimento/tre-faz-repost-de-campanha-de-anitta-fora-bolsonaro.html","TRE faz repost de campanha de Anitta “Fora, Bolsonaro” #boato","837"
"3363","https://www.boatos.org/entretenimento/vencedor-the-voice-internacional-musica-brasileira.html","Vencedor do The Voice Internacional fez jurados virarem com música brasileira #boato","613"
"3364","https://www.boatos.org/entretenimento/video-intimo-anitta-vaza.html","Vídeo de Anitta com bandidos após baile funk vaza na web #boato","636"
"3365","https://www.boatos.org/entretenimento/video-mostra-quadrigemeos-cantando-musica-dos-bee-gees.html","Vídeo de quadrigêmeos cantando música “How Deep is Your Love” do Bee Gees é montagem","604"
"3366","https://www.boatos.org/entretenimento/virginia-fonseca-anunciou-que-esta-gravida-de-vini-jr.html","É falso que Virginia Fonseca anunciou que está grávida de Vini Jr.","518"
"3367","https://www.boatos.org/entretenimento/wagner-moura-descobre-vai-ser-expulso-dos-eua-por-trump-e-entra-em-desespero.html","É falso que Wagner Moura tenha descoberto que vai ser expulso dos EUA por Trump","718"
"3368","https://www.boatos.org/entretenimento/wagner-moura-e-dono-de-uma-mercedes-benz-g-wagon-que-custa-r-2-milhoes.html","Não é de Wagner Moura a Mercedes-Benz G-Wagon que viralizou em vídeo","716"
"3369","https://www.boatos.org/entretenimento/will-smith-morre-durante-assalto-sua-mansao.html","Will Smith morre durante assalto em sua mansão #boato","419"
"3370","https://www.boatos.org/entretenimento/will-smith-morreu-em-um-acidente-de-carro-em-marco-de-2025.html","É falso que Will Smith tenha morrido em acidente de carro em março de 2025","418"
"3371","https://www.boatos.org/entretenimento/xuxa-foi-internada-em-hospital-com-cancer-e-esta-em-luto.html","Ao contrário do que aponta mensagem, Xuxa não foi internada com câncer nem está em luto","469"
"3372","https://www.boatos.org/entretenimento/ze-felipe-traiu-ana-castela-e-esse-foi-o-motivo-do-termino.html","É falso que traição tenha sido o pivô da separação entre Zé Felipe e Ana Castela","524"
"3373","https://www.boatos.org/entretenimento/ze-ramalho-gravou-parodia-o-satanas-em-homenagem-a-lula.html","Zé Ramalho gravou paródia “O Satanás” em homenagem a Lula #boato","662"
"3374","https://www.boatos.org/entretenimento/zeca-pagodinho-defendeu-diarista-humilhada-em-sua-festa.html","História de Zeca Pagodinho defendendo diarista em festa é invenção criada por IA","666"
"3375","https://www.boatos.org/entretenimento/ziraldo-papa-fogo-amazonia-pantanal.html","Ziraldo diz que o papa vê fogo na Amazônia e Pantanal, mas não vê fome na Venezuela #boato","695"
"3376","https://www.boatos.org/esporte/10-fake-news-flamengo-libertadores.html","10 Fake news que viralizaram na internet após o Flamengo ganhar a Libertadores","352"
"3377","https://www.boatos.org/esporte/4-tipos-de-noticias-falsas-de-esportes-que-sacudiram-a-internet.html","4 tipos de notícias falsas de esportes que sacudiram a internet","546"
"3378","https://www.boatos.org/esporte/6-fake-news-sobre-flamengo-corinthians-sao-paulo-e-palmeiras-que-viralizaram-na-web.html","6 fake news sobre Flamengo, Corinthians, São Paulo e Palmeiras que viralizaram na web","487"
"3379","https://www.boatos.org/esporte/a-caixa-colocou-a-neo-quimica-arena-a-venda-por-causa-de-divida-do-corinthians.html","É falso que a Caixa vendeu a Neo Química Arena por dívida do Corinthians","598"
"3380","https://www.boatos.org/esporte/a-fifa-reconheceu-o-remo-como-campeao-mundial-ou-de-titulo-internacional.html","História que aponta que a FIFA reconheceu título internacional ou Mundial do Remo é falsa","1041"
"3381","https://www.boatos.org/esporte/abel-ferreira-foi-demitido-do-palmeiras-apos-derrota-na-libertadores.html","Fake caça-cliques aponta que Abel Ferreira teria sido demitido do Palmeiras após derrota na Libertadores","657"
"3382","https://www.boatos.org/esporte/aeromoca-causou-confusao-em-voo-largou-emprego-ganhar-jogo-online.html","É falso que aeromoça tenha ganhado bolada em jogo online e causado confusão em voo","867"
"3383","https://www.boatos.org/esporte/analise-boato-gunther-schweitzer-denuncia-que-brasil-vendeu-copa.html","Análise do boato: Gunther Schweitzer denuncia que Brasil vendeu a Copa","1281"
"3384","https://www.boatos.org/esporte/apostar-online-nao-e-seguro-e-trata-se-de-golpe.html","Apostar online não é seguro e trata-se de golpe #boato","598"
"3385","https://www.boatos.org/esporte/apresentacao-na-abertura-dos-olimpiadas-de-paris-foi-de-santa-ceia-gay.html","Apresentação na abertura das Olimpíadas não é de representação de Santa Ceia","472"
"3386","https://www.boatos.org/esporte/azul-personalizou-aviao-cores-flamengo-transportes-aereos.html","Azul personalizou um avião com as cores do Flamengo para fazer transportes aéreos #boato","493"
"3387","https://www.boatos.org/esporte/barcelona-de-guayaquil-tem-jogadores-pegos-no-doping-e-e-eliminado-pela-conmebol-da-libertadores.html","É falso que o Barcelona de Guayaquil tenha sido eliminado da Libertadores por doping","642"
"3388","https://www.boatos.org/esporte/belgica-desiste-disputar-olimpiadas.html","Bélgica desiste de disputar as Olimpíadas #boato","468"
"3389","https://www.boatos.org/esporte/boatos-de-cassinos-online-desmascarados.html","Boatos de cassinos online desmascarados","1648"
"3390","https://www.boatos.org/esporte/bolsonaro-e-aplaudido-antes-de-jogo-do-palmeiras-na-final-do-paulistao-2023.html","Bolsonaro é aplaudido antes de jogo do Palmeiras na final do Paulistão 2023 #boato","647"
"3391","https://www.boatos.org/esporte/boxeadora-imane-khelif-e-uma-mulher-trans-homem-e-fez-italiana-angela-carini-desistir-de-luta-na-olimpiadas-por-isso.html","Boxeadora argelina não é mulher trans, homem e desistência de adversária não tem relação com gênero","667"
"3392","https://www.boatos.org/esporte/brasil-perdeu-a-copa-para-dilma-perder-as-eleicoes.html","Brasil perdeu a Copa para Dilma perder as eleições","864"
"3393","https://www.boatos.org/esporte/brasil-pode-ser-expulso-olimpiadas-causa-sopa-sushi.html","Brasil pode ser expulso das Olimpíadas por causa de sopa de sushi #boato","439"
"3394","https://www.boatos.org/esporte/brasil-vendeu-a-partida-contra-croacia-para-fifa-no-escandalo-que-todo-mundo-suspeitava-boato.html","Brasil vendeu a partida contra Croácia para Fifa no escândalo que todo mundo suspeitava #boato","890"
"3395","https://www.boatos.org/esporte/cabo-daciolo-e-pai-do-goleiro-gabriel-brazao-do-santos.html","É falso que Cabo Daciolo seja pai do goleiro Gabriel Brazão, do Santos","496"
"3396","https://www.boatos.org/esporte/cafu-processado-banco-nacional-do-brasil-entrevista-investimentos.html","Golpe de plataforma de investimentos cita “recomendação” de Cafu em entrevista que nunca existiu","416"
"3397","https://www.boatos.org/esporte/camisa-da-selecao-brasileira-na-copa-sera-vermelha-por-ordem-do-pt-e-lula.html","É falso que camisa vermelha da seleção brasileira tenha relação com PT e Lula","633"
"3398","https://www.boatos.org/esporte/cavaleiro-do-apocalipse-e-anticristo-estiveram-na-cerimonia-de-abertura-das-olimpiadas.html","Cerimônia de abertura das Olimpíadas não teve Cavaleiro do Apocalipse e anticristo","419"
"3399","https://www.boatos.org/esporte/celso-roth-sera-o-novo-tecnico-do-gremio-em-2025.html","Não é verdade que Grêmio tenha contratado Celso Roth como técnico para 2025","397"
"3400","https://www.boatos.org/esporte/corinthians-da-camisa-gratis-em-quiz-de-comemoracao-ao-campeonato-paulista.html","Golpe do quiz com camisa do Corinthians volta a circular após título do Campeonato Paulista","620"
"3401","https://www.boatos.org/esporte/corinthians-lula-campeonato-paulista.html","Corinthians faz homenagem a Lula na final do Campeonato Paulista 2018 #boato","582"
"3402","https://www.boatos.org/esporte/corinthians-publica-nota-de-repudio-copa-america-2021-brasil.html","Corinthians publicou nota de repúdio sobre a Copa América 2021 no Brasil #boato","537"
"3403","https://www.boatos.org/esporte/dele-alli-challenge-illuminati.html","Dele Alli challenge reproduz Olho de Hórus e é dos Illuminati e do demônio #boato","939"
"3404","https://www.boatos.org/esporte/e-falso-que-neymar-tenha-divulgado-o-jogo-do-tigrinho.html","É falso que Neymar tenha divulgado o “jogo do Tigrinho”","783"
"3405","https://www.boatos.org/esporte/edmundo-diz-que-enquanto-a-alegria-for-ver-o-flamengo-perder-vasco-seguira-como-time-pequeno-boato.html","Edmundo diz que “enquanto a alegria for ver o Flamengo perder, Vasco seguirá como time pequeno” #boato","382"
"3406","https://www.boatos.org/esporte/el-pais-corinthians-ajudado-arbitragem.html","El País diz que o Corinthians é o time mais ajudado pela arbitragem no mundo #boato","583"
"3407","https://www.boatos.org/esporte/equipes-brasileiras-de-esports-sao-patrocinadas-por-sites-de-apostas-sem-autorizacao-da-riot-games.html","Equipes brasileiras de eSports são patrocinadas por sites de apostas sem autorização da Riot Games?","774"
"3408","https://www.boatos.org/esporte/fifa-cancelou-copa-de-2026-nos-eua-por-causa-de-trump.html","Vídeo afirma que FIFA retirou Copa de 2026 dos EUA por causa da política de Trump","813"
"3409","https://www.boatos.org/esporte/fifa-desclassificou-bayern-e-flamengo-voltou-a-copa-do-mundo-de-clubes-com-jorge-jesus.html","Fake news inventa que Flamengo voltou à Copa do Mundo de Clubes após punição da FIFA ao Bayern de Munique","619"
"3410","https://www.boatos.org/esporte/final-do-boxe-feminino-sera-disputada-por-dois-homens-nas-olimpiadas.html","É falso que final do boxe feminino será disputada por dois homens","524"
"3411","https://www.boatos.org/esporte/flamengo-suspenso-conmebol-libertadores.html","Flamengo é suspenso por dois anos pela Conmebol e está fora da Libertadores #boato","708"
"3412","https://www.boatos.org/esporte/flamengo-vai-comprar-100-do-maracana-por-r-1-bilhao.html","Não é verdade que Flamengo vá comprar 100% do Maracanã por R$ 1 bilhão","1055"
"3413","https://www.boatos.org/esporte/gabigol-foi-absolvido-por-4-votos-a-1-e-tem-efeito-suspensivo-deferido.html","É falso que Gabigol tenha sido absolvido por 4 votos a 1 e poderá voltar a jogar pelo Flamengo","482"
"3414","https://www.boatos.org/esporte/gerson-ex-jogador-diz-que-tite-politizou-a-selecao-brasileira-em-video.html","Gerson, ex-jogador, diz que Tite politizou a seleção brasileira em vídeo #boato","535"
"3415","https://www.boatos.org/esporte/globo-que-proibir-que-neymar-use-faixa-100-jesus.html","Globo quer proibir que Neymar use faixa 100% Jesus","561"
"3416","https://www.boatos.org/esporte/goleiro-bruno-foi-envenenado-esta-estado-grave.html","Goleiro Bruno foi envenenado e está em estado grave #boato","580"
"3417","https://www.boatos.org/esporte/hoax-goleiro-mexicano-ochoa-que-fechou-gol-contra-o-brasil-tem-seis-dedos.html","Hoax: Goleiro mexicano Ochoa, que fechou gol contra o Brasil, tem seis dedos","422"
"3418","https://www.boatos.org/esporte/informacao-errada-interpol-investiga-fraude-em-jogos-da-copa-mundo-2014.html","Informação errada: Interpol investiga fraude em jogos da Copa do Mundo 2014","496"
"3419","https://www.boatos.org/esporte/internacional-sofreu-punicao-e-foi-rebaixado-para-a-serie-b-do-brasileirao-em-2025.html","É falso que Internacional sofreu punição e foi rebaixado para a Série B do Brasileirão em 2025","1113"
"3420","https://www.boatos.org/esporte/italo-ferreira-disse-meu-maior-premio-seria-ver-lula-na-cadeia-new-york-times.html","Ítalo Ferreira disse “meu maior prêmio seria ver o Lula na cadeia” ao New York Times #boato","514"
"3421","https://www.boatos.org/esporte/jorge-jesus-deixar-flamengo-esposa-descobriu-amante.html","Jorge Jesus vai deixar o Flamengo porque esposa descobriu uma amante dele no Rio #boato","889"
"3422","https://www.boatos.org/esporte/jovem-patinador-de-gelo-ficou-cego-apos-sua-mae-pular-da-janela-para-salvar-de-incendio.html","Patinador no gelo em vídeo não é cego e não perdeu mãe que pulou de prédio em incêndio","938"
"3423","https://www.boatos.org/esporte/junior-cigano-briga-bar.html","Júnior Cigano briga em bar #boato","496"
"3424","https://www.boatos.org/esporte/kaka-declarou-apoio-a-lula-para-as-eleicoes-de-2026.html","Vídeo de Kaká declarando apoio a Lula em 2026 é fake criado por IA","585"
"3425","https://www.boatos.org/esporte/lewis-hamilton-ajudou-zelador-john-de-79-anos-que-reencontrou-em-sua-escola.html","História de Lewis Hamilton ajudando zelador idoso John é invenção criada por IA","611"
"3426","https://www.boatos.org/esporte/lewis-hamilton-elogia-bolsonaro-gp-brasil-formula-1.html","Lewis Hamilton elogia Bolsonaro após GP do Brasil de Fórmula 1 #boato","602"
"3427","https://www.boatos.org/esporte/lucas-paqueta-foi-banido-do-futebol-por-manipulacao-de-resultados.html","Paquetá não foi banido do futebol; decisão oficial ainda não foi divulgada","664"
"3428","https://www.boatos.org/esporte/marinho-jogador-flamengo-assume-gay.html","Marinho, jogador do Flamengo, assume que é gay #boato","465"
"3429","https://www.boatos.org/esporte/memphis-depay-beijou-a-arbitra-edina-alves-durante-jogo-do-corinthians.html","Vídeo que mostra Memphis Depay beijando Edina Alves foi criado com IA","420"
"3430","https://www.boatos.org/esporte/messi-pagou-a-fianca-para-tirar-daniel-alves-da-prisao.html","Não há qualquer prova ou indício de que Messi tenha pago a fiança para Daniel Alves sair da prisão na Espanha","474"
"3431","https://www.boatos.org/esporte/milhares-de-pessoas-cancelaram-ingressos-para-copa-do-mundo-por-causa-de-donald-trump.html","É falso que milhares de pessoas cancelaram ingressos para Copa do Mundo por causa de Donald Trump","776"
"3432","https://www.boatos.org/esporte/nao-e-possivel-jogar-com-seguranca-e-gratuitamente-na-internet.html","Não é possível jogar com segurança e gratuitamente na internet?","756"
"3433","https://www.boatos.org/esporte/nao-e-verdade-que-casas-de-apostas-manipularam-resultados-do-brasileirao-serie-a.html","Não é verdade que casas de apostas manipularam resultados do Brasileirão Série A","589"
"3434","https://www.boatos.org/esporte/nao-e-verdade-que-zico-declarou-que-ele-e-a-familia-torciam-para-o-fluminense-na-epoca-em-que-ele-era-crianca.html","Não é verdade que Zico declarou que ele e a família torciam para o Fluminense na época em que era criança","433"
"3435","https://www.boatos.org/esporte/neymar-anuncia-a-compra-da-empresa-aerea-voepass.html","Ao contrário do que apontam mensagens, Neymar não comprou a Voepass e nem vai criar a Neypass","666"
"3436","https://www.boatos.org/esporte/neymar-comprou-mansao-suspensa-que-pode-ser-acessada-so-por-aviao.html","É falso que Neymar tenha comprado mansão suspensa que pode ser acessada só por avião","601"
"3437","https://www.boatos.org/esporte/neymar-disse-que-jorge-jesus-e-ancelotti-sao-fracos-e-que-nao-volta-a-selecao-brasileira-se-portugues-for-novo-tecnico.html","Vídeo em que Neymar critica Jorge Jesus e Ancelotti foi criado por IA","779"
"3438","https://www.boatos.org/esporte/neymar-foi-processado-pelo-banco-itau-por-revelar-investimento-em-criptomoedas.html","Golpe cita o nome de Neymar e investimento em criptomoedas em entrevista","674"
"3439","https://www.boatos.org/esporte/novak-djokovic-ajudou-john-zelador-de-escola-que-ainda-trabalha-aos-79-anos.html","História de Novak Djokovic ajudando zelador John, de 79 anos, em escola é falsa","1430"
"3440","https://www.boatos.org/esporte/os-mitos-mais-populares-da-industria-de-cassinos.html","Os mitos mais populares da indústria de cassinos","734"
"3441","https://www.boatos.org/esporte/os-simpsons-previram-a-camisa-vermelha-do-brasil.html","Os Simpsons previram a camisa vermelha do Brasil?","644"
"3442","https://www.boatos.org/esporte/os-simpsons-previram-titulo-do-fluminense-no-mundial-de-clubes.html","Vídeo falso mostra “previsão” dos Simpsons sobre título do Fluminense","644"
"3443","https://www.boatos.org/esporte/pabllo-vittar-hino-copa.html","Pabllo Vittar vai cantar Hino Nacional na estreia do Brasil na Copa #boato","465"
"3444","https://www.boatos.org/esporte/panini-faz-oferta-especial-de-album-e-figurinhas-da-copa-do-mundo-2026-em-site-anunciado-em-redes-sociais.html","Golpe cita que Panini fez oferta especial de álbum e figurinhas da Copa do Mundo 2026 em site anunciado em redes sociais","770"
"3445","https://www.boatos.org/esporte/patinador-cego-danca-la-cumparsita-pista-de-gelo.html","Patinador cego dança música La Cumparsita em pista de gelo #boato","729"
"3446","https://www.boatos.org/esporte/patinador-cego-faz-performance-gelo-som-la-cumparsita-video.html","Patinador cego faz performance no gelo ao som de La Cumparsita, mostra vídeo #boato","728"
"3447","https://www.boatos.org/esporte/pele-morreu-hoje-2019.html","Pelé morreu hoje pela manhã, em 2019, aos 79 anos de idade #boato","469"
"3448","https://www.boatos.org/esporte/philippe-coutinho-vasco-vergonha.html","Philippe Coutinho diz que Vasco foi uma vergonha para sua carreira profissional #boato","489"
"3449","https://www.boatos.org/esporte/presidente-do-comite-organizador-quem-levantar-bandeira-lgbt-durante-copa-do-mundo-ficar-preso-7-a-11-anos.html","Quem usar a bandeira LGBT na Copa do Mundo vai ser preso, diz presidente do Comitê Organizador #boato","644"
"3450","https://www.boatos.org/esporte/rayssa-leal-declarou-apoio-a-bolsonaro-apos-ganhar-medalha-nas-olimpiadas.html","É falso que Rayssa Leal tenha declarado apoio a Bolsonaro após ganhar medalha nas Olimpíadas","484"
"3451","https://www.boatos.org/esporte/rayssa-leal-foi-punida-por-causa-de-gesto-religioso-que-fez-nas-olimpiadas.html","É falso que Rayssa Leal tenha sido punida por gesto religioso em competição de skate","492"
"3452","https://www.boatos.org/esporte/relogio-que-notificou-penalti-perdido-pelo-bahia-prova-mafia-das-casas-de-apostas-no-futebol.html","Relógio que notificou pênalti perdido pelo Bahia não prova máfia das casas de apostas no futebol","757"
"3453","https://www.boatos.org/esporte/roberto-carlos-esta-falido-e-morando-no-ct-do-real-madrid.html","Roberto Carlos nega que esteja morando no CT do Real Madrid","574"
"3454","https://www.boatos.org/esporte/salah-elogia-bolsonaro-dedica-gols-presidente-brasil.html","Salah elogia Bolsonaro e dedica gols a presidente do Brasil #boato","647"
"3455","https://www.boatos.org/esporte/suspeita-doping-tirar-titulo-flamengo-libertadores.html","Suspeita de doping pode tirar o título do Flamengo na Libertadores #boato","407"
"3456","https://www.boatos.org/esporte/temer-suspende-bolsas-atletas.html","Governo Temer vai suspender bolsa a atletas após as Olimpíadas #boato","852"
"3457","https://www.boatos.org/esporte/todos-os-casinos-online-sao-fraudulentos-boato.html","Todos os Casinos Online São Fraudulentos #Boato","985"
"3458","https://www.boatos.org/esporte/todos-os-cassinos-online-nao-sao-regulamentados.html","Todos os cassinos online não são regulamentados?","508"
"3459","https://www.boatos.org/esporte/todos-os-cassinos-pix-nao-sao-confiaveis.html","Todos os cassinos Pix não são confiáveis?","674"
"3460","https://www.boatos.org/esporte/torcedora-argentina-policia-russa-moscou.html","Torcedora argentina sofre com violência policial em Moscou #boato","339"
"3461","https://www.boatos.org/esporte/torcida-atletico-mg-xinga-lula-brasileirao-2021.html","Torcida do Atlético (MG) xinga Lula durante jogo do Brasileirão 2021 #boato","654"
"3462","https://www.boatos.org/esporte/torcidas-organizadas-fizeram-convocacao-ato-paulista-2502.html","É falso que torcidas organizadas fizeram convocação para “Ato pela Democracia” na Avenida Paulista em 25/02","758"
"3463","https://www.boatos.org/esporte/uefa-convidou-flamengo-para-jogar-a-champions-league.html","É falso que UEFA tenha convidado o Flamengo para jogar a Champions League","613"
"3464","https://www.boatos.org/esporte/video-mostra-simbolo-da-copa-do-catar-uma-animacao-em-predio-arranha-ceu.html","Vídeo mostra símbolo da Copa do Catar, uma animação em um prédio arranha-céu #boato","749"
"3465","https://www.boatos.org/esporte/virus-logotipo-da-copa-mundo-tem-mensagem-subliminar.html","Vírus: logotipo da Copa do Mundo tem mensagem subliminar","355"
"3466","https://www.boatos.org/esporte/yuri-alberto-foi-pego-no-antidoping-e-expulso-do-corinthians.html","É falso que Yuri Alberto foi pego no antidoping por uso de drogas e expulso do Corinthians","819"
"3467","https://www.boatos.org/esporte/zico-foi-humilhado-ao-vivo-por-anitta-na-tv.html","Vídeo de Zico sendo humilhado por Anitta é criação falsa por IA","433"
"3468","https://www.boatos.org/fast-checking/boato-sem-comprovacao-jair-renan-bolsonaro-teve-relacionamento-amoroso-com-ex-assessor.html","Boato sem comprovação: Jair Renan Bolsonaro teve relacionamento amoroso com ex-assessor","267"
"3469","https://www.boatos.org/fast-checking/boato-sem-comprovacao-neymar-pediu-a-demissao-de-jorge-jesus-do-al-hilal.html","Boato sem comprovação: Neymar pediu a demissão de Jorge Jesus do Al-Hilal","246"
"3470","https://www.boatos.org/fast-checking/boato-sem-comprovacao-silas-malafaia-processou-aeromoca-em-2009.html","Boato sem comprovação: Silas Malafaia processou aeromoça em 2009","322"
"3471","https://www.boatos.org/fast-checking/enganoso-pelo-de-rato-foi-encontrado-pela-anvisa-em-extrato-de-tomate-em-2023.html","Enganoso: pelo de rato foi encontrado pela Anvisa em extrato de tomate em 2023","214"
"3472","https://www.boatos.org/fast-checking/fake-news-assaltantes-usam-carro-falso-da-copasa-para-realizar-assaltos.html","Fake news: assaltantes usam carro falso da Copasa para realizar assaltos","494"
"3473","https://www.boatos.org/fast-checking/fake-news-brasileirao-pode-ser-paralisado-porque-120-jogadores-se-envolveram-em-esquema-de-apostas.html","Fake news: Brasileirão pode ser paralisado porque 120 jogadores se envolveram em esquema de apostas","356"
"3474","https://www.boatos.org/fast-checking/fake-news-deltan-dallagnol-foi-agredido-por-militantes-de-esquerda.html","Fake news: Deltan Dallagnol foi agredido por militantes de esquerda","209"
"3475","https://www.boatos.org/fast-checking/fake-news-empresario-dalcoquio-mandou-todos-caminhoneiros-pararem-em-janeiro-de-2023.html","Fake News: empresário Dalçóquio mandou todos caminhoneiros pararem em janeiro de 2023","199"
"3476","https://www.boatos.org/fast-checking/fake-news-exercito-invade-cabo-frio-de-paraquedas-para-decretar-intervencao-militar.html","Fake news: Exército invade Cabo Frio de paraquedas para decretar intervenção militar","140"
"3477","https://www.boatos.org/fast-checking/fake-news-hoje-a-lua-contornara-a-cabala-e-zainudin-kabaev-curandeiro-astana-tem-mensagem.html","Fake News: Hoje a Lua contornará a Cabala e Zainudin Kabaev (curandeiro Astana) tem mensagem","657"
"3478","https://www.boatos.org/fast-checking/fake-news-lula-mudou-as-cores-do-palacio-do-planalto-em-homenagem-ao-pt.html","Fake News: Lula mudou as cores do Palácio do Planalto em homenagem ao PT","231"
"3479","https://www.boatos.org/fast-checking/fake-news-mulher-da-china-com-barriga-gigante-esta-gravida-de-nove-bebes.html","Fake news: mulher da China com barriga gigante está grávida de nove bebês","216"
"3480","https://www.boatos.org/fast-checking/fake-news-onu-apresentou-estatua-com-a-imagem-da-besta-do-apocalipse.html","Fake news: ONU apresentou estátua com a imagem da besta do apocalipse","320"
"3481","https://www.boatos.org/fast-checking/fake-news-renato-ex-jogador-do-santos-morreu-em-dezembro-de-2022.html","Fake news: Renato, ex-jogador do Santos, morreu em dezembro de 2022","181"
"3482","https://www.boatos.org/fast-checking/fake-news-video-mostra-que-ibama-esta-sem-dinheiro-no-governo-lula.html","Fake news: vídeo mostra que Ibama está sem dinheiro no governo Lula","130"
"3483","https://www.boatos.org/fast-checking/tom-cruise-morreu-hoje-e-perdemos-o-icone.html","Fake news: Tom Cruise morreu hoje e estamos de luto","200"
"3484","https://www.boatos.org/lista/30-fake-news-sobre-o-papa-francisco-que-circularam-do-seu-pontificado-ate-sua-morte.html","30 fake news sobre o papa Francisco que circularam do seu pontificado até sua morte","415"
"3485","https://www.boatos.org/lista/5-mitos-errados-sobre-a-industria-dos-jogos-ate-2025.html","5 mitos errados sobre a indústria dos jogos até 2025","383"
"3486","https://www.boatos.org/lista/5-mitos-sobre-o-jogo-de-poquer-ser-glamouroso-como-mostrado-nos-filmes.html","5 mitos sobre o jogo de pôquer ser glamouroso como mostrado nos filmes","1119"
"3487","https://www.boatos.org/lista/7-golpes-online-comuns-e-como-evita-los.html","7 golpes online comuns e como evitá-los","1600"
"3488","https://www.boatos.org/lista/7-mitos-comuns-sobre-a-carreira-em-ti.html","7 mitos comuns sobre a carreira em TI","973"
"3489","https://www.boatos.org/lista/a-semana-em-fakes-01-2026-nicolas-maduro-golpe-do-assai-e-a-verdade-sobre-jennifer-quintana.html","A Semana em Fakes #01/2026: Nicolás Maduro, golpe do Assaí e a verdade sobre Jennifer Quintana","705"
"3490","https://www.boatos.org/lista/listamos-seis-tipos-de-fraudes-que-ocorrem-na-internet.html","Listamos seis tipos de fraudes que ocorrem na internet","399"
"3491","https://www.boatos.org/lista/o-melhor-de-2025-no-boatos-org-por-edgard-matsuki.html","O melhor de 2025 no Boatos.org, por Edgard Matsuki","980"
"3492","https://www.boatos.org/lista/relembre-cinco-tipos-de-golpes-aplicados-na-internet-em-2026.html","Relembre cinco tipos de golpes aplicados na internet em 2026","1214"
"3493","https://www.boatos.org/lista/retrospectiva-2022-das-fake-news-boatos-org.html","Retrospectiva 2022 das fake news – Boatos.org","363"
"3494","https://www.boatos.org/lista/textos-mais-lidos-de-2018.html","Os 5 textos mais lidos de 2018 no Boatos.org","887"
"3495","https://www.boatos.org/lista/top-4-fake-news-mais-absurdas-sobre-bebes-reborn.html","Top 4 fake news mais absurdas sobre bebês reborn","389"
"3496","https://www.boatos.org/mundo/100-padres-foram-presos-pelo-ice-nos-eua-apos-protesto-contra-prisao-de-imigrantes.html","Não foram 100 padres presos pelo ICE nos EUA após protesto contra prisão de imigrantes","596"
"3497","https://www.boatos.org/mundo/5-golpes-na-florida-que-os-visitantes-precisam-conhecer-antes-da-proxima-viagem.html","5 golpes na Flórida que os visitantes precisam conhecer antes da próxima viagem","632"
"3498","https://www.boatos.org/mundo/7-animais-bizarros-que-ja-apareceram-em-boatos-na-web.html","7 animais bizarros que já apareceram em boatos na web","707"
"3499","https://www.boatos.org/mundo/7-boatos-guerra-siria.html","7 boatos sobre a guerra da Síria que sempre circulam na internet","881"
"3500","https://www.boatos.org/mundo/7-fake-news-sobre-a-venezuela.html","7 fake news sobre a Venezuela que já viralizaram entre internautas brasileiros","982"
"3501","https://www.boatos.org/mundo/a-china-fez-70-do-mundo-abandonar-o-gps-dos-eua.html","É falso que China tenha feito 70% do mundo abandonar o GPS dos EUA","788"
"3502","https://www.boatos.org/mundo/afeganistao-proibe-telefones-celulares-destroi-e-passa-punir-com-pena-de-morte.html","Afeganistão proíbe telefones celulares, os destroem e passa a punir com pena de morte #boato","692"
"3503","https://www.boatos.org/mundo/alemanha-disse-adeus-angela-merkel-seis-minutos-aplausos.html","Alemanha disse adeus a Angela Merkel com seis minutos de aplausos #boato","887"
"3504","https://www.boatos.org/mundo/aliens-sao-capturados-pela-policia-dos-eua-em-shopping-de-miami.html","Polícia de Miami (EUA) não capturou aliens dentro de um shopping","821"
"3505","https://www.boatos.org/mundo/apagao-mundial-de-tres-dias-ja-comecou-com-blackout-em-paises-da-europa.html","Corte de energia na Europa não tem qualquer relação com fake news do apagão mundial de três dias que circula nas redes sociais","679"
"3506","https://www.boatos.org/mundo/apagao-mundial-vai-ocorrer-em-2025-e-devemos-estocar-agua-comida-e-tirar-dinheiro-dos-bancos.html","Não há qualquer indício de que apagão mundial irá ocorrer em 2025 e que devemos “estocar” e “tirar dinheiro dos bancos","588"
"3507","https://www.boatos.org/mundo/argentina-bloqueia-todas-contas-bancarias.html","Governo da Argentina bloqueia todas contas bancárias do país #boato","666"
"3508","https://www.boatos.org/mundo/argentina-exibiu-outdoor-nova-ordem-mundial.html","Argentina exibiu um outdoor da Nova Ordem Mundial #boato","452"
"3509","https://www.boatos.org/mundo/arroz-plastico-china-brasil.html","Arroz de plástico da China é vendido no Brasil #boato","820"
"3510","https://www.boatos.org/mundo/assassino-de-iryna-zarutska-decarlos-brown-foi-condenado-a-pena-de-morte-nos-eua-e-chorou-no-tribunal.html","É falso que Decarlos Brown, assassino de Iryna Zarutska, já tenha sido condenado à pena de morte e chorado no tribunal","635"
"3511","https://www.boatos.org/mundo/atentado-contra-trump-e-falso-e-nao-passou-de-uma-armacao.html","Acusação de que atentado contra Trump foi armado é falsa, leviana e se baseia em teorias sem sentido","544"
"3512","https://www.boatos.org/mundo/australia-prendeu-200-pessoas-acusadas-causar-incendio.html","Austrália prendeu quase 200 pessoas acusadas causar incêndio doloso #boato","659"
"3513","https://www.boatos.org/mundo/avicultores-suinocultores-atacados-populacao-faminta-argentina.html","Avicultores e suinocultores são atacados pela população faminta na Argentina #boato","617"
"3514","https://www.boatos.org/mundo/baleia-tentou-engolir-lancha-com-tripulantes-em-alto-mar.html","Vídeo que mostraria baleia engolindo tripulantes em alto-mar foi criado com IA","508"
"3515","https://www.boatos.org/mundo/balela-arabe-procura-sete-brasileiras-para-se-casar-e-oferece-100-milhoes.html","Balela: árabe procura sete brasileiras para se casar e oferece 100 milhões","497"
"3516","https://www.boatos.org/mundo/balela-mulher-em-desafio-balde-de-gelo-apos-quebrar-o-pescoco.html","Balela: mulher morre em desafio do balde de gelo após quebrar o pescoço","589"
"3517","https://www.boatos.org/mundo/bandidos-colocam-bichinhos-de-pelucia-em-carros-para-realizar-assaltos.html","Bandidos não estão colocando bichinhos de pelúcia em carros para realizar assaltos","866"
"3518","https://www.boatos.org/mundo/barack-obama-e-o-homem-mais-rico-dos-estados-unidos-e-da-america.html","É falso que Obama seja o homem mais rico dos EUA e tenha fortuna descrita em vídeo","632"
"3519","https://www.boatos.org/mundo/barack-obama-esta-tendo-um-caso-com-jennifer-aniston-e-se-separou-de-michelle-obama.html","Alegação de que Barack Obama se separou de Michelle e tem um caso com atriz não passa de boato sem comprovação","531"
"3520","https://www.boatos.org/mundo/barron-trump-fez-discurso-contra-donald-trump-na-assembleia-da-onu.html","É falso que Barron Trump tenha feito discurso contra Donald Trump na Assembleia da ONU","670"
"3521","https://www.boatos.org/mundo/benjamin-netanyahu-discurso-60-anos-israel.html","Discurso sobre 60 anos de Israel e tudo que o país conquistou não é do primeiro-ministro Benjamin Netanyahu","879"
"3522","https://www.boatos.org/mundo/biden-bloqueou-ajuda-gerald-ford-vietnamitas-1975.html","Biden bloqueou ajuda de Gerald Ford a vietnamitas em 1975 #boato","954"
"3523","https://www.boatos.org/mundo/biden-dorme-durante-reuniao-primeiro-ministro-israel-video.html","Biden dorme durante reunião com primeiro-ministro de Israel, mostra vídeo #boato","517"
"3524","https://www.boatos.org/mundo/boato-diz-que-passageiros-da-malaysia-airlines-estao-vivos-afeganistao.html","Boato: passageiros da Malaysia Airlines estão vivos no Afeganistão","566"
"3525","https://www.boatos.org/mundo/boato-putin-era-alvo-de-rebeldes-russos-que-derrubaram-aviao-da-malaysian.html","Boato: Putin era alvo de rebeldes russos que derrubaram avião","919"
"3526","https://www.boatos.org/mundo/bonecas-humanas-escravas-europa.html","Bonecas humanas são vendidas como escravas na Europa #boato","555"
"3527","https://www.boatos.org/mundo/brigitte-macron-esposa-de-emmanuel-macron-e-uma-mulher-trans.html","É falso que Brigitte Macron seja uma mulher trans","627"
"3528","https://www.boatos.org/mundo/caca-f-22-raptor-dos-eua-invadiu-espaco-aereo-da-venezuela.html","É falso que caça F-22 Raptor dos EUA tenha invadido espaço aéreo da Venezuela","814"
"3529","https://www.boatos.org/mundo/caminhao-criancas-orgaos-mexico.html","Caminhão com corpos de crianças sem órgãos é encontrado no México #boato","581"
"3530","https://www.boatos.org/mundo/canada-declarou-guerra-aos-eua-por-causa-de-tarifas-de-trump.html","Vídeo sobre guerra entre Canadá e EUA é ficção criada por inteligência artificial","731"
"3531","https://www.boatos.org/mundo/carro-da-byd-ressuscita-apos-pegar-fogo-e-atropela-pessoas.html","Carro que “ressuscitou” após pegar fogo não é da marca BYD","408"
"3532","https://www.boatos.org/mundo/chile-aprova-fim-da-policia-nova-constituicao.html","Chile aprova fim da polícia na nova Constituição #boato","1014"
"3533","https://www.boatos.org/mundo/china-russia-e-ira-salvaram-a-venezuela-e-acabaram-com-a-hegemonia-dos-eua.html","Vídeo que aponta que China, Rússia e Irã salvaram a Venezuela e acabaram com a hegemonia dos EUA é fake criado por IA","869"
"3534","https://www.boatos.org/mundo/chuvas-enchentes-dubai-emirados-arabes-meca-arabia-saudita-novembro-2023.html","Não há registros de grandes temporais em Dubai e Meca; vídeos são de outras situações","500"
"3535","https://www.boatos.org/mundo/comitiva-dos-eua-no-funeral-do-papa-francisco-tinha-apenas-trump-e-a-primeira-dama-melania.html","Não é verdade que comitiva dos EUA para o funeral do papa tinha apenas Trump e Melania","629"
"3536","https://www.boatos.org/mundo/contagem-oficial-das-eleicoes-na-venezuela-resultou-em-132-de-votos.html","É falso que contagem oficial das eleições na Venezuela resultou em 132%","396"
"3537","https://www.boatos.org/mundo/coral-criancas-da-ucrania-grava-musica-com-mensagem-para-sr-putin.html","Coral de crianças da Ucrânia grava música com mensagem para o “Sr. Putin” #boato","891"
"3538","https://www.boatos.org/mundo/cratera-gigante-aparece-em-madrid-na-espanha-em-2025.html","Vídeo que mostra “cratera gigante em Madrid” não passa de ação publicitária antiga da Netflix","480"
"3539","https://www.boatos.org/mundo/cratera-misteriosa-se-abriu-em-barcelona-espanha-em-frente-a-sagrada-familia.html","É falso que cratera tenha se aberto em frente à Sagrada Família, em Barcelona","487"
"3540","https://www.boatos.org/mundo/criatura-leste-europeu-alienigena.html","Criatura encontrada no Leste Europeu é alienígena, diz Nasa #boato","495"
"3541","https://www.boatos.org/mundo/deputado-aliado-de-biden-e-o-mandante-do-atentado-contra-trump.html","É falso que FBI tenha descoberto que deputado é o mandante do atentado contra Trump","651"
"3542","https://www.boatos.org/mundo/desertor-fugiu-com-o-aviao-de-nicolas-maduro-para-os-eua.html","História que aponta que avião de Maduro fugiu para os EUA com desertor Nestor Reverol é falsa","628"
"3543","https://www.boatos.org/mundo/elena-gilbert-sofreu-acidente-e-precisa-de-ajuda-boato.html","Elena Gilbert sofreu acidente e precisa de ajuda #boato","560"
"3544","https://www.boatos.org/mundo/elon-musk-anunciou-que-comprou-a-ford.html","É falso que Elon Musk tenha anunciado a compra da Ford","583"
"3545","https://www.boatos.org/mundo/esqueletos-de-humanos-gigantes-com-12-metros-foram-encontrados-proximo-ao-rio-eufrates.html","É falso que esqueletos de 12 metros foram encontrados próximos ao Rio Eufrates","555"
"3546","https://www.boatos.org/mundo/eua-abateram-aviao-franca-proximo-base-guantanamo.html","EUA abateram avião da França próximo à Base de Guantánamo #boato","419"
"3547","https://www.boatos.org/mundo/eua-atacou-embarcacao-brasileira-ligada-ao-crime-organizado-no-caribe.html","É falso que EUA tenha atacado embarcação brasileira ligada ao crime organizado no Caribe","813"
"3548","https://www.boatos.org/mundo/exame-de-dna-confirma-que-rei-charles-nao-e-pai-do-principe-william-e-harry.html","Fake news sobre exame de DNA que confirma que Rei Charles não é pai de William e Harry volta a circular na internet","590"
"3549","https://www.boatos.org/mundo/fabrica-chinesa-vendeu-100-mil-camisetas-com-boicote-a-china-para-os-eua.html","É falso que fábrica chinesa tenha vendido 100 mil camisetas com mensagem “boicote à China” para os EUA","517"
"3550","https://www.boatos.org/mundo/fake-mulher-morre-atropelada-apos-susto-brincadeira-idiota.html","Fake: mulher morre atropelada após susto em brincadeira idiota","251"
"3551","https://www.boatos.org/mundo/fbi-descobre-carne-humana-sendo-fornecida-ao-mcdonalds.html","É falso que FBI tenha descoberto carne humana sendo fornecida ao McDonalds nos EUA","531"
"3552","https://www.boatos.org/mundo/flor-forma-mulher-floresce-20-anos.html","Flor em forma de mulher que floresce a cada 20 anos é vista em Kerala #boato","451"
"3553","https://www.boatos.org/mundo/forcas-armadas-chile-ficam-lado-presidente-sebastian-pinera-declaram-guerra-socialistas-comunistas.html","Forças Armadas do Chile entram em ação, ficam ao lado do presidente Sebastián Piñera e declaram guerra aos socialistas comunistas #boato","834"
"3554","https://www.boatos.org/mundo/ford-suspendeu-producao-nos-eua-por-causa-das-tarifas-de-trump.html","Vídeos que dizem que Ford parou produção nos EUA por causa de tarifas de Trump são falsos","998"
"3555","https://www.boatos.org/mundo/formigas-carregaram-imagem-jesus-cristo-casa-bombardeada-ucrania.html","Vídeo de formigas que circula na internet não é da Ucrânia e foi fruto de montagem","587"
"3556","https://www.boatos.org/mundo/foto-mostra-biden-usando-fralda-geriatrica-em-momento-de-queda.html","Foto que mostraria Biden usando fralda durante queda não passa de montagem","499"
"3557","https://www.boatos.org/mundo/franca-mata-criancas-inocentes-na-siria-igual-ao-estado-islamico-diz-hoax.html","França mata crianças inocentes na Síria igual ao Estado Islâmico #boato","454"
"3558","https://www.boatos.org/mundo/fronteiras-dos-eua-vao-ser-fechadas-a-partir-de-1o-de-julho-de-2025.html","É falso que Trump tenha mandado fechar todas as fronteiras dos EUA em julho de 2025","611"
"3559","https://www.boatos.org/mundo/garota-siria-olhos-azuis-guerra.html","Garota síria de olhos azuis é encontrada sozinha no meio da guerra #boato","720"
"3560","https://www.boatos.org/mundo/gasolina-e-vendida-a-r-262-no-paraguai-em-2024.html","Vídeo que mostra gasolina a R$ 2,62 no Paraguai é antigo e já foi utilizado em outro fake","404"
"3561","https://www.boatos.org/mundo/general-e-parente-de-bashar-al-assad-foi-enforcado-em-praca-publica-na-siria.html","Vídeo de enforcamento na Síria não é de parente de Bashar Al-Assad ou de general","523"
"3562","https://www.boatos.org/mundo/general-james-c-jim-slife-da-forca-aerea-dos-eua-foi-condenado-a-morte.html","Fake sobre condenação à morte de general dos EUA, James C. “Jim” Slife, é invenção de site conspiratório","540"
"3563","https://www.boatos.org/mundo/gesara-nesara-implementadas-2020-reset-financeiro-proximos-dias.html","Gesara e Nesara serão implementadas em 2020 e reset financeiro ocorrerá nos próximos dias #boato","1084"
"3564","https://www.boatos.org/mundo/gustavo-petro-disse-casas-com-mais-65m2-serao-compartilhadas-colombia.html","Gustavo Petro disse que casas com mais de 65m² serão compartilhadas na Colômbia #boato","762"
"3565","https://www.boatos.org/mundo/hamas-libertou-apenas-refens-homens-e-matou-as-mulheres.html","Não é verdade que Hamas tenha libertado apenas reféns homens e matado as mulheres","818"
"3566","https://www.boatos.org/mundo/historia-que-aponta-para-mulher-com-passaporte-de-torenza-no-aeroporto-dos-eua-e-real.html","História de mulher com passaporte de ‘Torenza’ que sumiu em aeroporto dos EUA é fake criado por IA","842"
"3567","https://www.boatos.org/mundo/historia-viajante-tempo-andrew-carlssin-e-falsa.html","Andrew Carlssin é um viajante do tempo #boato","433"
"3568","https://www.boatos.org/mundo/hoax-industria-farmaceutica-planejou-desastre-da-malaysian-airlines.html","Hoax: Indústria farmacêutica planejou desastre da Malaysian Airlines","509"
"3569","https://www.boatos.org/mundo/homem-anda-sobre-aguas-em-londres-e-preso-em-2022.html","Homem anda sobre as águas em Londres e é preso em 2022 #boato","877"
"3570","https://www.boatos.org/mundo/homem-previu-terremoto-na-turquia-e-disse-que-havera-terremoto-no-brasil-sao-paulo-nos-proximos-dias.html","Homem previu terremoto na Turquia e disse que haverá um terremoto no Brasil (São Paulo) nos próximos dias #boato","724"
"3571","https://www.boatos.org/mundo/houve-tentativa-de-golpe-de-estado-contra-presidente-da-costa-do-marfim-alassane-ouattara.html","É falso que tenha havido tentativa de golpe na Costa do Marfim e presidente Alassane Ouattara tenha fugido","683"
"3572","https://www.boatos.org/mundo/imigrante-com-camisa-latinos-for-trump-foi-flagrado-sendo-preso-e-deportado-nos-eua.html","Fotos que mostram imigrantes deportados com camiseta Latinos for Trump são falsas","558"
"3573","https://www.boatos.org/mundo/incendio-havai-causado-ataque-terrorista-climatico.html","É falso que incêndio no Havaí tenha sido causado por ataque terrorista climático","574"
"3574","https://www.boatos.org/mundo/ira-admitiu-que-bombardeou-a-propria-escola-de-meninas-e-matou-criancas.html","É falso que Irã tenha admitido que bombardeou a própria escola de meninas e matou crianças","980"
"3575","https://www.boatos.org/mundo/irmao-engravida-as-duas-irmas-apos-brincadeira-chamada-papai-e-mamae.html","Vídeo que acusa irmão de engravidar duas irmãs após brincadeira é paródia de canal do TikTok em espanhol","555"
"3576","https://www.boatos.org/mundo/isabella-boyer-e-o-rosto-da-estatua-da-liberdade-e-foi-redesenhada-por-ia.html","Não existem indícios de que Isabella Boyer foi a inspiração para a Estátua da Liberdade","1274"
"3577","https://www.boatos.org/mundo/japao-formalizou-novo-sistema-educacional-cinco-disciplinas-hoje.html","É falso que Japão tenha formalizado um novo sistema educacional com cinco matérias hoje","1400"
"3578","https://www.boatos.org/mundo/japao-retirou-expulsou-globo-do-ar-apos-22-anos.html","Japão retirou (expulsou) Globo do ar após 22 anos #boato","978"
"3579","https://www.boatos.org/mundo/jardim-tibet-himalaia-floresce-cada-400-anos-traz-sorte.html","Jardim do Tibet Himalaia floresce a cada 400 anos e traz sorte para 2020 #boato","589"
"3580","https://www.boatos.org/mundo/javier-milei-disse-que-nao-vai-pagar-divida-argentina-brasil.html","É falso que Milei disse que não vai pagar dívida da Argentina com o Brasil","387"
"3581","https://www.boatos.org/mundo/joe-biden-e-flagrado-batendo-com-chicote-em-menor-de-idade-video.html","Joe Biden é flagrado batendo com chicote em menor de idade em vídeo #boato","571"
"3582","https://www.boatos.org/mundo/juiz-corrupto-foi-preso-apos-tentar-intimidar-ibrahim-traore.html","História que aponta que juiz “corrupto” confrontar presidente Ibrahim Traoré é falsa","722"
"3583","https://www.boatos.org/mundo/juiza-sueca-anna-ase-fala-sobre-fraude-eleicoes-2022-brasil-mostra-video.html","Juíza sueca Anna Ase fala sobre fraude nas eleições 2022 no Brasil, mostra vídeo #boato","527"
"3584","https://www.boatos.org/mundo/kamala-harris-disse-que-vai-cortar-relacoes-com-o-brasil-por-causa-de-piada.html","Mensagem sobre Kamala Harris cortar relações com o Brasil vem de artigo satírico","448"
"3585","https://www.boatos.org/mundo/kamala-harris-e-barack-obama-fizeram-gesto-nazista-durante-comicio.html","É falso que Kamala Harris e Barack Obama fizeram gestos nazistas em comício","484"
"3586","https://www.boatos.org/mundo/leao-negro-imagem-que-circula-na-internet-e-falsa.html","Leão Negro: imagem circula na internet #boato","419"
"3587","https://www.boatos.org/mundo/leite-similac-early-transition-foi-criado-para-transicao-sexo-bebes.html","Leite Similac Early Transition foi criado para transição de sexo de bebês #boato","518"
"3588","https://www.boatos.org/mundo/lenda-urbana-corpo-de-menina-morta-e-usado-como-manequim-mexico.html","Corpo de menina é usado como manequim no México #boato","432"
"3589","https://www.boatos.org/mundo/lenin-inventou-idiota-util.html","Lenin inventou a expressão “idiota útil” e recomendou o usar na “linha de frente” #boato","753"
"3590","https://www.boatos.org/mundo/link-com-virus-cenas-horripilantes-durante-queda-aviao-na-ucrania.html","Link com vírus: Cenas horripilantes durante queda do avião na Ucrânia","478"
"3591","https://www.boatos.org/mundo/lista-bens-apreendidos-cristina-kirchner-inclui-42-automoveis-145-imoveis-18-contas-bancarias.html","Lista de bens apreendidos de Cristina Kirchner inclui 42 automóveis, 145 imóveis e 18 contas bancárias #boato","547"
"3592","https://www.boatos.org/mundo/lorota-primeiro-homem-gravido-mundo-gera-polemica-e-revolta.html","Lorota: primeiro homem grávido do mundo gera polêmica e revolta","454"
"3593","https://www.boatos.org/mundo/maduro-posicionou-misseis-da-venezuela-na-fronteira-com-brasil.html","É falso que Maduro tenha posicionado mísseis na fronteira da Venezuela com o Brasil","446"
"3594","https://www.boatos.org/mundo/mae-e-filha-assumem-relacionamento-lesbico-diz-noticia-falsa.html","Mãe e filha assumem relacionamento lésbico #boato","574"
"3595","https://www.boatos.org/mundo/mais-de-1-800-cristaos-foram-mortos-na-siria-em-2025.html","É falsa a informação sobre a morte de mais de 1.800 cristãos na Síria em 2025","510"
"3596","https://www.boatos.org/mundo/marido-descobre-traicao-ao-ver-botas-em-foto-da-mulher-diz-historia-falsa.html","Marido descobre traição ao ver botas em foto da mulher, diz história falsa","456"
"3597","https://www.boatos.org/mundo/mary-anne-macleod-mae-de-donald-trump-entrou-nos-eua-como-imigrante-ilegal.html","Fake news que fala que mãe de Trump entrou de forma ilegal nos EUA volta a circular na internet","622"
"3598","https://www.boatos.org/mundo/melania-trump-expos-relacao-de-trump-com-jeffrey-epstein.html","É falso que Melania Trump tenha acusado Donald Trump no caso Epstein","623"
"3599","https://www.boatos.org/mundo/menino-canta-musica-mi-tierra-tiene-color-pero-ya-no-brilla-durante-programa-de-calouros-e-emociona.html","Vídeo de criança de Oaxaca cantando “Mi tierra tiene color, pero ya no brilla”, contra a violência, foi criado por IA","1148"
"3600","https://www.boatos.org/mundo/menino-de-12-anos-quebrou-toda-a-casa-porque-a-mae-tirou-o-seu-celular.html","É falso que menino de 12 anos quebrou toda a casa porque a mãe tirou o seu celular","732"
"3601","https://www.boatos.org/mundo/ministro-da-arabia-saudita-se-assustou-com-fogos-de-artificio-na-embaixada-da-china.html","Vídeo que mostra pessoas fugindo de fogos de artifício não é ministro da Arábia Saudita na Embaixada da China","446"
"3602","https://www.boatos.org/mundo/ministro-senegal-apanhou-povo-durante-ferias-paris-franca.html","Ministro de Senegal apanhou do povo durante férias em Paris (França) #boato","554"
"3603","https://www.boatos.org/mundo/miriam-novak-fez-discurso-na-onu-em-2024-como-representante-de-israel.html","Texto sobre Israel não é de discurso de Miriam Novak na ONU","695"
"3604","https://www.boatos.org/mundo/miss-venezuela-protesto-contra-maduro-tinta-vermelha.html","Mulher que fez protesto se sujando com tinta vermelha não é a Miss Venezuela","577"
"3605","https://www.boatos.org/mundo/montanha-dinheiro-cristina-kirchner.html","Montanha de dinheiro (Euros e Reais) é encontrada na casa de Cristina Kirchner #boato","648"
"3606","https://www.boatos.org/mundo/mossad-implantou-chips-no-anus-de-militares-iranianos-em-operacao-waze-ass.html","É falsa a história sobre chips implantados por Mossad no ânus de militares do Irã em operação “Waze Ass”","758"
"3607","https://www.boatos.org/mundo/motoboy-moto-apreendida-da-lanche-menino-comida-no-lixo.html","Motoboy tem moto apreendida e resolve doar lanche a menino que catava comida no lixo #boato","695"
"3608","https://www.boatos.org/mundo/muculmanos-protestam-sem-mascaras-contra-macron-franca.html","Muçulmanos protestam sem máscaras contra Macron na França #boato","721"
"3609","https://www.boatos.org/mundo/mulher-aborta-bebe-apos-descobrir-que-era-menino-diz-noticia-falsa.html","Mulher aborta bebê após descobrir que era menino, diz notícia falsa","371"
"3610","https://www.boatos.org/mundo/mulher-tem-casa-invadida-por-militante-do-mstu-argentina-mostra-video.html","Mulher tem casa invadida por militante do “MSTU” na Argentina, mostra vídeo #boato","582"
"3611","https://www.boatos.org/mundo/museu-holocausto-placa-fascismo.html","Museu do Holocausto tem placa com sinais do fascismo pendurada na porta #boato","651"
"3612","https://www.boatos.org/mundo/mwm-honda-loreal-fecham-fabricas-argentina-investir-brasil.html","MWM, Honda, e L’Oréal fecham fábricas na Argentina e vão investir no Brasil #boato","614"
"3613","https://www.boatos.org/mundo/nelson-mandela-convidou-homem-que-torturou-para-almocar.html","Nelson Mandela convidou homem que o torturou para almoçar #boato","825"
"3614","https://www.boatos.org/mundo/new-york-times-destaca-dizeres-bolsonaro-foverer-brazil-whants-to-be-free-capa.html","New York Times destaca dizeres “Bolsonaro foverer” e “Brazil Whants To Be Free” na capa #boato","521"
"3615","https://www.boatos.org/mundo/noruega-lancou-trem-panoramico-noturno-com-visao-para-aurora-boreal.html","Vídeo que mostra trem panorâmico na Noruega para ver Aurora Boreal é fake criado por IA","855"
"3616","https://www.boatos.org/mundo/noticia-falsa-lago-transforma-animais-pedra-tanzania.html","Lago transforma animais em pedra na Tanzânia #boato","310"
"3617","https://www.boatos.org/mundo/noticia-falsa-queniana-infectou-324-homens-com-hiv-por-vinganca.html","Mulher infectou 324 homens com HIV por vingança no Quênia #boato","777"
"3618","https://www.boatos.org/mundo/o-canada-entrou-oficialmente-para-o-brics-por-causa-de-tarifas-de-trump.html","É falso que Canadá tenha entrado no BRICS após tarifas de Trump","586"
"3619","https://www.boatos.org/mundo/o-congresso-dos-eua-aprovou-a-deportacao-da-esposa-melania-e-do-filho-barron-de-donald-trump.html","É falso que o Congresso dos EUA tenha aprovado a deportação da esposa (Melania) e do filho (Barron) de Donald Trump","718"
"3620","https://www.boatos.org/mundo/obama-gracas-soldados-liberdade.html","Obama falou que é graças aos soldados que temos liberdade de religião, imprensa etc #boato","656"
"3621","https://www.boatos.org/mundo/operacao-chapeu-branco-vai-fechar-sistema-bancario-por-10-dias-em-24-de-setembro-de-2022.html","Operação Chapéu Branco vai fechar sistema bancário por 10 dias em 24 de setembro de 2022 #boato","1189"
"3622","https://www.boatos.org/mundo/otan-ameacou-dividir-brasil-apos-anuncio-expansao-brics.html","Pessoa que fez publicação sobre divisão do “Brasil comunista” não é representante da Otan","682"
"3623","https://www.boatos.org/mundo/palacio-do-governo-da-venezuela-foi-invadido-em-protesto-e-povo-tomou-poder.html","Palácio do governo da Venezuela foi invadido em protesto e “povo” tomou o poder #boato","804"
"3624","https://www.boatos.org/mundo/pepsi-deixou-os-eua-por-causa-das-tarifas-de-trump.html","Não, a Pepsi não deixou os EUA por causa de Trump ou acordo com o México","736"
"3625","https://www.boatos.org/mundo/pessoas-comem-cachorro-para-nao-passar-fome-na-venezuela.html","Não há provas de que venezuelanos estão consumindo carne de cachorro para sobreviver à crise econômica","709"
"3626","https://www.boatos.org/mundo/piloto-do-helicoptero-black-hawk-que-colidiu-com-aviao-nos-eua-era-transgenero.html","É falso que piloto de helicóptero que colidiu com avião nos EUA era uma mulher transgênero","680"
"3627","https://www.boatos.org/mundo/piloto-do-voo-american-airlines-aa73-pousa-aviao-sem-autorizacao-da-torre-para-salvar-menino.html","História que aponta que piloto do voo American Airlines AA73 pousou avião para salvar criança é fake criado por IA","886"
"3628","https://www.boatos.org/mundo/povo-cubano-toma-poder-camaguey-prende-secretario-comunista-declara-cuba-livre.html","Povo cubano toma o poder em Camaguey, prende secretário do Partido Comunista e declara Cuba livre #boato","851"
"3629","https://www.boatos.org/mundo/prefeitos-reino-unidos-sao-muculmanos-ha-provas-invasao-muculmana.html","Texto que fala de “invasão” e prefeitos muçulmanos do Reino Unido está repleto de dados errados e distorcidos","1050"
"3630","https://www.boatos.org/mundo/presidente-do-chile-gabriel-boric-posa-com-foto-de-jesus-travesti.html","Presidente do Chile, Gabriel Boric, posa com foto de Jesus travesti #boato","652"
"3631","https://www.boatos.org/mundo/principe-africano-procura-brasileiras-para-casar-boato.html","Príncipe Africano procura brasileiras para casar #boato","468"
"3632","https://www.boatos.org/mundo/propaganda-chinesa-na-alemanha-mostra-dominacao-china-no-brasil.html","Propaganda chinesa na Alemanha mostra dominação da China no Brasil #boato","840"
"3633","https://www.boatos.org/mundo/putin-bombardeou-vila-de-biden-na-ucrania-encontrou-aneis-pedofilia-biolabs.html","Putin bombardeou vila de Biden na Ucrânia e encontrou “anéis de pedofilia” e “biolabs” #boato","694"
"3634","https://www.boatos.org/mundo/putin-diz-que-bolsonaro-estaria-morto-se-tentasse-dar-golpe-na-russia.html","É falso que Putin tenha comentado plano de golpe no Brasil e dito que “Bolsonaro estaria morto”","457"
"3635","https://www.boatos.org/mundo/putin-escreveu-carta-pesada-defendendo-o-brasil-e-ibrahim-traore.html","É falso que Putin escreveu carta pesada defendendo o Brasil e Ibrahim Traoré","733"
"3636","https://www.boatos.org/mundo/putin-foi-batizado-por-pastor-e-aceitou-jesus-durante-encontro-com-trump-no-alasca.html","É falso que Putin foi batizado por pastor e aceitou Jesus durante encontro com Trump no Alasca","592"
"3637","https://www.boatos.org/mundo/putin-foi-preso-em-istambul-por-autoridades-internacionais-antes-de-reuniao.html","Fake news criada por IA diz que Putin foi preso em Istambul antes de reunião com Zelensky","747"
"3638","https://www.boatos.org/mundo/putin-morreu-boatos-sobre-morte-do-presidente-russo-circulam-na-web.html","Putin morreu: boatos sobre morte do presidente russo circulam na web","486"
"3639","https://www.boatos.org/mundo/reino-unido-comprou-necroterios-para-se-preparar-para-mortes-em-massa-iminentes.html","É falso que Reino Unido se prepara para mortes em massa iminentes com a compra de necrotérios","575"
"3640","https://www.boatos.org/mundo/relatorio-de-trump-e-fala-de-virginia-giufree-apontam-que-barack-obama-tinha-livre-acesso-a-ilha-de-epstein.html","É falso que relatório de Trump e fala de Virginia Giuffre apontam que Barack Obama tinha livre acesso à Ilha de Epstein","763"
"3641","https://www.boatos.org/mundo/richard-miller-adotou-nove-criancas-negras-apos-perder-a-esposa-em-1979.html","Richard Miller e as nove filhas negras: história de adoção que viralizou é falsa e gerada por IA","846"
"3642","https://www.boatos.org/mundo/sara-jenkins-foi-transformada-em-espantalho-apos-desaparecer-nos-eua-em-2005.html","História de Sara Jenkins, jovem transformada em espantalho nos EUA em 2005, é falsa","652"
"3643","https://www.boatos.org/mundo/sereia-apareceu-em-uma-ilha-isolada-em-portugal-e-causou-panico.html","Vídeo de Sereia em ilha isolada de Portugal é fake criado por IA","556"
"3644","https://www.boatos.org/mundo/stalin-disse-quem-vota-como-vota-nao-conta-nada-quem-conta-votos-realmente-importa.html","Stalin disse “quem vota e como vota não conta nada; quem conta votos é que realmente importa” #boato","763"
"3645","https://www.boatos.org/mundo/tatuador-da-alemanha-tatuagens-gratis-putin-pacientes-ucranianos.html","Tatuador da Alemanha dá tatuagens grátis de Putin a pacientes ucranianos #boato","373"
"3646","https://www.boatos.org/mundo/teoria-da-conspiracao-aponta-que-michelle-obama-e-um-homem.html","Michelle Obama é um homem #boato","564"
"3647","https://www.boatos.org/mundo/todas-televisoes-europa-exibiram-video-com-manifestacoes-em-quarteis-e-bolsonaristas-em-caminhoes.html","Todas televisões da Europa exibiram vídeo com manifestações em quartéis e de bolsonaristas em caminhões #boato","585"
"3648","https://www.boatos.org/mundo/treinadora-jessica-radcliffe-foi-morta-por-baleia-orca-em-parque-de-diversoes.html","É falso que treinadora Jessica Radcliffe tenha morrido atacada por baleia orca em parque de diversões","540"
"3649","https://www.boatos.org/mundo/trump-acusou-a-onu-de-conspirar-contra-o-brasil.html","Trump nunca acusou a ONU de planejar ataques à soberania brasileira","792"
"3650","https://www.boatos.org/mundo/trump-brasil-sumir-mapa-vergonha.html","Trump diz que Brasil deveria sumir do mapa e é um país de vergonha #boato","532"
"3651","https://www.boatos.org/mundo/trump-colocou-a-bandeira-do-brasil-na-casa-branca-nos-eua.html","É falso que Trump tenha exibido a bandeira do Brasil na Casa Branca","528"
"3652","https://www.boatos.org/mundo/trump-encontrou-ouro-e-carteiras-de-criptomoedas-em-bunkers-de-maduro-na-venezuela.html","É falso que Trump encontrou ouro e criptomoedas em bunker de Maduro na Venezuela","1596"
"3653","https://www.boatos.org/mundo/trump-enlouquece-com-crise-alimentar-grave-nos-eua-causada-pelo-tarifaco.html","Vídeo que fala de crise alimentar, Trump “enlouquecido” e tarifaço é fake","530"
"3654","https://www.boatos.org/mundo/trump-fechou-o-espaco-aereo-do-brasil-por-causa-de-bolsonaro.html","É falso que Trump fechou espaço aéreo do Brasil ou impediu espaço aéreo dos EUA","488"
"3655","https://www.boatos.org/mundo/trump-foi-o-primeiro-presidente-dos-eua-em-100-anos-a-nao-iniciar-uma-guerra.html","É falso que Trump tenha sido o primeiro presidente dos EUA em 100 anos a não iniciar uma guerra","480"
"3656","https://www.boatos.org/mundo/trump-proibiu-o-halloween-nos-eua-por-ser-coisa-do-demonio.html","É falso que Donald Trump tenha proibido o Halloween nos EUA, classificando a festa como “coisa do demônio”","829"
"3657","https://www.boatos.org/mundo/tv-italiana-revela-porto-de-santos-esta-parado-por-greve-de-caminhoneiros-povo-brasileiro-quer-intervencao-militar-contra-lula-e-globalismo.html","TV italiana revela que porto de Santos está parado por greve de caminhoneiros e que povo brasileiro quer intervenção militar contra Lula e o globalismo #boato","741"
"3658","https://www.boatos.org/mundo/um-aquario-explodiu-em-um-shopping-nos-estados-unidos.html","É falso que um aquário tenha explodido em shopping nos EUA","522"
"3659","https://www.boatos.org/mundo/ursos-formam-um-cerco-sem-precedentes-no-parque-de-yellowstone.html","É falso que grupo de ursos tenha formado cerco sem precedentes em parque de Yellowstone","661"
"3660","https://www.boatos.org/mundo/vazou-encontro-lideres-assinou-tratado-da-nova-ordem-mundial.html","Vazou encontro de líderes que assinaram o tratado da Nova Ordem Mundial #boato","568"
"3661","https://www.boatos.org/mundo/venezuela-declarou-guerra-brasil-2022.html","Venezuela declarou guerra ao Brasil em 2022 #boato","587"
"3662","https://www.boatos.org/mundo/venezuela-nova-cuba-divulgacao-de-regras-nova-constituinte.html","Venezuela é uma nova Cuba após divulgação de regras da nova Constituinte #boato","1561"
"3663","https://www.boatos.org/mundo/victoria-donda-argentina-cocaina.html","Victoria Donda, deputada argentina de esquerda, é flagrada cheirando cocaína #boato","650"
"3664","https://www.boatos.org/mundo/video-de-estudantes-japoneses-em-salvador-emociona-o-japao.html","É falso que vídeo de viagem de estudantes japoneses a Salvador (Brasil) tenha emocionado Japão e chocado professor","1610"
"3665","https://www.boatos.org/mundo/video-erupcao-vulcao-white-island-nova-zelandia-2019.html","Vídeo mostra erupção do vulcão White Island, na Nova Zelândia, em 2019 #boato","483"
"3666","https://www.boatos.org/mundo/video-falso-unicornio-e-filmado-na-cidade-de-ontario-canada.html","Vídeo falso: unicórnio é filmado no Canadá","360"
"3667","https://www.boatos.org/mundo/video-mostra-avalanche-de-nuvens-no-everest-nepal.html","Vídeo mostra avalanche de nuvens no Everest (Nepal) #boato","735"
"3668","https://www.boatos.org/mundo/video-mostra-casa-destruida-apos-explosao-de-bateria-de-bicicleta-eletrica.html","Vídeo que mostra casa destruída após explosão de bateria de bicicleta elétrica está fora de contexto","565"
"3669","https://www.boatos.org/mundo/video-mostra-emmanuel-macron-dancando-em-uma-discoteca-nos-anos-1980-na-franca.html","Vídeo de discoteca na França, nos anos 1980, não mostra o presidente Emmanuel Macron dançando","779"
"3670","https://www.boatos.org/mundo/video-mostra-exercito-da-venezuela-se-unindo-com-o-povo-contra-maduro.html","Vídeo atribuído a exército da Venezuela se unindo com o povo não tem nada a ver com Nicolás Maduro","488"
"3671","https://www.boatos.org/mundo/video-mostra-furacao-milton-e-tornado-em-dallas-texas.html","Furacão Milton não passou pelo Texas e vídeo não mostra tornado na cidade","391"
"3672","https://www.boatos.org/mundo/video-mostra-garota-mais-alta-da-china-com-3-metros-de-altura.html","Vídeo que mostra garota mais alta da China, com 3 metros de altura, é falso","635"
"3673","https://www.boatos.org/mundo/video-mostra-genocidio-na-china-venezuela-e-cuba-promovido-pelo-comunismo-e-socialismo-boato.html","Vídeo mostra genocídio na China, Venezuela e Cuba promovido pelo “comunismo” e “socialismo” #boato","755"
"3674","https://www.boatos.org/mundo/video-mostra-imagens-assustadoras-do-tufao-na-libia.html","Vídeo que mostra a destruição de um tufão não foi gravado na Líbia","657"
"3675","https://www.boatos.org/mundo/video-mostra-policiais-cuba-atirando-povo-durante-manifestacao.html","Vídeo mostra policiais em Cuba atirando no povo em manifestação #boato","486"
"3676","https://www.boatos.org/mundo/video-que-mostra-esquerdista-surtando-com-soldado-de-bone-maga-dentro-de-onibus-e-real.html","Vídeo de mulher surtando com soldado de boné MAGA dentro de ônibus é encenação","531"
"3677","https://www.boatos.org/mundo/video-que-mostra-mae-leopardo-resgatando-filhote-da-boca-de-crocodilo-em-rio-e-real.html","Vídeo de mãe leopardo resgatando filhote de crocodilo em rio é fake criado por IA","630"
"3678","https://www.boatos.org/mundo/voo-delta-902-quebrou-regras-da-torre-de-comando-para-salvar-vida-de-pessoa-que-estava-passando-mal.html","É falso que voo Delta 902 quebrou regras da torre para salvar vida de pessoa passando mal","833"
"3679","https://www.boatos.org/mundo/xi-jinping-enviou-carta-a-putin-e-lula-contra-os-eua.html","Vídeo que fala de carta de Xi Jinping para Putin e Lula contra os EUA não passa de fake news","919"
"3680","https://www.boatos.org/mundo/zelensky-tem-casa-de-us-35-milhoes-nos-eua-e-fortuna-de-us-12-bilhao.html","É falso que Zelensky tenha casa de US$ 35 milhões nos EUA e fortuna de US$ 1,2 bilhão","470"
"3681","https://www.boatos.org/mundo/zelensky-vendeu-armas-enviadas-para-a-ucrania-para-o-mercado-negro.html","É falso que Zelensky tenha vendido armas recebidas pela Ucrânia para o “mercado negro”","1025"
"3682","https://www.boatos.org/opiniao/1o-de-abril-5-000-textos-13-milhoes-de-acessos-e-3-topicos.html","1º de abril, 5.000 textos, 13 milhões de acessos e 3 tópicos","872"
"3683","https://www.boatos.org/opiniao/anitta-e-vitima-de-onda-de-fake-news-crueis-com-toques-de-misoginia-e-preconceito-religioso.html","Anitta é vítima de onda de fake news cruéis com toques de misoginia e preconceito religioso","572"
"3684","https://www.boatos.org/opiniao/ao-contrario-do-que-apontam-mensagens-corrente-politica-nao-define-necessariamente-se-alguem-e-criminoso.html","Ao contrário do que apontam mensagens, corrente política não define, necessariamente, se alguém é criminoso","511"
"3685","https://www.boatos.org/opiniao/aprenda-cinco-truques-para-detectar-mentiras-na-internet.html","Aprenda cinco truques para detectar mentiras na internet","942"
"3686","https://www.boatos.org/opiniao/debate-na-band-pesquisas-eleitorais-ditam-tom-da-desinformacao-dos-ultimos-dias.html","Debate na Band e pesquisas eleitorais ditam tom da desinformação dos últimos dias","426"
"3687","https://www.boatos.org/opiniao/dia-das-maes-suscita-nova-onda-de-golpes-no-whatsapp.html","Dia das Mães suscita nova onda de golpes no WhatsApp","520"
"3688","https://www.boatos.org/opiniao/eleicoes-de-2022-novamente-pautam-fake-news-da-semana.html","Eleições de 2022, novamente, pautam as fake news da semana","589"
"3689","https://www.boatos.org/opiniao/em-2016-eu-desejo-a-voces-mais-juizo-e-menos-boatos.html","Em 2016, eu desejo mais juízo e menos boatos","441"
"3690","https://www.boatos.org/opiniao/fake-news-sobre-fantasma-da-pedofilia-esquerdista-voltam-a-internet.html","Fake news sobre “fantasma da pedofilia esquerdista” voltam à internet","642"
"3691","https://www.boatos.org/opiniao/fake-news-sobre-urnas-eletronicas-so-servem-para-pavimentar-narrativa-do-golpe.html","Fake news sobre urnas eletrônicas só servem para pavimentar narrativa do golpe","651"
"3692","https://www.boatos.org/opiniao/golpistas-aproveitam-pessoas-necessitadas-sites-falsos-whatsapp.html","Golpistas se aproveitam de pessoas necessitadas com sites falsos no WhatsApp","453"
"3693","https://www.boatos.org/opiniao/lula-artistas-judiciario-e-rainha-elizabeth-ii-fakes-sobre-eleicoes-atacam-em-diversas-frentes.html","Lula, artistas, judiciário e rainha Elizabeth II: fakes sobre eleições atacam em diversas frentes","463"
"3694","https://www.boatos.org/opiniao/melhor-boatos-org-2016-edgard.html","O melhor do Boatos.org em 2016, por Edgard Matsuki","772"
"3695","https://www.boatos.org/opiniao/o-que-aprendi-depois-de-5-anos-desmentindo-fake-news-por-hellen-bizerra.html","O que aprendi depois de 5 anos desmentindo fake News, por Hellen Bizerra","928"
"3696","https://www.boatos.org/opiniao/retrospectiva-2020-das-fake-news-boatos-org.html","Retrospectiva 2020 das fake news – Boatos.org","122"
"3697","https://www.boatos.org/opiniao/retrospectiva-o-melhor-de-2014-no-boatos-org-por-hellen-bizerra.html","O melhor do Boatos.org em 2014, por Hellen Bizerra","550"
"3698","https://www.boatos.org/opiniao/um-olhar-sobre-as-fake-news-e-uma-perspectiva-para-2024.html","Um olhar sobre as fake news e uma perspectiva para 2024","689"
"3699","https://www.boatos.org/politica/13-teorias-da-conspiracao-sobre-queda-aviao-de-eduardo-campos.html","13 teorias da conspiração sobre a queda do avião de Eduardo Campos","1386"
"3700","https://www.boatos.org/politica/18-estados-governados-pela-direita-declaram-ruptura-com-o-stf.html","Fake news sobre estados desafiarem o STF e declararem ruptura com o país cita agora 18 governadores","1096"
"3701","https://www.boatos.org/politica/7-boatos-sobre-dilma-rousseff-que-circularam-na-web-em-2015.html","7 boatos sobre Dilma Rousseff que circularam na web em 2015","598"
"3702","https://www.boatos.org/politica/7-boatos-sobre-o-juiz-sergio-moro.html","7 boatos sobre o juiz Sérgio Moro que circulam na internet","1504"
"3703","https://www.boatos.org/politica/7-boatos-temer.html","7 boatos sobre Michel Temer que já viralizaram na internet","1149"
"3704","https://www.boatos.org/politica/73865governo-vai-cobrar-imposto-de-275-em-pix-acima-de-r-5-mil-a-partir-de-janeiro-de-2026.html","É falso que o governo vai cobrar imposto de 27,5% em Pix acima de R$ 5 mil a partir de janeiro de 2026","1078"
"3705","https://www.boatos.org/politica/90-dos-evangelicos-recebem-beneficios-do-governo.html","Não é verdade que 90% dos evangélicos recebam benefícios do governo","671"
"3706","https://www.boatos.org/politica/abin-diretor-pf-valeixo-passando-informacoes-doria-segurando-informacoes-facada-witzel.html","Abin descobriu que diretor da PF, Valeixo, estava passando informações para Doria e segurando informações sobre a facada e Witzel #boato","901"
"3707","https://www.boatos.org/politica/acm-morreu-acidente-helicoptero-lula-intervencao.html","ACM morreu em acidente de helicóptero semanas após atacar Lula e pedir intervenção #boato","470"
"3708","https://www.boatos.org/politica/agente-penal-foi-contratado-por-moraes-e-pt-para-matar-bolsonaro-dentro-de-casa.html","É falso vídeo que acusa Moraes e PT de contratar agente penal para matar Bolsonaro em casa","882"
"3709","https://www.boatos.org/politica/alessandro-stefanutto-ex-presidente-do-inss-foi-expulso-da-escola-naval-por-desvio-de-dinheiro-antes-de-ser-acolhido-pelo-pt.html","Não há nenhuma prova de que Alessandro Stefanutto (ex-presidente do INSS) tenha sido expulso da Escola Naval por desvio nos anos 90","575"
"3710","https://www.boatos.org/politica/alexandre-de-moraes-bloqueia-conta-bolsonaro-pix.html","Alexandre de Moraes bloqueia conta de Bolsonaro que pedia Pix #boato","609"
"3711","https://www.boatos.org/politica/alexandre-de-moraes-chora-ao-ser-preso-apos-ordem-de-delegado-da-pf.html","Alexandre de Moraes chora ao preso após ordem de delegado da PF #boato","891"
"3712","https://www.boatos.org/politica/alexandre-de-moraes-chorou-ao-vivo-e-passou-a-apoiar-a-anistia-para-bolsonaro.html","É falso que Alexandre de Moraes chorou “ao vivo” e passou a apoiar a anistia para Bolsonaro","697"
"3713","https://www.boatos.org/politica/alexandre-de-moraes-deixa-supremo-tribunal-federal-stf-vai-helsinque.html","Alexandre de Moraes deixa o Supremo Tribunal Federal (STF) e vai para Helsinque #boato","526"
"3714","https://www.boatos.org/politica/alexandre-de-moraes-disse-em-audio-sobre-acabar-com-vocabulario-golpista-dos-evangelicos.html","É falso que tenha vazado áudio de Moraes dizendo que é preciso acabar com ‘vocabulário golpista’ dos evangélicos","957"
"3715","https://www.boatos.org/politica/alexandre-de-moraes-entrou-impeachment-lula-colocar-alckmin-globalistas-poder.html","Texto que fala sobre Alexandre de Moraes iniciar impeachment de Lula a mando de Alckmin e globalistas é um amontoado de acusações sem provas","1445"
"3716","https://www.boatos.org/politica/alexandre-de-moraes-foi-flagrado-no-motel-com-alexandre-frota.html","É falso que Alexandre de Moraes tenha sido flagrado no motel com Alexandre Frota","549"
"3717","https://www.boatos.org/politica/alexandre-de-moraes-fugiu-brasil-porque-descobriram-fraude-eleicoes.html","Alexandre de Moraes fugiu do Brasil porque descobriram fraude nas eleições #boato","458"
"3718","https://www.boatos.org/politica/alexandre-de-moraes-ligou-para-gonet-e-mandou-arquivar-investigacao-sobre-ele-no-caso-banco-master.html","Moraes não ligou para Gonet para ordenar arquivamento de investigação no caso Banco Master","547"
"3719","https://www.boatos.org/politica/alexandre-de-moraes-participa-de-rituais-de-magia-negra-com-criancas.html","Alexandre de Moraes participa de rituais de magia negra com crianças #boato","743"
"3720","https://www.boatos.org/politica/alexandre-de-moraes-recebeu-triste-noticia-todos-acusados-pelo-8-janeiro-eram-inocentes.html","É falso que Alexandre de Moraes descobriu que “todos os acusados” do 8 de janeiro eram inocentes","464"
"3721","https://www.boatos.org/politica/alexandre-de-moraes-tem-fazenda-bilionaria-de-r-100-milhoes.html","É falso que Alexandre de Moraes tenha fazenda de R$ 100 milhões","497"
"3722","https://www.boatos.org/politica/alexandre-de-moraes-teve-pedido-de-habeas-corpus-negado-pelo-stm.html","Alexandre de Moraes teve pedido de habeas corpus negado pelo STM #boato","527"
"3723","https://www.boatos.org/politica/alexandre-de-moraes-vendeu-as-eleicoes-2022-para-lula-pt-em-escandalo-que-todo-mundo-suspeitava.html","Alexandre de Moraes vendeu as eleições de 2022 para Lula e o PT em escândalo que todo mundo suspeitava #boato","2087"
"3724","https://www.boatos.org/politica/alexandre-moraes-ministro-stf-tem-prisao-decretada.html","Alexandre de Moraes, ministro do STF, tem prisão decretada #boato","607"
"3725","https://www.boatos.org/politica/alexandre-moraes-nao-tera-voto-impresso-nem-bolsonaro-2022.html","Alexandre de Moraes diz que não terá voto impresso e nem Bolsonaro em 2022 #boato","691"
"3726","https://www.boatos.org/politica/alfaiate-de-lula-e-janja-recebeu-r-31-milhoes-para-confeccionar-620-ternos-para-presidente.html","Nem pessoa que depôs na CPMI é o “alfaiate de Lula e Janja” nem recebeu R$ 31 milhões para confeccionar 620 ternos para presidente","734"
"3727","https://www.boatos.org/politica/andre-mendonca-acaba-de-fugir-do-brasil-apos-assumir-relatoria-do-caso-master-no-stf.html","É falso que André Mendonça tenha fugido do Brasil após assumir o caso Master","720"
"3728","https://www.boatos.org/politica/anitta-retira-apoio-a-candidatura-de-lula-e-pula-do-barco.html","Anitta retira apoio à candidatura de Lula e pula do barco #boato","947"
"3729","https://www.boatos.org/politica/apagao-da-internet-intervencao-militar-e-cacada-a-bolsonaristas-acontecerao-em-20-e-21-de-dezembro-boato.html","Apagão da internet, intervenção militar e caçada a bolsonaristas acontecerão em 20 e 21 de dezembro #boato","545"
"3730","https://www.boatos.org/politica/apoiadores-lula-compraram-camisetas-bolsonaro-e-brasil-para-tocar-terror-ruas.html","Apoiadores de Lula compraram camisetas do Bolsonaro e Brasil para tocar o terror nas ruas #boato","836"
"3731","https://www.boatos.org/politica/aposentadoria-de-lula-r-45-mil-mostra-contracheque.html","Aposentadoria de Lula é de R$ 45 mil, mostra contracheque #boato","519"
"3732","https://www.boatos.org/politica/arnaldo-jabor-escreveu-texto-lula-cbn-censurado-tse-2021.html","Arnaldo Jabor escreveu texto sobre Lula na CBN que foi censurado pelo TSE em 2021 #boato","1687"
"3733","https://www.boatos.org/politica/arthur-lira-disse-a-daniel-silveira-que-80-dos-deputados-e-senadores-sao-criminosos-boato.html","Arthur Lira disse a Daniel Silveira que 80% dos deputados e senadores são criminosos #boato","915"
"3734","https://www.boatos.org/politica/arthur-lira-foi-flagrado-com-bolsa-hermes-cargo-de-r-350-mil-em-aeroporto.html","Foto que mostraria Arthur Lira com bolsa Hermès Cargo de R$ 350 mil em aeroporto tem outras versões e marca d’água de IA","893"
"3735","https://www.boatos.org/politica/assessores-do-pt-foram-ganhadores-da-mega-da-virada-de-2025.html","É falso que ganhadores da Mega da Virada sejam assessores do PT e que isso prove fraude na loteria","426"
"3736","https://www.boatos.org/politica/ataque-hacker-revela-fraude-urnas-eletronicas.html","Ataque hacker revela fraude nas urnas eletrônicas com chancela do TSE #boato","1091"
"3737","https://www.boatos.org/politica/ato-institucional-no-1-assinado-bolsonaro-dezembro-de-2022.html","Ato Institucional Nº 1 é assinado por Bolsonaro em dezembro de 2022 #boato","1865"
"3738","https://www.boatos.org/politica/audio-integrante-cupula-da-mancha-vermelha-revela-que-lula-vai-entregar-brasil-para-china-depois-eleito.html","Áudio de integrante da cúpula da Mancha Vermelha revela que Lula vai entregar o Brasil para a China depois de eleito #boato","1308"
"3739","https://www.boatos.org/politica/augusto-nunes-acabou-de-ser-contratado-pela-record-em-2022.html","Augusto Nunes acabou de ser contratado pela Record, em 2022 #boato","560"
"3740","https://www.boatos.org/politica/aviao-de-andre-mendonca-foi-sabotado-em-tentativa-de-atentado.html","É falso que avião de André Mendonça tenha sido sabotado","663"
"3741","https://www.boatos.org/politica/aviao-eua-weintraub-mandou-brasileiros-ficarem-quietos.html","Em avião que foi para os EUA, Weintraub mandou brasileiros ficarem quietos depois de sair do MEC #boato","722"
"3742","https://www.boatos.org/politica/balao-foto-lula-cai-dentro-presidio-mostra-imagem.html","Balão com foto de Lula cai dentro de um presídio, mostra imagem #boato","600"
"3743","https://www.boatos.org/politica/banco-do-brasil-anunciou-fechamento-agencias-demissoes-massa-governo-lula.html","É falso que Banco do Brasil tenha anunciado fechamento de agências em massa e demissões em 2024","514"
"3744","https://www.boatos.org/politica/banco-do-brasil-processa-bolsonaro-por-falar-sobre-plataforma-de-criptomoedas-no-ratinho.html","Banco do Brasil processa Bolsonaro por falar sobre plataforma de criptomoedas no Ratinho #boato","1172"
"3745","https://www.boatos.org/politica/bancos-enviaram-um-comunicado-a-moraes-dino-e-o-stf-falando-sobre-rebeliao-no-brasil.html","É falso que bancos enviaram um comunicado a Moraes, Dino e o STF falando sobre rebelião no Brasil","1155"
"3746","https://www.boatos.org/politica/band-demite-jornalista-que-defendeu-bolsonaro-e-atacou-lula-ministros-do-stf.html","É falso que Band tenha demitido jornalista que defendeu Bolsonaro e falou de conluio entre Lula, PGR e STF","555"
"3747","https://www.boatos.org/politica/bandeira-do-brasil-meio-mastro-no-palacio-do-planalto-quarteis-significa-que-pais-esta-em-guerra.html","Bandeira do Brasil está a meio-mastro no Palácio do Planalto e em quartéis e significa que o país está em guerra #boato","793"
"3748","https://www.boatos.org/politica/barroso-diz-bolsonaro-sera-reeleito-passarem-por-cima-do-meu-cadaver-em-live.html","Barroso diz “Bolsonaro será reeleito se passarem por cima do meu cadáver” em live #boato","508"
"3749","https://www.boatos.org/politica/barroso-e-carmen-lucia-vao-fazer-delacao-premiada-contra-alexandre-de-moraes-nos-eua.html","É falso que Barroso e Cármen Lúcia negociam delação premiada nos EUA contra Alexandre de Moraes","1160"
"3750","https://www.boatos.org/politica/barroso-e-o-stf-decretam-fim-da-propriedade-privada-brasil.html","Barroso e o STF decretam o fim da propriedade privada no Brasil #boato","465"
"3751","https://www.boatos.org/politica/barroso-esta-sendo-chantageado-jose-dirceu-por-causa-joao-de-deus.html","Barroso está sendo chantageado por José Dirceu por causa de João de Deus #boato","1418"
"3752","https://www.boatos.org/politica/bbc-brasil-fez-texto-dizendo-que-janja-e-a-materializacao-da-contradicao.html","Texto atribuído à BBC Brasil com crítica à Janja é falso e não foi publicado pela emissora","771"
"3753","https://www.boatos.org/politica/biblia-vai-ser-proibida-no-brasil-pelo-stf-denuncia-bolsonaro-boato.html","Bíblia vai ser proibida no Brasil pelo STF, denuncia Bolsonaro #boato","810"
"3754","https://www.boatos.org/politica/biden-cancelou-encontro-com-lula-saber-ele-nao-tomara-posse-como-presidente.html","Biden cancelou encontro com Lula ao saber que ele não tomará posse como presidente #boato","485"
"3755","https://www.boatos.org/politica/biden-desmente-lula-presidente-brasil-falou-mal-bolsonaro.html","Biden desmente Lula após presidente do Brasil falar mal de Bolsonaro #boato","397"
"3756","https://www.boatos.org/politica/bolsonarista-jurandir-marcelino-dos-reis-fofucho-do-bolsonaro-morreu-apos-cavar-tunel-proximo-a-sede-da-pf.html","É falso que bolsonarista tenha morrido ao cavar túnel para resgatar Jair Bolsonaro da Polícia Federal","780"
"3757","https://www.boatos.org/politica/bolsonaristas-fazem-acampamento-em-casa-de-cambio-revoltados-com-dolar-baixo-boato.html","Bolsonaristas fazem acampamento em casa de câmbio revoltados com dólar baixo #boato","531"
"3758","https://www.boatos.org/politica/bolsonaro-acaba-de-ser-reeleito-em-1o-turno-na-nova-zelandia.html","Bolsonaro acaba de ser reeleito em 1º turno, com 99% dos votos, na Nova Zelândia #boato","524"
"3759","https://www.boatos.org/politica/bolsonaro-acabou-se-revelar-esquema-jose-dirceu-stf-cia-disse-ganhou-1o-turno-tse-anulou-72-milhoes-votos-2018.html","Bolsonaro acabou se revelar esquema de José Dirceu e STF, CIA disse que ele ganhou no 1º turno e TSE anulou 7,2 milhões de votos de 2018 #boato","1942"
"3760","https://www.boatos.org/politica/bolsonaro-aplaudido-na-argentina-em-2022-mostra-video.html","Bolsonaro é aplaudido na Argentina em 2022, mostra vídeo #boato","797"
"3761","https://www.boatos.org/politica/bolsonaro-assinou-decreto-proibe-passaporte-diplomatico-saida-politicos-do-pais.html","Bolsonaro assinou decreto que proíbe passaporte diplomático e saída de políticos do país #boato","715"
"3762","https://www.boatos.org/politica/bolsonaro-constroi-maior-ponte-ferroviaria-america-latina-11-meses.html","Bolsonaro constrói a maior ponte ferroviária da América Latina em 11 meses #boato","566"
"3763","https://www.boatos.org/politica/bolsonaro-cortou-fundeb-professores-salario.html","Bolsonaro cortou quase 50% do Fundeb e professores terão salário reduzido #boato","778"
"3764","https://www.boatos.org/politica/bolsonaro-cria-postos-combustiveis-sem-cobranca-de-impostos-e-preco-gasolina-r280-litro.html","Bolsonaro cria postos de combustíveis sem cobrança de impostos e preço da gasolina de R$ 2,80 por litro #boato","959"
"3765","https://www.boatos.org/politica/bolsonaro-da-xeque-mate-tse-stf-prova-fraude-nas-urnas-eletronicas.html","Bolsonaro dá xeque-mate no TSE e STF e prova fraude nas urnas eletrônicas #boato","898"
"3766","https://www.boatos.org/politica/bolsonaro-decretou-tcoi-tribunal-constitucional-da-ordem-institucional.html","Bolsonaro decretou o TCOI (Tribunal Constitucional da Ordem Institucional) #boato","1138"
"3767","https://www.boatos.org/politica/bolsonaro-demitiu-funcionarios-empresa-trem-bala.html","Bolsonaro demitiu funcionários que ganhavam R$ 35 mil na empresa do trem-bala que nunca existiu #boato","1102"
"3768","https://www.boatos.org/politica/bolsonaro-derrubou-republica-provou-fraude-urnas-eletronicas.html","Bolsonaro derrubou a República e provou fraude nas urnas eletrônicas #boato","1102"
"3769","https://www.boatos.org/politica/bolsonaro-descobriu-23-bilhoes-pis-pasep-lula-pt.html","Bolsonaro descobriu R$ 23 bilhões do PIS/PASEP escondidos por Lula e o PT #boato","740"
"3770","https://www.boatos.org/politica/bolsonaro-disponibiliza-aviao-feministas-protestarem-contra-taliba-afeganistao.html","Bolsonaro disponibiliza avião para feministas protestarem contra Talibã no Afeganistão #boato","550"
"3771","https://www.boatos.org/politica/bolsonaro-diz-idoso-so-presta-pra-gastar-na-farmacia.html","Bolsonaro diz que idoso só presta pra gastar na farmácia #boato","667"
"3772","https://www.boatos.org/politica/bolsonaro-diz-que-padres-bispos-catolicos-de-aparecida-tem-postura-arrogante-post-twitter.html","Bolsonaro diz que padres e bispos católicos de Aparecida têm postura arrogante em post no Twitter #boato","804"
"3773","https://www.boatos.org/politica/bolsonaro-diz-que-se-esquerda-e-lula-ganharem-vai-morrer-muita-gente-ameaca-registrada-no-estadao.html","Bolsonaro diz que se esquerda e Lula ganharem “vai morrer muita gente” e ameaça é registrada no Estadão #boato","553"
"3774","https://www.boatos.org/politica/bolsonaro-diz-veja-o-qi-dos-meus-eleitores-e-muito-proximo-de-zero.html","Bolsonaro diz à Veja “o QI dos meus eleitores é muito próximo de zero” #boato","722"
"3775","https://www.boatos.org/politica/bolsonaro-esta-livre-nos-eua-e-a-pf-prendeu-apenas-um-sosia.html","História que aponta que Bolsonaro está “livre nos EUA” e fala de sósia é fake criado por figura conhecida no mundo da desinformação","865"
"3776","https://www.boatos.org/politica/bolsonaro-esta-na-frente-de-lula-com-41-em-pesquisa-mas-cnn-tenta-esconder.html","Bolsonaro está na frente de Lula (com 41%) em pesquisa, mas CNN tenta esconder #boato","870"
"3777","https://www.boatos.org/politica/bolsonaro-foi-eleito-com-65-dos-votos-relatorio-vai-sair-em-breve.html","Bolsonaro foi eleito com 65% dos votos e relatório vai sair em breve #boato","438"
"3778","https://www.boatos.org/politica/bolsonaro-foi-nomeado-como-embaixador-dos-eua-no-brasil-por-trump.html","É falso que Bolsonaro tenha sido nomeado embaixador dos EUA por Trump","448"
"3779","https://www.boatos.org/politica/bolsonaro-ganhou-passaporte-diplomatico-dos-eua-e-cidadania-americana-de-trump.html","Fake sobre passaporte diplomático dos EUA para Bolsonaro volta a circular na internet","430"
"3780","https://www.boatos.org/politica/bolsonaro-manda-tratores-bahia-rui-costa-nao-entrega.html","Bolsonaro manda tratores para Bahia e Rui Costa não entrega #boato","829"
"3781","https://www.boatos.org/politica/bolsonaro-ovacionado-ao-chegar-aeroporto-no-equador-mostra-video.html","Bolsonaro é ovacionado ao chegar em aeroporto no Equador, mostra vídeo #boato","610"
"3782","https://www.boatos.org/politica/bolsonaro-recebe-aposentadoria-r-68-mil-mostra-extrato.html","Bolsonaro recebe aposentadoria de R$ 68 mil, mostra extrato #boato","657"
"3783","https://www.boatos.org/politica/bolsonaro-recebeu-barra-de-ouro-joia-aperto-mao-militar.html","Não é possível afirmar que Bolsonaro recebeu barra de ouro ou joia valiosa em aperto de mão de militar","595"
"3784","https://www.boatos.org/politica/bolsonaro-teve-zero-votos-em-sao-gabriel-da-cachoeira-am.html","Bolsonaro teve zero votos em São Gabriel da Cachoeira (AM) #boato","834"
"3785","https://www.boatos.org/politica/bolsonaro-toma-iniciativa-2022-manda-recado-a-alexandre-de-moraes-apos-eleicoes.html","Bolsonaro toma iniciativa em 2022 manda recado a Alexandre de Moraes após eleições #boato","584"
"3786","https://www.boatos.org/politica/bolsonaro-ultrassom-destroi-celulas-cancerigenas-israel.html","Bolsonaro traz ultrassom que destrói células cancerígenas de Israel #boato","515"
"3787","https://www.boatos.org/politica/bolsonaro-vence-australia-bolsonaristas-comemoram-vitoria.html","Bolsonaro vence na Austrália e bolsonaristas comemoram vitória em vídeo de 2022 #boato","630"
"3788","https://www.boatos.org/politica/bolsonaro-venceu-as-eleicoes-no-1o-turno-em-2018-prova-imagem-de-parcial-da-apuracao.html","Bolsonaro venceu as eleições no 1º turno em 2018, prova imagem de parcial da apuração #boato","1341"
"3789","https://www.boatos.org/politica/bolsonaro-volta-brasil-recebido-multidao-aeroporto-2023.html","Bolsonaro volta ao Brasil e é recebido por multidão em aeroporto em 2023 #boato","454"
"3790","https://www.boatos.org/politica/bombeiro-maxwell-simoes-correa-suspeito-no-caso-marielle-posa-foto-bolsonaro.html","Bombeiro Maxwell Simões Corrêa, suspeito no caso Marielle, posa em foto com Bolsonaro #boato","483"
"3791","https://www.boatos.org/politica/boneco-do-xandao-alexandre-de-moraes-foi-lancado-para-venda-em-comercial-e-no-burger-king.html","É falso que o “Boneco do Xandão” de Alexandre de Moraes esteja sendo vendido ou distribuído no Burguer King","730"
"3792","https://www.boatos.org/politica/boulos-defende-lazaro-barbosa-diz-que-perseguicao-policial-racismo-estrutural.html","Boulos defende Lázaro Barbosa e diz que perseguição policial é “racismo estrutural” #boato","526"
"3793","https://www.boatos.org/politica/boulos-diz-colocar-moradores-rua-casa-pessoas-lockdown-diferente.html","Boulos diz que vai colocar moradores de rua na casa das pessoas em “lockdown diferente” #boato","689"
"3794","https://www.boatos.org/politica/braga-netto-e-processado-por-falar-sobre-criptomoedas-em-entrevista-censurada.html","Golpe cita entrevista “censurada” de Braga Netto sobre Criptomoedas","922"
"3795","https://www.boatos.org/politica/braulio-flores-escreveu-um-texto-dizendo-que-rubens-paiva-e-um-falso-martir.html","Texto sobre Rubens Paiva ser um falso mártir tem informações erradas e não é de Bráulio Flores","1292"
"3796","https://www.boatos.org/politica/brigadeiro-voos-gilmar-mendes-fab.html","Brigadeiro suspende voos de Gilmar Mendes em aviões da FAB #boato","594"
"3797","https://www.boatos.org/politica/caio-coppolla-proibido-pelo-stf-participar-programas-tv-radio-postar-redes-sociais.html","Caio Coppolla foi proibido pelo STF de participar de programas de TV e rádio e postar em redes sociais #boato","933"
"3798","https://www.boatos.org/politica/camera-oculta-flagra-quadrilha-do-pt-planejando-fraude-de-moraes-stf-urnas-e-pesquisas-contra-bolsonaro.html","História que aponta que câmera oculta flagrou quadrilha do PT planejando fraude de Moraes, STF, urnas e pesquisas contra Bolsonaro é falsa","1270"
"3799","https://www.boatos.org/politica/campos-neto-foge-para-os-eua-e-entrega-dossie-contra-lula-e-moraes-para-a-cia.html","É falso que Campos Neto pediu asilo nos EUA após entregar dossiê contra Lula e Moraes à CIA","851"
"3800","https://www.boatos.org/politica/cancelaram-o-nikolas-ferreira-em-todas-as-redes-sociais-em-2025.html","É falso que Nikolas Ferreira teve todas as redes sociais canceladas em 2025; vídeo é antigo","511"
"3801","https://www.boatos.org/politica/candidato-vereador-oferece-esposa-troca-votos.html","Candidato a vereador oferece esposa em troca de votos #boato","686"
"3802","https://www.boatos.org/politica/candidatura-lula-impugnada-tse-2022-anuncia-globo.html","Candidatura de Lula é impugnada pelo TSE em 2022, anuncia Globo #boato","476"
"3803","https://www.boatos.org/politica/careca-do-inss-fez-doacao-milionaria-a-campanha-do-pt.html","É falsa a alegação de que ‘Careca do INSS’ doou R$ 5 milhões para a campanha do PT","668"
"3804","https://www.boatos.org/politica/carmen-lucia-revelou-que-vai-se-aposentar-do-stf-por-pressao-de-donald-trump.html","É falso que Cármen Lúcia anunciará aposentadoria antecipada do STF após pressão de Trump","945"
"3805","https://www.boatos.org/politica/carne-bovina-esta-cara-por-culpa-friboi-lula-pt.html","Carne bovina está cara por culpa da Friboi, de Lula e do PT #boato","791"
"3806","https://www.boatos.org/politica/caseiro-sitio-atibaia-cofre.html","Caseiro do sítio de Atibaia diz que Lula tem cofre de concreto no local #boato","608"
"3807","https://www.boatos.org/politica/ccj-suspendeu-julgamento-de-bolsonaro-no-caso-do-golpe.html","É falso que a CCJ tenha suspendido o julgamento de Bolsonaro no caso do golpe","451"
"3808","https://www.boatos.org/politica/chefe-da-seguranca-do-rio-detona-lula-e-cita-o-brasil-como-narcoestado.html","É falso que “o chefe da Segurança do Rio de Janeiro” detonou Lula e citou o Brasil como narcoestado","1331"
"3809","https://www.boatos.org/politica/china-fecha-acordo-banca-doria-moro-mandetta-em-2022.html","China fecha acordo e banca Doria, Moro e Mandetta em 2022 #boato","507"
"3810","https://www.boatos.org/politica/cia-entregou-para-bolsonaro-pen-drive-com-denuncias-contra-esquerda-stf.html","CIA entregou para Bolsonaro pen drive com denúncias contra a esquerda e STF #boato","755"
"3811","https://www.boatos.org/politica/cientista-politica-norueguesa-frida-ruzzo-fala-fraude-eleitoral-brasil-video.html","Cientista política norueguesa Frida Ruzzo fala sobre fraude eleitoral no Brasil, mostra vídeo #boato","712"
"3812","https://www.boatos.org/politica/codigo-910563-diario-oficial-revela-general-helenoe-o-novo-presidente.html","Código 910563 no Diário Oficial revela que general Heleno é o novo presidente #boato","1144"
"3813","https://www.boatos.org/politica/comandante-da-marinha-se-volta-contra-advogado-de-militar-a-mando-de-alexandre-de-moraes.html","Vídeo que mostra discussão de advogado com membro da Marinha não tem relação com Alexandre de Moraes","623"
"3814","https://www.boatos.org/politica/comando-555-urna-eletronica.html","Comando 555 reinicia urna eletrônica e permite que você vote novamente #boato","936"
"3815","https://www.boatos.org/politica/comando-vermelho-vai-atacar-subestacoes-de-energia-e-faltar-luz-no-rio-de-janeiro.html","É falso que Comando Vermelho tenha ordenado ataque a subestações para ‘apagão geral’ no Rio após operação policial","864"
"3816","https://www.boatos.org/politica/comparacao-predios-do-cdhu-prova-que-era-bolsonaro-e-melhor-que-era-lula.html","Comparação de prédios do CDHU prova que era Bolsonaro é melhor do que era Lula #boato","841"
"3817","https://www.boatos.org/politica/comprovantes-votacao-mostram-eleitores-espirito-santo-ja-votaram-segundo-turno.html","Comprovantes de votação mostram que eleitores do Espírito Santo já votaram no segundo turno #boato","859"
"3818","https://www.boatos.org/politica/conde-de-portugal-escreveu-texto-exaltando-bolsonaro.html","É falso que “Conde de Portugal” escreveu texto sobre Bolsonaro","818"
"3819","https://www.boatos.org/politica/conta-twitter-michelle-bolsonaro-foi-suspensa-racismo-intolerancia-religiosa.html","Conta no Twitter de Michelle Bolsonaro foi suspensa por racismo e intolerância religiosa #boato","397"
"3820","https://www.boatos.org/politica/coronel-aeronautica-que-nao-e-bolsonarista-grava-audio-sobre-presidente.html","Coronel da Aeronáutica que não é bolsonarista grava áudio sobre o presidente #boato","780"
"3821","https://www.boatos.org/politica/cristiana-lobo-escreveu-texto-com-denuncia-de-plano-socialista-de-lula.html","Texto alarmista sobre plano socialista de Lula não é de Cristiana Lôbo, é antigo, reciclado e falso","1448"
"3822","https://www.boatos.org/politica/cristiano-zanin-suspendeu-julgamento-de-bolsonaro-no-stf.html","É falso que Cristiano Zanin tenha suspendido julgamento de Bolsonaro","690"
"3823","https://www.boatos.org/politica/cultivo-da-tilapia-vai-ser-proibido-pelo-governo-do-brasil.html","Não é verdade que cultivo da tilápia vá ser proibido pelo governo do Brasil","984"
"3824","https://www.boatos.org/politica/curso-obrigatorio-professores-bolsonaro.html","Curso obrigatório para professores ensina como atrapalhar governo Bolsonaro #boato","764"
"3825","https://www.boatos.org/politica/cyril-ramaphosa-enviou-mensagem-poderosa-a-lula-pedindo-acao-urgente-do-brics-contra-os-eua.html","História que aponta que Ramaphosa cobrou Lula sobre ação do Brics contra os EUA em “mensagem poderosa” é falsa","1412"
"3826","https://www.boatos.org/politica/daniele-moura-da-emerj-da-resposta-para-dias-toffoli-em-carta.html","Daniele Moura, da Emerj, dá resposta para Dias Toffoli em carta #boato","816"
"3827","https://www.boatos.org/politica/danilo-do-mst-homem-depredou-relogio-d-joao-vi-palacio-do-planalto.html","Danilo do MST é o homem que depredou relógio de D. João VI no Palácio do Planalto #boato","716"
"3828","https://www.boatos.org/politica/decalogo-lenin-escrito-1913.html","Decálogo de Lênin foi escrito em 1913 pelo pai do comunismo #boato","598"
"3829","https://www.boatos.org/politica/decreto-142-saiu-diario-oficial-de-hoje-brasil-esta-sob-intervencao-militar.html","Decreto 142 saiu no Diário Oficial de hoje e Brasil está sob intervenção militar #boato","852"
"3830","https://www.boatos.org/politica/deise-moura-acusada-de-envenenar-familia-no-rs-e-bolsonarista-em-redes-sociais.html","Perfil falso de Deise Moura está sendo utilizado em fake que a classifica como bolsonarista","509"
"3831","https://www.boatos.org/politica/delegado-fabio-alvarez-shor-e-um-traidor-da-patria-culpado-por-prender-bolsonaristas-inocentes.html","Ataques a delegado citam acusações sem provas e sem sentido de “traição da pátria”","666"
"3832","https://www.boatos.org/politica/delegado-rodrigo-bartolomei-acusa-lula-de-mandar-pcc-o-matar.html","Delegado Rodrigo Bartolomei acusa Lula de mandar PCC o matar #boato","1561"
"3833","https://www.boatos.org/politica/deltan-dallagnol-foi-agredido-por-militantes-de-esquerda-em-2025.html","É falso que Deltan Dallagnol foi agredido por esquerdistas na rua em 2025","411"
"3834","https://www.boatos.org/politica/deltan-dallagnol-nao-e-de-deus-mulher-ganhar-igual-homem-submissao-biblia.html","Deltan Dallagnol diz que “não é de Deus” mulher ganhar igual a homem e que submissão “está na Bíblia” #boato","407"
"3835","https://www.boatos.org/politica/deltan-fugiu-para-eua-dinheiro-pix-recebeu.html","Deltan fugiu para os EUA com dinheiro do Pix que recebeu #boato","633"
"3836","https://www.boatos.org/politica/deputado-enio-braga-psol-rj-cria-projeto-1244-2022-que-limita-municao-para-vigilantes.html","Deputado Ênio Braga (PSOL-RJ) cria projeto 1244/2022 que limita munição para vigilantes #boato","703"
"3837","https://www.boatos.org/politica/desfile-do-7-de-setembro-com-lula-estava-vazio-a-ffaa-tentou-distrair-presidente.html","Vídeo que mostra “7 de setembro vazio” e “FFAA distraindo Lula” é de área na qual público não tem acesso","537"
"3838","https://www.boatos.org/politica/dilma-e-fernando-pimentel-participaram-de-atentado-contra-antonio-carlos-jeffery-em-1968.html","Dilma e Fernando Pimentel participaram de atentado contra Antônio Carlos Jeffery em 1968 #boato","1348"
"3839","https://www.boatos.org/politica/dilma-passa-mal-nternada.html","Dilma passa mal, é internada e pode morrer #boato","468"
"3840","https://www.boatos.org/politica/dilma-presidente-petrobras-novo-governo-lula.html","Dilma vai ser presidente da Petrobras no novo governo Lula #boato","609"
"3841","https://www.boatos.org/politica/donald-trump-assistiu-em-celular-manifestacoes-de-7-de-setembro-a-favor-de-bolsonaro.html","Vídeo em que Donald Trump está olhando celular não tem relação com manifestações do 7 de setembro a favor de Bolsonaro","547"
"3842","https://www.boatos.org/politica/donald-trump-colocou-abraham-weintraub-sob-protecao-fbi.html","Donald Trump colocou Abraham Weintraub sob proteção do FBI nos EUA #boato","954"
"3843","https://www.boatos.org/politica/dono-das-farmacias-sao-joao-e-um-comunista-que-deu-presente-a-lula.html","Não há provas de que “dono da Farmácia São João” seja comunista “amigo de Lula”","558"
"3844","https://www.boatos.org/politica/dono-volpato-engates-relato-sobre-miseria-argentina-exalta-bolsonaro.html","Dono da Volpato Engates faz relato sobre miséria na Argentina e exalta Bolsonaro #boato","1057"
"3845","https://www.boatos.org/politica/doria-assinou-acordo-vacina-contra-covid-19-agosto-2019.html","Doria assinou acordo para produção de vacina contra Covid-19 em agosto de 2019 #boato","833"
"3846","https://www.boatos.org/politica/e-falso-que-alexandre-de-moraes-esteja-na-lista-da-interpol-por-fraude-em-entrada-de-filipe-martins.html","É falso que Alexandre de Moraes esteja na lista da Interpol por fraude em entrada de Filipe Martins","473"
"3847","https://www.boatos.org/politica/e-falso-que-mossad-de-israel-tenha-revelado-que-lula-financiou-hamas-hezbollah-ira-e-russia-com-dinheiro-do-pcc-e-narcotrafico.html","É falso que Mossad, de Israel, tenha revelado que Lula financiou Hamas, Hezbollah, Irã e Rússia com dinheiro do PCC e narcotráfico","876"
"3848","https://www.boatos.org/politica/edson-fachin-anunciou-investimento-em-criptomoedas-em-entrevista-ao-roda-viva.html","Golpe manjado de criptomoedas cita, desta vez, o ministro do STF Edson Fachin","510"
"3849","https://www.boatos.org/politica/edson-fachin-dono-predio-gigantesco-penha-sc.html","Edson Fachin é dono de um prédio gigantesco em Penha (SC) #boato","655"
"3850","https://www.boatos.org/politica/eduardo-bolsonaro-alerta-que-intervencao-militar-sera-divulgada-por-meio-de-pronunciamento-oficial.html","Eduardo Bolsonaro alerta que intervenção militar será divulgada por meio de pronunciamento oficial #boato","504"
"3851","https://www.boatos.org/politica/eduardo-bolsonaro-desviou-r-600-milhoes-da-lei-rouanet-para-empresa-nos-eua.html","É falso que Eduardo Bolsonaro desviou R$ 600 milhões da Lei Rouanet para sua empresa nos EUA","705"
"3852","https://www.boatos.org/politica/eduardo-bolsonaro-tentou-agredir-lula-na-onu-e-foi-preso-nos-eua.html","Vídeo de agressão de Eduardo Bolsonaro a Lula na ONU é criação por IA para cliques","877"
"3853","https://www.boatos.org/politica/eduardo-tagliaferro-delegado-de-alexandre-de-moraes-revela-que-foram-pessoas-do-mst-e-cpx-que-realizaram-ataques-do-8-de-janeiro.html","Pessoa do vídeo que acusa MST e CPX por 8 de janeiro (sem provas) não é Eduardo Tagliaferro e nem “delegado” de Alexandre de Moraes","1037"
"3854","https://www.boatos.org/politica/eleicoes-2014-divulgado-o-escandalo.html","Eleições 2014: divulgado o escândalo que todo mundo suspeitava #boato","780"
"3855","https://www.boatos.org/politica/elon-musk-ligou-para-nikolas-ferreira-apos-manifestacao.html","Elon Musk não ligou para Nikolas Ferreira após manifestação","651"
"3856","https://www.boatos.org/politica/elon-musk-processou-moraes-nos-eua-pediu-us-20-milhoes-e-prisao-internacional-imediata.html","É falso que Elon Musk processou Moraes nos EUA, pediu US$ 20 milhões e prisão internacional imediata","939"
"3857","https://www.boatos.org/politica/elon-musk-suspendeu-conta-do-jornal-o-globo-no-x-por-causa-de-noticia-sobre-trump.html","É falso que Elon Musk tenha suspendido conta do O Globo no X por causa de notícia sobre Trump","680"
"3858","https://www.boatos.org/politica/empresa-investigada-pelo-inss-pagou-aluguel-de-jatinho-de-r-32-milhoes-para-michelle-bolsonaro-e-nikolas-ferreira.html","É falso que Michelle Bolsonaro e Nikolas Ferreira tenham usado jatinho pago por empresa investigada pelo INSS","702"
"3859","https://www.boatos.org/politica/espectador-grita-prendam-o-lula-durante-paixao-de-cristo-nova-jerusalem.html","Espectador grita “prendam o Lula” durante Paixão de Cristo em Nova Jerusalém #boato","498"
"3860","https://www.boatos.org/politica/esposa-de-marcola-pcc-vai-assumir-ministerio-da-seguranca-publica-governo-lula.html","Esposa de Marcola do PCC vai assumir Ministério da Segurança Pública do governo Lula #boato","617"
"3861","https://www.boatos.org/politica/esquerda-centrao-mp-pensao-criancas-microcefalia.html","Esquerda e centrão vão derrubar MP que cria pensão para crianças com microcefalia #boato","564"
"3862","https://www.boatos.org/politica/esquerda-criou-virus-em-link-do-g1-que-fala-tse-reconheceu-vitoria-de-bolsonaro.html","Esquerda criou vírus em link falso do g1 que fala que TSE reconheceu vitória de Bolsonaro #boato","672"
"3863","https://www.boatos.org/politica/eua-descobrem-que-moraes-tentou-esconder-r-300-milhoes-na-china.html","É falso que Alexandre de Moraes tentou esconder R$ 300 milhões na China e EUA descobriu","591"
"3864","https://www.boatos.org/politica/ex-mulher-de-alexandre-de-moraes-foi-entregue-como-oferenda-para-seita.html","Teoria sobre ex-mulher de Alexandre de Moraes e “oferenda” é falsa","1059"
"3865","https://www.boatos.org/politica/exame-de-dna-provou-que-lula-nao-e-pai-de-lulinha.html","É falso que haja um exame de DNA que prove que presidente Lula não é o pai de Lulinha","739"
"3866","https://www.boatos.org/politica/executivo-santander-jose-antonio-alvarez-audio-economia-bolsonaro.html","Executivo do Santander José Antonio Álvarez grava áudio sobre economia e Bolsonaro #boato","892"
"3867","https://www.boatos.org/politica/exercito-colocou-tanques-porta-stf-pede-prisao-alexandre-de-moraes.html","Exército colocou tanques na porta do STF e pede a prisão de Alexandre de Moraes #boato","1284"
"3868","https://www.boatos.org/politica/exercito-convoca-imprensa-para-coletiva-8-de-novembro-que-vai-anunciar-resultado-auditoria-das-eleicoes.html","Exército convoca imprensa para coletiva em 8 de novembro em que vai anunciar resultado da auditoria das eleições #boato","826"
"3869","https://www.boatos.org/politica/exercito-encontrou-agua-caico-rn-bolsonaro.html","Exército encontrou água potável em Caicó (RN) a mando do governo Bolsonaro #boato","505"
"3870","https://www.boatos.org/politica/exercito-recreio-dos-bandeirantes-rio-de-janeiro-iniciar-intervencao-militar.html","Exército está no Recreio dos Bandeirantes (Rio de Janeiro) para iniciar intervenção militar #boato","467"
"3871","https://www.boatos.org/politica/familias-que-tem-mais-de-um-filho-vao-ter-que-pagar-taxa-para-o-governo.html","É falso que governo aprovou lei que obriga famílias com mais de um filho a pagar taxa","792"
"3872","https://www.boatos.org/politica/fatima-bezerra-gasta-r-11-milhoes-para-construir-14-casas-no-rio-grande-do-norte.html","Fátima Bezerra gasta R$ 11 milhões para construir 14 casas no Rio Grande do Norte #boato","775"
"3873","https://www.boatos.org/politica/fbi-pede-prisao-de-alexandre-de-moraes-para-augusto-aras.html","FBI pede prisão e extradição de Alexandre de Moraes para Augusto Aras #boato","629"
"3874","https://www.boatos.org/politica/felipe-santa-cruz-presidente-oab-investigado.html","Felipe Santa Cruz, presidente da OAB, é investigado pelo sumiço de R$ 8 milhões #boato","476"
"3875","https://www.boatos.org/politica/fhc-deixou-testamento-com-heranca-em-plataforma-de-investimento-para-filhos.html","É falso que FHC deixou testamento com herança em plataforma de investimento para filhos","1420"
"3876","https://www.boatos.org/politica/filho-marcelo-freixo-saiu-travestis-nao-pagou-foi-exposto-video.html","Filho de Marcelo Freixo saiu com travestis, não pagou e foi exposto em vídeo #boato","709"
"3877","https://www.boatos.org/politica/filho-prefeito-pt-apanha-apos-agredir-policial-mostra-video.html","Filho do prefeito do PT apanha após agredir policial, mostra vídeo #boato","488"
"3878","https://www.boatos.org/politica/filhos-de-barroso-bernardo-e-luna-foram-deportados-em-aviao-dos-eua-para-manaus-apos-se-esconderem-e-consulado-do-brasil-em-nova-york.html","É falso que filhos de Barroso, Bernardo e Luna, foram deportados em avião dos EUA para Manaus após se esconderem no consulado do Brasil em Nova York","639"
"3879","https://www.boatos.org/politica/flavio-dino-decidiu-que-o-stf-pode-confiscar-dinheiro-dos-bancos-com-adpf-1178.html","É falso que Flávio Dino decidiu que o STF pode confiscar dinheiro dos bancos com ADPF 1178","642"
"3880","https://www.boatos.org/politica/flavio-dino-responde-277-processos-justica.html","Flávio Dino responde a 277 processos na Justiça #boato","655"
"3881","https://www.boatos.org/politica/foi-descoberto-que-dias-toffoli-e-aras-planejaram-golpe-contra-lula-junto-com-bolsonaro.html","Post com denúncia de golpe entre Toffoli, Aras e Bolsonaro que cita artigo 142 é infundado","552"
"3882","https://www.boatos.org/politica/forcas-armadas-ffaa-convoca-imprensa-coletiva-amanha-anunciar-intervencao-militar.html","Forças Armadas (FFAA) convoca a imprensa para coletiva amanhã para anunciar intervenção militar #boato","412"
"3883","https://www.boatos.org/politica/foto-de-200-pessoas-mostra-comitiva-que-viajou-com-lula-na-china.html","Foto de 200 pessoas mostra comitiva que viajou com Lula na China #boato","634"
"3884","https://www.boatos.org/politica/foto-de-bolsonaro-vorcaro-e-campos-neto-abracados-e-real.html","Imagem de Bolsonaro, Daniel Vorcaro e Campos Neto abraçados é fake criado por IA","731"
"3885","https://www.boatos.org/politica/foto-mostra-bolsonaro-sem-cicatriz-da-facada.html","Foto mostra Bolsonaro sem cicatriz no local em que levou facada em 2018 #boato","808"
"3886","https://www.boatos.org/brasil/aviao-da-fab-passa-entre-torres-congresso-nacional.html","Avião da FAB passa entre as torres do Congresso Nacional #boato","918"
"3887","https://www.boatos.org/brasil/caminhoes-frigorificos-estao-sendo-usados-para-guardar-2-mil-mortos-das-enchentes-do-rs.html","Caminhões frigoríficos estão sendo usados para guardar 2 mil mortos das enchentes do RS?","1014"
"3888","https://www.boatos.org/brasil/cobertores-da-dona-tereza-estao-sendo-vendidos-para-tratamento-da-neta.html","Venda de cobertores artesanais da Dona Tereza para tratamento de neta não passa de um golpe em redes sociais","1042"
"3889","https://www.boatos.org/brasil/jovem-passa-em-medicina-em-universidade-federal-mas-e-impedida-de-estudar-pela-mae.html","É falso que jovem tenha passado em medicina em federal e sido impedida pela mãe","733"
"3890","https://www.boatos.org/brasil/vaquinha-para-o-tenente-gabriel-baleado-no-complexo-do-alemao-e-real.html","Golpe cita vaquinha para o Tenente Gabriel, que teria sido baleado no Complexo do Alemão","803"
"3891","https://www.boatos.org/brasil/caminhoes-frigorificos-estao-sendo-usados-para-guardar-2-mil-mortos-das-enchentes-do-rs.html","Caminhões frigoríficos estão sendo usados para guardar 2 mil mortos das enchentes do RS?","1014"
"3892","https://www.boatos.org/brasil/fachin-proibiu-policia-favelas-esquerda-trafico-antifas-chineses-atacarem-governo.html","Fachin proibiu polícia de entrar em favelas para esquerda, tráfico, Antifas e chineses atacarem o governo #boato","903"
"3893","https://www.boatos.org/brasil/filho-concreta-pai-68-anos-usar-aposentadoria.html","Filho concreta pai de 68 anos para usar aposentadoria #boato","524"
"3894","https://www.boatos.org/brasil/idoso-de-95-anos-andando-a-280-km-h.html","Idoso de 95 anos é flagrado pela PRF andando de moto a 280 km/h em Uruguaiana (RS) #boato","894"
"3895","https://www.boatos.org/brasil/video-mostra-arrastao-no-tunel-santa-barbara-no-rio-em-2025.html","Vídeo no túnel Santa Bárbara não é de 2025 e não mostra um arrastão no Rio de Janeiro","664"
"3896","https://www.boatos.org/ciencia/assistir-big-brother-deixa-voce-mais-burro-aponta-boato.html","Assistir Big Brother deixa você mais burro, aponta boato","640"
"3897","https://www.boatos.org/entretenimento/camila-pitanga-tais-araujo-que-separou-de-lazaro-ramos-assumem-relacionamento-amoroso.html","Camila Pitanga e Taís Araújo (que se separou de Lázaro Ramos) assumem relacionamento amoroso #boato","805"
"3898","https://www.boatos.org/entretenimento/lady-gaga-beija-mulher-protestava-contra-ela-disse-duas-vao-para-inferno.html","Lady Gaga beija mulher que protestava contra ela e disse que as duas vão para o inferno #boato","543"
"3899","https://www.boatos.org/entretenimento/pt-construiu-teatro-r-20-milhoes-cidade-crisopolis-ba.html","PT construiu teatro de R$ 20 milhões na cidade de Crisópolis (BA) #boato","894"
"3900","https://www.boatos.org/entretenimento/video-mostra-quadrigemeos-cantando-musica-dos-bee-gees.html","Vídeo de quadrigêmeos cantando música “How Deep is Your Love” do Bee Gees é montagem","611"
"3901","https://www.boatos.org/entretenimento/william-bonner-assumiu-que-e-bissexual-apos-anos-em-silencio.html","É falso que o apresentador William Bonner assumiu publicamente que é bissexual","698"
"3902","https://www.boatos.org/esporte/apostas-esportivas-em-futebol-ao-vivo-realmente-nao-sao-uma-boa-escolha-boato.html","Apostas esportivas em futebol ao vivo realmente não são uma boa escolha #boato","713"
"3903","https://www.boatos.org/esporte/apostas-esportivas-sao-ilegais-no-brasil.html","Apostas esportivas são ilegais no Brasil #boato","482"
"3904","https://www.boatos.org/esporte/ganhe-milhoes-de-bonus-em-apostas-esportivas.html","Ganhe milhões de bônus em apostas esportivas #boato","539"
"3905","https://www.boatos.org/esporte/jovem-patinador-de-gelo-ficou-cego-apos-sua-mae-pular-da-janela-para-salvar-de-incendio.html","Patinador no gelo em vídeo não é cego e não perdeu mãe que pulou de prédio em incêndio","946"
"3906","https://www.boatos.org/esporte/neymar-cai-durante-desfile-de-moda-dubai-mostra-video.html","Neymar cai durante desfile de moda em Dubai, mostra vídeo #boato","659"
"3907","https://www.boatos.org/fast-checking/boato-sem-comprovacao-vinicius-de-moraes-escreveu-texto-amizade-inseparavel.html","Boato sem comprovação: Vinicius de Moraes escreveu texto Amizade Inseparável","505"
"3908","https://www.boatos.org/lista/30-fake-news-sobre-o-papa-francisco-que-circularam-do-seu-pontificado-ate-sua-morte.html","30 fake news sobre o papa Francisco que circularam do seu pontificado até sua morte","414"
"3909","https://www.boatos.org/mundo/baleia-tentou-engolir-lancha-com-tripulantes-em-alto-mar.html","Vídeo que mostraria baleia engolindo tripulantes em alto-mar foi criado com IA","515"
"3910","https://www.boatos.org/mundo/china-esta-sob-golpe-milita-xi-jinping-esta-preso.html","China está sob golpe militar e Xi Jinping está preso #boato","618"
"3911","https://www.boatos.org/mundo/claudia-sheinbaum-fez-discurso-contra-os-eua-e-defendeu-unidade-da-america-latina.html","Texto sobre imperialismo dos EUA e América Latina unida não é de Claudia Sheinbaum, presidente do México","1928"
"3912","https://www.boatos.org/mundo/general-que-traiu-lider-iraniano-ali-khamenei-tirou-a-propria-vida-em-transmissao-ao-vivo.html","Vídeo de homem tirando a própria vida em live é atribuído falsamente a general que teria “traído Ali Khamenei” no Irã","629"
"3913","https://www.boatos.org/mundo/george-soros-foi-preso-e-seu-filho-acabou-de-fugir-para-dubai.html","É falso que George Soros foi preso e que seu filho teve de fugir para Dubai","1165"
"3914","https://www.boatos.org/mundo/nova-constituicao-da-venezuela-foi-promulgada-e-manifestantes-queimaram-motos-em-protesto.html","Nova constituição da Venezuela foi promulgada e manifestantes queimaram motos em protesto #boato","721"
"3915","https://www.boatos.org/mundo/presidente-do-chile-gabriel-boric-posa-com-foto-de-jesus-travesti.html","Presidente do Chile, Gabriel Boric, posa com foto de Jesus travesti #boato","652"
"3916","https://www.boatos.org/politica/foto-mostra-manifestacao-a-favor-bolsonaro-copacabana-mar-de-gente.html","Foto mostra manifestação a favor de Bolsonaro em Copacabana com “mar de gente” #boato","661"
"3917","https://www.boatos.org/politica/foto-mostra-randolfe-rodrigues-fazendo-pose-quando-era-crianca.html","Foto mostra Randolfe Rodrigues fazendo pose quando era criança #boato","783"
"3918","https://www.boatos.org/politica/foto-mostra-reuniao-de-sosias-de-lula-em-brasilia.html","Apesar de ser de fake news tosca, “reunião de sósias de Lula” foi compartilhada como real","403"
"3919","https://www.boatos.org/politica/fraude-eleicoes-foi-confirmada-em-secao-confresa-mt-que-teve-zero-votos-para-bolsonaro.html","Fraude nas eleições foi confirmada em seção de Confresa (MT) que teve zero votos para Bolsonaro #boato","1147"
"3920","https://www.boatos.org/politica/frei-chico-lupi-e-careca-do-inss-promoveram-festa-de-despedida-com-ferraris.html","Vídeo de festa com Ferraris não tem ligação com fraudes do INSS, Lupi e Frei Chico","594"
"3921","https://www.boatos.org/politica/funai-venda-terras-indigenas-estrangeiros-bolsonaro.html","Funai suspende venda de terra indígenas para estrangeiros a mando de Bolsonaro #boato","708"
"3922","https://www.boatos.org/politica/garcom-tirou-foto-de-conta-de-lula-de-9-400-euros-em-almoco-em-portugal-boato.html","Garçom tirou foto de conta de Lula de 9.400 euros em almoço em Portugal #boato","464"
"3923","https://www.boatos.org/politica/geddel-cancer-fazendas-lula-dilma.html","Geddel está com câncer e denuncia fazendas de Lula e Dilma em vídeo #boato","430"
"3924","https://www.boatos.org/politica/geddel-vieira-infarto-denuncia-lula.html","Geddel Vieira teve um infarto e gravou vídeo denunciando Lula #boato","507"
"3925","https://www.boatos.org/politica/geddel-vieira-lima-teve-infarto-resolveu-gravar-video-denunciando-lula.html","Geddel Vieira Lima teve um infarto e resolveu gravar um vídeo denunciando Lula #boato","521"
"3926","https://www.boatos.org/politica/general-augusto-heleno-grava-audio-sobre-intervencao-militar-no-caso-da-vitoria-de-lula.html","General Augusto Heleno grava áudio sobre intervenção militar no caso da vitória de Lula #boato","1000"
"3927","https://www.boatos.org/politica/general-augusto-heleno-publica-texto-weintraub-trump-fbi-banco-mundial.html","General Augusto Heleno publica texto sobre Weintraub, Trump, FBI e Banco Mundial #boato","941"
"3928","https://www.boatos.org/politica/general-chama-alexandre-de-moraes-e-bichona-e-diz-que-ministro-e-apaixonado-por-daniel-silveira.html","General chama Alexandre de Moraes e “bichona” e diz que ministro é apaixonado por Daniel Silveira #boato","448"
"3929","https://www.boatos.org/politica/general-do-exercito-da-anistia-e-bolsonaro-esta-livre.html","É falso que “general do Exército decretou anistia” para Bolsonaro e o libertou","998"
"3930","https://www.boatos.org/politica/general-do-stm-aprovou-expulsao-de-comandante-do-exercito-por-crimes-de-traicao.html","É falso que general do Exército tenha sido expulso por traição após decisão do STM","637"
"3931","https://www.boatos.org/politica/general-figueiredo-fez-alerta-sobre-criacao-do-pt-em-1980.html","General Figueiredo fez alerta sobre criação do PT em 1980 #boato","716"
"3932","https://www.boatos.org/politica/general-heleno-grava-audio-de-guerra-das-forcas-armadas-contra-esquerda-e-intervencao-militar.html","General Heleno grava áudio falando de guerra das Forças Armadas contra esquerda e intervenção militar #boato","1178"
"3933","https://www.boatos.org/politica/general-heleno-ministro-abandona-governo-bolsonaro-canalha-frouxo.html","General Heleno diz que ministro que abandona o governo Bolsonaro é um canalha frouxo #boato","491"
"3934","https://www.boatos.org/politica/general-pocollino-grava-audio-sobre-o-que-dentro-lei-deve-acontecer-bolsonaro-stf.html","General Pocollino grava áudio sobre o que, dentro da lei, deve acontecer com Bolsonaro e STF #boato","1477"
"3935","https://www.boatos.org/politica/gibi-turma-monica-drogas-bolsonaro.html","Gibi da Turma da Mônica contra as drogas foi pedido por Bolsonaro #boato","458"
"3936","https://www.boatos.org/politica/gilmar-mendes-teve-bens-em-portugal-bloqueados-por-trump-e-lei-magnitsky.html","É falsa a história de que Gilmar Mendes teve bens em Portugal bloqueados por Trump e Lei Magnitsky","523"
"3937","https://www.boatos.org/politica/giorgia-meloni-criticou-lula-e-disse-que-nao-iria-comentar-imbecilidades-sobre-holocausto.html","É falso que a primeira-ministra Giorgia Meloni tenha criticado Lula após fala dele sobre Israel","497"
"3938","https://www.boatos.org/politica/gleisi-hoffmann-presta-solidariedade-donos-balsas-bolsonaro-inaugurar-ponte-acre.html","Gleisi Hoffmann presta solidariedade a donos de balsas após Bolsonaro inaugurar ponte no Acre #boato","578"
"3939","https://www.boatos.org/politica/gleisi-hoffmann-suspensao-whatsapp-2-turno-eleicoes-2022.html","Gleisi Hoffmann pede suspensão do WhatsApp até o fim do 2º turno das eleições de 2022 #boato","586"
"3940","https://www.boatos.org/politica/gleisi-vai-devolver-r-1-milhao-petrobras-2024.html","É falso que a presidente do PT vai ter que devolver R$ 1 milhão para a Petrobras em 2024","449"
"3941","https://www.boatos.org/politica/governador-de-santa-catarina-cria-passaporte-e-visto-para-entrar-no-estado.html","É falso que governador de Santa Catarina tenha criado passaporte e visto para restringir a entrada no estado","806"
"3942","https://www.boatos.org/politica/governador-de-sergipe-belivaldo-chagas-quem-descumprir-lockdown-levar-porrada.html","Governador de Sergipe, Belivaldo Chagas, diz que quem descumprir lockdown vai levar porrada #boato","790"
"3943","https://www.boatos.org/politica/governo-aprovou-confisco-de-valores-a-receber-em-bancos.html","Projeto de lei sobre valores a receber não aprovou confisco de dinheiro em bancos","1360"
"3944","https://www.boatos.org/politica/governo-bolsonaro-ponte-estaiada-ilheus.html","Governo Bolsonaro constrói ponte estaiada de Ilhéus (BA), mostra vídeo #boato","654"
"3945","https://www.boatos.org/politica/governo-demitir-396-mil-funcionarios-publicos-auxilio-emergencial.html","Governo vai demitir 396 mil funcionários públicos que receberam auxílio emergencial #boato","729"
"3946","https://www.boatos.org/politica/governo-desviou-27-caminhoes-filho-de-lula-porto-velho.html","É falso que 27 caminhões 0 km foram desviados para o filho de Lula em Porto Velho","679"
"3947","https://www.boatos.org/politica/governo-lula-e-haddad-lancaram-plataforma-de-investimento-que-garante-uma-renda-alta-de-milhares-de-reais-por-semana.html","Golpe que usa nomes de Fernando Haddad, Lula e governo fala de plataforma com “renda garantida”","1052"
"3948","https://www.boatos.org/politica/governo-lula-lancou-decreto-preve-banheiro-unissex-obrigatorio-brasil.html","Não é verdade que governo Lula tenha lançado um decreto que preveja banheiro unissex no Brasil","1221"
"3949","https://www.boatos.org/politica/governo-lula-retirou-r-84-milhoes-do-bolsa-familia-para-a-secom.html","É falso que governo Lula tenha retirado R$ 84 milhões do Bolsa Família para a Secom","486"
"3950","https://www.boatos.org/politica/governo-lula-vai-aumentar-idade-de-aposentadoria-para-78-anos.html","Não é verdade que Lula tenha resolvido aumentar idade de aposentadoria para 78 anos","615"
"3951","https://www.boatos.org/politica/governo-lula-vai-cobrar-imposto-para-quem-tem-caes-e-outros-pets.html","É falso que governo Lula tenha aprovado imposto de R$ 740 para quem tem cães e outros pets","466"
"3952","https://www.boatos.org/politica/governo-lula-vai-interromper-pagamentos-de-aposentados-do-inss-por-falta-de-recursos-financeiros.html","Ao contrário do que sugerem mensagens, governo Lula não vai interromper pagamentos a aposentados por falta de recursos no INSS","694"
"3953","https://www.boatos.org/politica/governo-lula-vai-passar-a-cobrar-mensalidade-em-universidades-publicas.html","Governo Lula garante que não irá cobrar mensalidades em universidades públicas","1265"
"3954","https://www.boatos.org/politica/governo-lula-vai-usar-multa-do-fgts-e-seguro-desemprego-para-reduzir-rombo-das-contas-publicas.html","É falso que Governo Lula usará multa do FGTS e seguro-desemprego para fechar contas públicas","1394"
"3955","https://www.boatos.org/politica/governo-privatizou-e-vendeu-terras-indigenas-14-do-brasil-para-a-ambipar.html","Protocolo de intenções entre governo e Ambipar não é de privatização de terras indígenas","1057"
"3956","https://www.boatos.org/politica/greve-dos-caminhoneiros-contra-prisao-de-bolsonaro-vai-parar-o-brasil-em-dezembro-de-2025.html","Não haverá greve dos caminhoneiros contra prisão de Bolsonaro que vai parar o Brasil em dezembro de 2025","907"
"3957","https://www.boatos.org/politica/greve-dos-caminhoneiros-dia-4-e-do-agro-dia-7-vai-parar-o-brasil-por-causa-de-bolsonaro.html","Ao contrário do que sugerem mensagens, não haverá greve dos caminhoneiros (dia 4) ou do agro (dia 7) que vai parar o Brasil","835"
"3958","https://www.boatos.org/politica/gritaram-prendam-o-bolsonaro-durante-paixao-de-cristo-em-nova-jerusalem-pe.html","Gritaram “prendam o Bolsonaro” durante Paixão de Cristo em Nova Jerusalém (PE) #boato","603"
"3959","https://www.boatos.org/politica/grupo-no-whatsapp-pt-60-e-um-link-raptor-para-capturar-dados-de-idosos-para-golpes.html","Não há prova que grupo no WhatsApp PT 60+ é um link raptor criado por golpistas","743"
"3960","https://www.boatos.org/politica/grupo-terrorista-antifa-george-soros-chega-brasil-impedir-manifestacoes-pro-bolsonaro.html","Grupo terrorista Antifa, de George Soros, chega ao Brasil para impedir manifestações pró-Bolsonaro #boato","730"
"3961","https://www.boatos.org/politica/grupos-armados-querem-resgatar-bolsonaro-da-prisao.html","É falso que grupos armados estejam organizando resgate de Bolsonaro da prisão","649"
"3962","https://www.boatos.org/politica/guerra-civil-porque-pt-mandou-cassar-todos-os-deputados-do-pl-em-2025.html","É falso que vá haver uma guerra civil ou que PT tenha mandado cassar deputados do PL","644"
"3963","https://www.boatos.org/politica/guerrilheiros-estrangeiros-gravam-video-de-apoio-a-lula-e-ameacam-o-brasil.html","Guerrilheiros estrangeiros gravam vídeo de apoio a Lula e ameaçam o Brasil #boato","687"
"3964","https://www.boatos.org/politica/guilherme-boulos-nunca-trabalhou-nunca-estudou.html","Guilherme Boulos nunca trabalhou e nunca estudou na vida #boato","383"
"3965","https://www.boatos.org/politica/haddad-comecou-a-cobrar-imposto-de-renda-com-ganhos-de-aluguel-em-2023.html","Haddad começou a cobrar Imposto de Renda com ganhos de aluguel em 2023 #boato","588"
"3966","https://www.boatos.org/politica/haddad-disse-que-vai-taxar-tudo-e-anunciou-imposto-para-animais-de-estimacao-gravidas-e-bets.html","É falso que Haddad tenha dito que vai taxar tudo e criar impostos para pets e grávidas","612"
"3967","https://www.boatos.org/politica/haddad-reclama-que-brasileiro-fica-7-meses-trabalhando-sem-pagar-impostos.html","É falso que Fernando Haddad tenha “reclamado” que brasileiro fica 7 meses sem trabalhar para pagar impostos","474"
"3968","https://www.boatos.org/politica/harley-davidson-lancar-moto-homenagem-bolsonaro-mito-2022jb.html","Harley-Davidson vai lançar moto em homenagem a Bolsonaro, a MITO-2022JB #boato","751"
"3969","https://www.boatos.org/politica/havan-vai-sair-do-brasil-e-anuncio-foi-feito-por-luciano-hang.html","É falso que Luciano Hang anunciou que Havan vai sair do Brasil","629"
"3970","https://www.boatos.org/politica/havera-greve-dos-caminhoneiros-em-janeiro-de-2025-por-causa-de-lula-e-alexandre-de-moraes.html","É falso que haverá greve de caminhoneiros em janeiro de 2025 e devemos estocar alimentos","396"
"3971","https://www.boatos.org/politica/hino-nacional-foi-cantado-errado-lancamento-da-pre-campanha-de-lula-boato.html","Hino Nacional foi cantado errado durante lançamento da pré-campanha de Lula #boato","627"
"3972","https://www.boatos.org/politica/homem-se-fantasia-orgaos-genitais-em-apresentacao-cultural-em-escola-brasil.html","Homem se fantasia de órgãos genitais em apresentação cultural em escola do Brasil #boato","735"
"3973","https://www.boatos.org/politica/homem-tentou-realizar-atentado-contra-bolsonaro-durante-motociata-em-2022.html","Homem tentou realizar atentado contra Bolsonaro durante motociata em 2022 #boato","604"
"3974","https://www.boatos.org/politica/hotel-brisa-maragogi-filho-de-renan-calheiros.html","Hotel Brisa, em Maragogi, é do filho de Renan Calheiros #boato","862"
"3975","https://www.boatos.org/politica/ibama-do-governo-lula-envia-gado-roubado-de-fazendas-para-venezuela-e-cuba.html","É falso que Ibama esteja enviando gado “roubado” para Venezuela e Cuba","1196"
"3976","https://www.boatos.org/politica/ibama-recebia-ordens-do-stf-para-colocar-fogo-na-amazonia.html","“Ordem” do STF para o Ibama não tem relação com “colocar fogo na Amazônia”","532"
"3977","https://www.boatos.org/politica/ifood-esta-fazendo-propaganda-contra-bolsonaro-notas-fiscais.html","iFood está fazendo propaganda contra Bolsonaro nas notas fiscais #boato","404"
"3978","https://www.boatos.org/politica/igreja-catolica-acaba-de-fechar-apoio-a-candidatura-de-bolsonaro.html","Igreja Católica acaba de fechar apoio à candidatura de Bolsonaro #boato","716"
"3979","https://www.boatos.org/politica/informacao-errada-aecio-neves-sera-julgado-por-desvio-de-verba-em-mg.html","Informação errada: Aécio Neves será julgado por desvio de verba em MG","617"
"3980","https://www.boatos.org/politica/informacao-falsa-cidade-jesus-itabapoana-recusa-votar.html","Informação falsa: cidade de Bom Jesus de Itabapoana se recusa a votar","409"
"3981","https://www.boatos.org/politica/informacao-falsa-pt-traz-20-mil-haitianos-para-o-brasil-para-formar-milicia.html","Informação falsa: PT traz 20 mil haitianos para o Brasil para formar milícia","516"
"3982","https://www.boatos.org/politica/integrante-do-mst-tira-foto-com-dilma.html","Integrante do MST tira foto com Dilma e é preso com R$ 55 mil #boato","594"
"3983","https://www.boatos.org/politica/interpol-rejeitou-pedido-de-prisao-de-moraes-contra-carla-zambelli.html","É falso que Interpol rejeitou incluir Carla Zambelli em lista vermelha por causa de Alexandre de Moraes","463"
"3984","https://www.boatos.org/politica/irmao-adelio-bispo-denuncia-bolsonaro-faz-pressao-para-culpar-lula.html","Irmão de Adélio Bispo denuncia que Bolsonaro faz pressão para culpar Lula #boato","1041"
"3985","https://www.boatos.org/politica/jean-wyllys-desapareceu-depois-ser-intimado-depor-sobre-caso-adelio.html","Jean Wyllys desapareceu depois de ser intimado a depor sobre caso Adélio #boato","911"
"3986","https://www.boatos.org/politica/jean-wyllys-filme-jesus.html","Jean Wyllys vai lançar o filme Jesus A Diva da Mentira #boato","487"
"3987","https://www.boatos.org/politica/jean-wyllys-lancar-filme-corpus-christi-uma-parodia-de-jesus-gay-com-dinheiro-da-lei-rouanet.html","Jean Wyllys vai lançar filme Corpus Christi, uma paródia de Jesus gay, com dinheiro da Lei Rouanet #boato","550"
"3988","https://www.boatos.org/politica/joaquim-barbosa-foi-preso-por-tentar-fraudar-plataforma-de-investimentos-em-criptomoedas.html","Falsa acusação contra Joaquim Barbosa esconde golpe com plataforma de investimentos em criptomoedas","1086"
"3989","https://www.boatos.org/politica/joesley-batista-carta-pt-jbs-foods-internacional.html","Joesley Batista escreve carta de agradecimento ao PT após Friboi virar JBS Foods Internacional #boato","886"
"3990","https://www.boatos.org/politica/jornal-o-globo-revela-que-alexandre-de-moraes-negociou-decisoes-do-stf.html","É falso que o jornal O Globo tenha revelado que Alexandre de Moraes negociou propinas no STF","941"
"3991","https://www.boatos.org/politica/jose-de-abreu-tentou-humilhar-tarcisio-no-roda-viva-mas-acabou-calado.html","É falso que José de Abreu tenha tentado humilhar Tarcísio no Roda Viva e tenha ouvido resposta","1348"
"3992","https://www.boatos.org/politica/jose-dirceu-acaba-de-ameacar-brasileiros-cristaos-conservadores-de-morte.html","José Dirceu acaba de ameaçar brasileiros cristãos e conservadores de morte #boato","493"
"3993","https://www.boatos.org/politica/jose-dirceu-disse-que-o-brasil-ja-e-cuba-e-que-pt-dominou-os-poderes-e-as-forcas-armadas.html","Não há comprovação de que José Dirceu disse que Brasil “já é Cuba” e que PT dominou todos os poderes","692"
"3994","https://www.boatos.org/politica/jose-dirceu-foi-para-chile-preparar-plano-fuga-da-cupula-do-pt.html","José Dirceu foi para o Chile preparar plano de fuga da cúpula do PT #boato","667"
"3995","https://www.boatos.org/politica/jose-dirceu-vai-pagar-propina-para-deputados-senadores-nao-aprovarem-voto-impresso.html","José Dirceu vai pagar propina para deputados e senadores não aprovarem voto impresso #boato","913"
"3996","https://www.boatos.org/politica/jovem-desmascara-lula-na-uniao-europeia-em-2022.html","Jovem desmascara Lula na União Europeia em 2022 #boato","713"
"3997","https://www.boatos.org/politica/juiz-faz-denuncia-de-propina-contra-ministros-do-stf-boato.html","Juiz faz denúncia de propina contra ministros do STF #boato","508"
"3998","https://www.boatos.org/politica/juiz-italiano-concedeu-habeas-corpus-preventivo-a-carla-zambelli.html","É falso que juiz italiano tenha concedido habeas corpus a Carla Zambelli","557"
"3999","https://www.boatos.org/politica/juiz-morto-em-sergipe-investigava-irmao-de-lula-no-caso-inss.html","É falso que juiz morto em Sergipe era responsável por caso do irmão de Lula","617"
"4000","https://www.boatos.org/politica/justica-bloqueou-perfis-alexandre-garcia-impos-multa-r-300-mil.html","É falso que perfis de Alexandre Garcia tenham sido bloqueado pela Justiça","419"
"4001","https://www.boatos.org/politica/kim-kataguiri-disse-ha-ignorantes-que-falam-sobre-vincent-van-gogh-sem-nunca-terem-escutado-uma-so-cancao-ele-compos.html","Kim Kataguiri não deu declaração sobre canções que Van Gogh compôs","473"
"4002","https://www.boatos.org/politica/laurene-santos-atacada-bolsonaro-sem-mascara.html","Repórter Laurene Santos, atacada por Bolsonaro, foi flagrada sem máscara durante a pandemia #boato","441"
"4003","https://www.boatos.org/politica/lindbergh-farias-mandou-assaltar-casa-de-pessoas-da-familia-bolsonaro.html","É falso que Lindbergh Farias foi mandante de assalto à família Bolsonaro","1054"
"4004","https://www.boatos.org/politica/livia-gomes-terra-procurada-atentado.html","Lívia Gomes Terra é procurada pelo atentado contra Bolsonaro #boato","1242"
"4005","https://www.boatos.org/politica/livro-haddad-cita-decalogo-lenin.html","Livro de Haddad “Em Defesa do Socialismo” cita o “Decálogo de Lênin” #boato","757"
"4006","https://www.boatos.org/politica/lockdown-sao-paulo-entre-01-06-2020-e-15-06-2020-decretado-doria-diario-oficial.html","Lockdown em São Paulo entre 01/06/2020 e 15/06/2020 foi decretado por Doria em Diário Oficial #boato","575"
"4007","https://www.boatos.org/politica/lorota-gleisi-procura-candidato-para-vice-governador-em-anuncio-de-jornal.html","Lorota: Gleisi procura candidato para vice-governador em anúncio de jornal","411"
"4008","https://www.boatos.org/politica/lorota-pracinha-da-ceb-se-recusa-a-receber-medalha-de-dilma.html","Lorota: pracinha da FEB se recusa a receber medalha de Dilma","493"
"4009","https://www.boatos.org/politica/luciano-hang-organizou-motociata-em-apoio-a-bolsonaro-em-julho-2025.html","É falso que Luciano Hang organizou motociata após tornozeleira de Bolsonaro em julho de 2025","573"
"4010","https://www.boatos.org/politica/luciano-huck-expulsou-janja-de-programa-da-tv-ao-vivo-apos-discussao.html","É falso que Luciano Huck expulsou Janja ao vivo após barraco em programa de TV","644"
"4011","https://www.boatos.org/politica/luiz-fux-disse-que-moraes-persegue-bolsonaro-durante-julgamento-no-stf.html","Vídeo que mostra Luiz Fux dizendo que Moraes persegue Bolsonaro é deepfake criado por IA","633"
"4012","https://www.boatos.org/politica/luiz-fux-espionou-alexandre-de-moraes-e-criou-dossie-secreto-de-stf.html","É falso que Luiz Fux tenha atuado como espião e exposto segredos de Alexandre de Moraes no STF","774"
"4013","https://www.boatos.org/politica/lula-acaba-declarar-vai-fechar-igrejas-2023.html","Lula acaba de declarar que vai fechar igrejas em 2023 #boato","590"
"4014","https://www.boatos.org/politica/lula-acaba-ser-expulso-itanagra-bahia-mostra-video.html","Lula acaba de ser expulso de Itanagrá, na Bahia, mostra vídeo #boato","605"
"4015","https://www.boatos.org/politica/lula-ameaca-zema-dizer-frase-sobre-remorso-e-tomar-cuidado.html","Lula ameaça Zema ao dizer frase sobre “remorso” e “tomar cuidado” #boato","868"
"4016","https://www.boatos.org/politica/lula-beijou-a-mao-de-xi-jinping-em-viagem-a-china.html","Imagem de Lula beijando mão de Xi Jinping é fake e foi gerada por IA","571"
"4017","https://www.boatos.org/politica/lula-bolsonaro-ou-trump-viram-jesus-duas-vezes-em-uma-noite.html","É falso que Lula, Bolsonaro ou Trump afirmaram terem visto Jesus duas vezes em uma noite","585"
"4018","https://www.boatos.org/politica/lula-caiu-bebado-e-tentou-abracar-zelensky-e-meloni-na-foto-do-g7.html","É falsa a história de que Lula caiu bêbado ao tentar abraçar Zelensky no G7","494"
"4019","https://www.boatos.org/politica/lula-convocou-15-advogados-para-tirar-do-ar-video-em-que-chama-dilma-de-cretina-e-diz-que-o-pt-e-uma-organizacao-criminosa.html","Lula convocou 15 advogados para tirar do ar vídeo em que chama Dilma de “cretina” e diz que o PT é uma “organização criminosa” #boato","777"
"4020","https://www.boatos.org/politica/lula-criou-decreto-pndh-3-que-acaba-com-religiao-crista-e-censura-imprensa.html","Lula criou decreto PNDH-3 que acaba com religião cristã e censura imprensa #boato","676"
"4021","https://www.boatos.org/politica/lula-defende-politico-tem-que-mentir-em-entrevista-flow.html","Lula defende que político tem que mentir em entrevista ao Flow #boato","738"
"4022","https://www.boatos.org/politica/lula-define-volta-ter-validade-4-anos-nao-mais-de-10-anos.html","Lula define que CNH volta a ter validade de 4 anos e não mais de 10 anos #boato","513"
"4023","https://www.boatos.org/politica/lula-deu-entrevista-sobre-fala-de-janja-em-relacao-a-elon-musk.html","Lula não deu entrevista minimizando fala de Janja e chamando Elon Musk de fascista","796"
"4024","https://www.boatos.org/politica/lula-deu-ordem-para-marinha-preparar-porta-avioes-mas-descobriu-que-brasil-nao-tem.html","É falso que Lula teria dado ordem para Marinha preparar porta-aviões inexistente","946"
"4025","https://www.boatos.org/politica/lula-disse-lamento-mulheres-estejam-sofrendo-taliba-mas-estou-feliz.html","Lula disse “lamento que mulheres estejam sofrendo com o Talibã, mas estou feliz” #boato","631"
"4026","https://www.boatos.org/politica/lula-disse-que-bolsonaro-entrou-de-madrugada-e-devolveu-moveis-do-alvorada.html","É falso que Lula tenha dito que Bolsonaro “devolveu móveis do Alvorada” de madrugada","526"
"4027","https://www.boatos.org/politica/lula-disse-que-o-ladrao-de-moto-e-vitima-de-quem-tem-motocicleta.html","É falso que Lula tenha dito que o ladrão de moto é vítima de quem tem motocicleta","681"
"4028","https://www.boatos.org/politica/lula-diz-basta-colocar-arroz-mesa-nordestino-ele-vota-com-r10-compra-baiano.html","Lula diz “basta colocar arroz na mesa do nordestino que ele vota em você” e que “com R$ 10 compra um baiano” #boato","669"
"4029","https://www.boatos.org/politica/lula-diz-que-agronegocio-deve-ser-eliminado-da-terra.html","Lula diz que agronegócio deve ser eliminado da Terra #boato","597"
"4030","https://www.boatos.org/politica/lula-diz-que-culpados-pela-morte-do-cachorro-orelha-nao-vao-ficar-impunes.html","Vídeo que mostra que Lula prometeu punição severa para os culpados pela morte do cachorro Orelha é fake criado por IA","819"
"4031","https://www.boatos.org/politica/lula-diz-que-quer-acabar-com-o-mei-regime-de-microempreendedor-individual-boato.html","Lula diz que quer acabar com o MEI (regime de Microempreendedor Individual) #Boato","1114"
"4032","https://www.boatos.org/politica/lula-diz-vai-tomar-fuzil-de-cac-for-eleito-presidente.html","Lula diz que vai tomar fuzil de CAC se for eleito presidente #boato","435"
"4033","https://www.boatos.org/politica/lula-dono-da-folha-s-paulo-detem-52-das-acoes-jornal.html","Lula é dono da Folha de S.Paulo e detém 52% das ações de jornal #boato","586"
"4034","https://www.boatos.org/politica/lula-e-expulso-sob-vaias-do-carnaval-e-leva-chuva-de-ovos-em-desfile.html","Fake news aponta que Lula foi expulso sob vaias do Carnaval e levou ovada em desfile","835"
"4035","https://www.boatos.org/politica/lula-e-flagrado-bebado-durante-comicio-com-eduardo-paes-no-rio-de-janeiro.html","Lula é flagrado bêbado durante comício com Eduardo Paes no Rio de Janeiro #boato","583"
"4036","https://www.boatos.org/politica/lula-e-flagrado-bebado-durante-discurso-no-panama-em-2026.html","É falso que Lula tenha sido flagrado bêbado durante discurso no Panamá em 2026","678"
"4037","https://www.boatos.org/politica/lula-e-haddad-querem-emplacar-bicicletas-para-cobrar-ipva.html","É falso que Lula e Haddad queiram emplacar bicicletas para cobrar IPVA","456"
"4038","https://www.boatos.org/politica/lula-e-janja-foram-presos-apos-policia-invadir-palacio-da-alvorada.html","Vídeo caça-cliques lança informação falsa de que Lula e Janja foram presos no Alvorada","555"
"4039","https://www.boatos.org/politica/lula-e-vaiado-e-chamado-de-ladrao-sair-de-van-em-garanhuns-pernambuco.html","Lula é vaiado e chamado de ladrão ao sair de van em Garanhuns, Pernambuco #boato","718"
"4040","https://www.boatos.org/politica/lula-entregou-carta-de-renuncia-a-trump-apos-delacao-premiada.html","É falso que Lula tenha entregado carta de renúncia a Trump após ser pego em delação premiada","747"
"4041","https://www.boatos.org/politica/lula-escreveu-carta-para-shell-anos-80-reclamando-de-lei-seca.html","Lula escreveu carta para a Shell nos anos 80 reclamando de Lei Seca #boato","818"
"4042","https://www.boatos.org/politica/lula-esta-com-depressao-crises-choro-prisao.html","Lula está com depressão e tem crises de choro na prisão, revela PF #boato","480"
"4043","https://www.boatos.org/politica/lula-esta-planejando-invadir-a-venezuela.html","Fake news de que Lula planeja invadir a Venezuela tem se espalhado entre apoiadores de Maduro","411"
"4044","https://www.boatos.org/politica/lula-foi-agredido-por-janja-em-briga-de-familia-por-causa-de-gastos-de-r-15-milhoes-por-mes.html","História que aponta que Lula foi agredido por Janja em briga de família por causa de gastos de R$ 15 milhões por mês é falsa","873"
"4045","https://www.boatos.org/politica/lula-foi-flagrado-bebado-mijado-caido-em-davos-durante-forum-economico.html","Lula foi flagrado bêbado, “mijado” e caído em Davos, durante Fórum Econômico #boato","622"
"4046","https://www.boatos.org/politica/lula-foi-humilhado-durante-convencao-em-portugal-ontem.html","Vídeo que está circulando como de “vergonha de Lula” é de evento sem presença do presidente","612"
"4047","https://www.boatos.org/politica/lula-foto-traficante-celsinho-da-vila-vintem.html","Lula aparece em foto com traficante Celsinho da Vila Vintém #boato","474"
"4048","https://www.boatos.org/politica/lula-garante-jean-wyllys-para-ministerio-da-educacao.html","Lula garante Jean Wyllys para o Ministério da Educação #boato","478"
"4049","https://www.boatos.org/politica/lula-gastou-9-400-euros-r-52-mil-em-restaurante-portugal-mostra-conta.html","Lula gastou 9.400 euros (R$ 52 mil) em restaurante de Portugal, mostra conta #boato","555"
"4050","https://www.boatos.org/politica/lula-haddad-posam-faixa-lazaro-inocente.html","Lula e Haddad posam com faixa “Lázaro é inocente” #boato","418"
"4051","https://www.boatos.org/politica/lula-inaugurou-obra-de-transposicao-do-sao-francisco-ja-inaugurada-por-bolsonaro.html","Lula não inaugurou o mesmo trecho da transposição do rio São Francisco que Bolsonaro","839"
"4052","https://www.boatos.org/politica/lula-levou-malas-de-dinheiro-ao-vaticano-e-a-roma-durante-viagem.html","É falso que avião de Lula tenha sido interceptado com malas de dinheiro","530"
"4053","https://www.boatos.org/politica/lula-ligou-para-ministro-para-parabenizar-sobre-prisao-de-bolsonaro.html","É falso que Lula tenha parabenizado ministro pela “prisão de Bolsonaro” em áudio","897"
"4054","https://www.boatos.org/politica/lula-mandou-fechar-bombas-transposicao-rio-sao-francisco-no-nordeste.html","Lula mandou fechar bombas da transposição do Rio São Francisco no Nordeste #boato","621"
"4055","https://www.boatos.org/politica/lula-morreu-foi-substituido-clone-10-dedos-cop27.html","Lula morreu e foi substituído por clone de 10 dedos na COP27 #boato","576"
"4056","https://www.boatos.org/politica/lula-nao-foi-caoa-da-revista-time-tudo-foi-uma-farsa.html","Lula não foi capa da revista Time e tudo foi uma farsa #boato","718"
"4057","https://www.boatos.org/politica/lula-negou-colocar-flores-no-memorial-do-holocausto.html","Lula se negou a colocar flores no Memorial do Holocausto #boato","542"
"4058","https://www.boatos.org/politica/lula-ocupou-36-suites-no-recife-28-em-salvador-e-35-no-rio-no-carnaval.html","Não há provas de que Lula tenha ocupado 36 suítes no Recife, 28 suítes em Salvador e 35 no Rio durante Carnaval","920"
"4059","https://www.boatos.org/politica/lula-pode-ser-preso-por-crime-de-guerra-por-vender-uranio-ao-ira.html","É falso que Lula pode ser preso pelo crime de guerra de vender urânio para o Irã","827"
"4060","https://www.boatos.org/politica/lula-proibiu-distribuicao-de-donativos-ate-a-sua-chegada-apos-enchente-em-lajeado-no-rio-grande-do-sul.html","É falso que Lula tenha proibido entrega de donativos após enchentes em Lajeado, no Rio Grande do Sul","1025"
"4061","https://www.boatos.org/politica/lula-pt-construiram-embaixada-hamas-guardar-armas-bombas-video-tv-senado-censurado.html","É falso que Lula e o PT construíram embaixada para o Hamas guardar armas e bombas, assim como é falso que denúncia da TV Senado foi censurada","1161"
"4062","https://www.boatos.org/politica/lula-quer-enviar-tropas-do-brasil-ao-ira-para-ajudar-em-guerra-contra-israel.html","É falso que Lula planeje enviar tropas do Brasil ao Irã para conflito com Israel","732"
"4063","https://www.boatos.org/politica/lula-recebido-em-recife-sob-gritos-ladrao-chegou-video.html","Lula é recebido em Recife sob os gritos de “o ladrão chegou”, mostra vídeo #boato","681"
"4064","https://www.boatos.org/politica/lula-recebido-por-batucada-grito-de-filho-da-p-aeroporto.html","Lula é recebido por batucada com grito de “filho da p…” em aeroporto #boato","671"
"4065","https://www.boatos.org/politica/lula-responde-processos-nos-eua-e-antecipou-posse-para-poder-visitar-biden-sem-ser-preso.html","Lula responde a processos nos EUA e antecipou posse para poder visitar Biden sem ser preso #boato","777"
"4066","https://www.boatos.org/politica/lula-respondeu-cantora-que-chamou-comida-nordestina-de-lavagem.html","É falsa fala atribuída a Lula em resposta a cantora que chamou comida nordestina de lavagem","1076"
"4067","https://www.boatos.org/politica/lula-roubou-caneta-montblanc-durante-cerimonia-de-posse-presidencial-boato.html","Lula roubou caneta Montblanc durante cerimônia de posse presidencial #boato","829"
"4068","https://www.boatos.org/politica/lula-se-mostrou-um-grande-estadista-tirou-brasil-do-sistema-swift-ignorou-o-dolar-e-humilhou-trump.html","É falso que Lula tenha tirado Brasil do SWIFT, ignorado dólar e humilhado Trump","1395"
"4069","https://www.boatos.org/politica/lula-se-recusou-colocar-flores-memorial-vitimas-holocausto.html","Lula se recusou a colocar flores no Memorial de Vítimas do Holocausto #boato","542"
"4070","https://www.boatos.org/politica/lula-tem-ligacao-com-trafico-de-drogas-da-venezuela-que-financiou-sua-campanha.html","Não há comprovação de que Lula recebeu dinheiro do narcotráfico venezuelano para campanha","771"
"4071","https://www.boatos.org/politica/lula-tem-projeto-de-compartilhar-casas-com-mais-de-65m%c2%b2-entre-familias.html","Lula tem projeto de compartilhar casas com mais de 65m² entre famílias #boato","661"
"4072","https://www.boatos.org/politica/lula-usou-bone-cpx-complexo-do-alemao-como-homenagem-ao-comando-vermelho.html","Lula usou boné CPX no Complexo do Alemão como homenagem ao Comando Vermelho #boato","708"
"4073","https://www.boatos.org/politica/lula-vai-sao-joao-de-caruaru-ouve-gritos-de-ladrao.html","Lula vai ao São João de Caruaru e ouve gritos de ladrão #boato","603"
"4074","https://www.boatos.org/politica/lula-volta-prisao-imediatamente-por-causa-denuncia-por-narcotrafico.html","Lula volta pra prisão imediatamente por causa de denúncia por narcotráfico #boato","770"
"4075","https://www.boatos.org/politica/luna-van-brussel-barroso-filha-de-ministro-barroso-do-stf-sera-deportada-dos-eua-ter-o-visto-cancelado.html","É falsa a história de que Luna Van Brussel Barroso, filha de ministro Barroso do STF, será deportada dos EUA","703"
"4076","https://www.boatos.org/politica/maduro-disse-que-lula-ja-morreu-e-que-sosia-da-cia-esta-como-presidente.html","Maduro não disse que Lula já morreu e que sósia da CIA está no lugar","839"
"4077","https://www.boatos.org/politica/magno-malta-se-envolveu-em-briga-em-motel-e-apanhou-do-marido-de-amante.html","Magno Malta se envolveu em briga em motel e apanhou do marido de sua amante #boato","594"
"4078","https://www.boatos.org/politica/malu-gaspar-recebeu-r-3-milhoes-do-banco-master-em-2024.html","É falso que Malu Gaspar tenha recebido R$ 3 milhões do Banco Master em 2024","552"
"4079","https://www.boatos.org/politica/maluf-flagrado-dirigindo-ferrari.html","Paulo Maluf é flagrado acelerando Ferrari em 2017 #boato","411"
"4080","https://www.boatos.org/politica/manicore-am-zero-votos-para-bolsonaro-urnas-foram-fraudadas-cidade.html","Manicoré (AM) teve zero votos para Bolsonaro e urnas foram fraudadas na cidade #boato","695"
"4081","https://www.boatos.org/politica/manifestacao-do-povo-militares-e-trump-contra-prisao-de-bolsonaro-acaba-de-explodir-em-brasilia-e-deixa-lula-e-moraes-desesperados.html","Conteúdo falso fala sobre “bomba em Brasília”, revolta de militares, povo e tropas de Trump após a prisão de Bolsonaro","1911"
"4082","https://www.boatos.org/politica/manuela-davila-jesus-travesti.html","Manuela D’Ávila veste camiseta com frase Jesus é Travesti em foto #boato","574"
"4083","https://www.boatos.org/politica/marcel-van-hattem-lancou-plataforma-de-investimento-que-transforma-r600-em-r50-mil.html","Plataforma de investimento de R$600 promovida por Marcel Van Hattem é golpe","899"
"4084","https://www.boatos.org/politica/marcelo-freixo-reclama-de-prisao-de-suspeito-pela-morte-de-pm.html","Marcelo Freixo reclama de prisão de suspeito pela morte de PM na Casa & Vídeo #boato","598"
"4085","https://www.boatos.org/politica/marco-rubio-conversa-com-ffaa-para-punir-militares-que-trairam-bolsonaro-e-prender-alexandre-de-moraes.html","É falso que Marco Rubio vá punir militares que traíram Bolsonaro e prender Alexandre de Moraes","994"
"4086","https://www.boatos.org/politica/marcos-valerio-convocado-eduardo-girao-falara-senado-24-10.html","Marcos Valério foi convocado por Eduardo Girão e falará no Senado em 24/10 #boato","519"
"4087","https://www.boatos.org/politica/margaret-thatcher-disse-todo-esquerdista-e-um-incompetente-fracassado-que-acha-que-as-pessoas-de-sucesso-lhe-devem-alguma-coisa.html","Margaret Thatcher disse “todo Esquerdista é um incompetente fracassado que acha que as pessoas de sucesso lhe devem alguma coisa” #boato","495"
"4088","https://www.boatos.org/politica/maria-clara-ribeiro-tarabal-procurada.html","Maria Clara Ribeiro Tarabal é procurada pelo atentado contra Bolsonaro #boato","1307"
"4089","https://www.boatos.org/politica/marido-marina-dono-maior-parte-das-serrarias-clandestinas-para.html","É falso que marido de Marina Silva seja dono da maior parte das serrarias clandestinas do Pará","672"
"4090","https://www.boatos.org/politica/marisa-leticia-r-256-milhoes-cdb-banco-bradesco.html","Marisa Letícia tinha R$ 256 milhões em CDB do banco Bradesco #boato","985"
"4091","https://www.boatos.org/politica/mc-gado-tenta-cantar-musica-a-favor-de-bolsonaro-atacado-por-publico-ao-som-ole-lula.html","MC Gado tenta cantar música a favor de Bolsonaro e é atacado por público ao som de “olê, Lula” #boato","615"
"4092","https://www.boatos.org/politica/mcdonalds-esta-encerrando-atividades-no-brasil-por-causa-de-lula.html","É falso que o McDonald’s anunciou encerramento da produção no Brasil","460"
"4093","https://www.boatos.org/politica/medico-atendeu-bolsonaro-apos-facada-pede-socorro-ao-presidente-video.html","Médico que atendeu Bolsonaro após a facada pede “socorro” ao presidente em vídeo #boato","558"
"4094","https://www.boatos.org/politica/membro-da-academia-brasileira-de-letras-criticou-lula-e-frase-sobre-traficantes-serem-vitimas.html","Pessoa que criticou Lula após fala sobre traficantes não é membro da ABL","696"
"4095","https://www.boatos.org/politica/mentira-dilma-cria-lei-para-poder-derrubar-aviao-de-eduardo-campos.html","Mentira: Dilma cria lei para poder derrubar avião de Eduardo Campos","829"
"4096","https://www.boatos.org/politica/michelle-bolsonaro-passou-natal-em-maceio-longe-de-bolsonaro.html","É falso que Michelle tenha passado noite de Natal longe de Jair Bolsonaro","459"
"4097","https://www.boatos.org/politica/milei-humilhou-lula-durante-debate-sobre-economia-na-argentina.html","É falso que Javier Milei tenha humilhado Lula durante debate sobre economia na Argentina","626"
"4098","https://www.boatos.org/politica/militar-luiz-antonio-manrrantem-revelou-que-mandantes-da-facada-contra-bolsonaro-sao-do-pt.html","Não existe militar Luiz Antônio Manrrantem tampouco mandantes da facada contra Bolsonaro são do PT","864"
"4099","https://www.boatos.org/politica/militares-encontram-fraudes-urnas-eletronicas-em-apuracao-paralela-e-nao-agradam-tse.html","Militares encontram fraudes nas urnas eletrônicas em apuração paralela e não agradam TSE #boato","692"
"4100","https://www.boatos.org/politica/ministra-carmen-lucia-chorou-no-stf-e-apoiou-anistia-geral.html","Vídeo de Cármen Lúcia chorando no STF e apoiando anistia é deepfake criado por IA","772"
"4101","https://www.boatos.org/politica/ministro-da-educacao-disse-que-professores-tem-regalias-e-recebeu-resposta-de-professora.html","É falso que ministro da Educação tenha falado sobre regalias de professores e recebido invertida","1130"
"4102","https://www.boatos.org/politica/ministro-stm-ordena-prisao-comandante-marinha.html","Ministro do STM ordena prisão de comandante da Marinha #boato","943"
"4103","https://www.boatos.org/politica/miriam-leitao-diz-reducao-homicidios-prejudica-funerarias.html","Miriam Leitão diz que redução de homicídios prejudica funerárias #boato","337"
"4104","https://www.boatos.org/politica/modesto-carvalhosa-grava-audio-bolsonaro-manifestacoes-o-que-vai-acontecer.html","Modesto Carvalhosa grava áudio sobre Bolsonaro, manifestações e diz “o que vai acontecer” #boato","2798"
"4105","https://www.boatos.org/politica/modesto-carvalhosa-grava-audio-sobre-manifestacoes-favor-de-bolsonaro-pede-intervencao-militar.html","Modesto Carvalhosa grava áudio sobre manifestações a favor de Bolsonaro e pede intervenção militar #boato","2692"
"4106","https://www.boatos.org/politica/moro-elogiou-alexandre-moraes-por-decisao-suspensao-telegram.html","Moro elogiou Alexandre de Moraes por decisão de suspensão do Telegram #boato","697"
"4107","https://www.boatos.org/politica/moro-envolvido-pescoco-em-falcatrua-inquerito-na-pf-denunciam-jornais.html","Moro está envolvido até o pescoço em falcatrua com inquérito na PF, denunciam jornais #boato","1627"
"4108","https://www.boatos.org/politica/moro-foi-escolhido-para-inocentar-politicos-no-caso-banestado-em-troca-de-apae-para-rosangela-moro.html","Moro foi escolhido para inocentar políticos no caso Banestado em troca de Apae para Rosângela Moro #boato","1158"
"4109","https://www.boatos.org/politica/motociata-bolsonaro-arrecadou-700-toneladas-alimentos-em-doacoes.html","Motociata de Bolsonaro arrecadou 700 toneladas de alimentos em doações #boato","935"
"4110","https://www.boatos.org/politica/motociata-lotou-brasilia-apos-o-inicio-do-julgamento-de-bolsonaro.html","Vídeo que está circulando na internet não é de motociata em Brasília após início de julgamento de Bolsonaro","429"
"4111","https://www.boatos.org/politica/mourao-amazonia-area-militar-controle-ongs.html","Mourão vai à Amazônia (área militar) para projeto de controle contra ONGs internacionais #boato","961"
"4112","https://www.boatos.org/politica/mpf-arquivou-a-investigacao-contra-bolsonaro-por-golpe-de-estado.html","É falso que MPF arquivou ação contra Bolsonaro por golpe de estado","662"
"4113","https://www.boatos.org/politica/mst-ameaca-invadir-eua-para-resgatar-nicolas-maduro.html","É falso que MST tenha ameaçado invadir EUA para resgatar Nicolás Maduro","617"
"4114","https://www.boatos.org/politica/mst-disse-que-iria-incendiar-o-brasil-e-o-agro.html","Não há nenhum indício de que o MST teria ameaçado incendiar o agro e o Brasil","411"
"4115","https://www.boatos.org/politica/mst-e-boulos-tentaram-invadir-sede-da-petrobras-e-acabam-presos-pela-pm.html","É falso que o MST e Boulos tentaram invadir a sede da Petrobras em SP","732"
"4116","https://www.boatos.org/politica/mst-esta-se-preparando-para-invadir-fazendas-em-blumenau-sc-mostra-foto.html","MST está se preparando para invadir fazendas em Blumenau (SC), mostra foto #boato","716"
"4117","https://www.boatos.org/politica/mst-esta-se-programando-para-invadir-casas-de-veraneio-em-santa-catarina.html","MST está se programando para invadir casas de veraneio em Santa Catarina #boato","945"
"4118","https://www.boatos.org/politica/mst-invade-supermercados-em-natal-fortaleza-outras-capitais.html","MST invade supermercados em Natal, Fortaleza e outras capitais #boato","449"
"4119","https://www.boatos.org/politica/mst-ou-mtst-fez-post-em-que-chama-jesus-de-bandido-na-sexta-feira-santa.html","Postagem do MTST (e não do MST) sobre Jesus é distorcida na internet","529"
"4120","https://www.boatos.org/politica/natuza-nery-revela-que-o-alexandre-contato-no-celular-de-vorcaro-nao-e-o-ministro-do-stf-alexandre-de-moraes.html","Natuza Nery não “revelou” que o “Alexandre” no celular de Vorcaro não é o ministro Alexandre de Moraes","687"
"4121","https://www.boatos.org/politica/nem-a-volta-de-jesus-me-impede-de-ser-presidente-diz-lula-boato.html","Lula disse frase sobre Jesus e Presidência #boato","383"
"4122","https://www.boatos.org/politica/netanyahu-disse-que-brasil-pais-do-ocidente-forneceu-uranio-para-ira-construir-bomba-atomica.html","Nem Netanyahu acusou “país do ocidente” nem Brasil forneceu bomba atômica para o Irã","806"
"4123","https://www.boatos.org/politica/neto-de-hugo-chavez-denuncia-avo-maduro-e-venezuela-em-show-de-talentos.html","É falso que neto de Hugo Chávez denunciou avô, Maduro e Venezuela em show de talentos","783"
"4124","https://www.boatos.org/politica/new-york-times-divulgou-que-trump-pediu-investigacao-contra-eduardo-bolsonaro-nos-eua.html","É falso que Trump tenha mandado investigar Eduardo Bolsonaro via New York Times","672"
"4125","https://www.boatos.org/politica/nikolas-ferreira-foi-expulso-ao-vivo-por-pedro-bial-na-globo.html","É falso que Nikolas Ferreira tenha sido expulso ao vivo por Pedro Bial","564"
"4126","https://www.boatos.org/politica/nikolas-ferreira-foi-preso-pela-pf-por-fraude-em-plataforma-de-investimento-do-banco-central.html","Golpe usa nome de Nikolas Ferreira e falsa prisão para enganar internautas com plataforma fake de investimento","1527"
"4127","https://www.boatos.org/politica/nikolas-ferreira-se-disfarcou-de-faxineiro-em-restaurante-de-curitiba.html","Vídeo que fala que Nikolas Ferreira se disfarçou de mendigo conta história fictícia","472"
"4128","https://www.boatos.org/politica/nikolas-ferreira-teve-281-dias-de-folgas-em-2024.html","Não é verdade que Nikolas Ferreira acumulou 281 dias de folgas em 2024","519"
"4129","https://www.boatos.org/politica/notebook-abin-encontrado-carlos-bolsonaro-operacao-pf.html","É falso que a PF tenha encontrado notebook da Abin com Carlos Bolsonaro","650"
"4130","https://www.boatos.org/politica/nova-lei-aprovada-com-349-votos-preve-que-preso-nao-vota-mais-nas-eleicoes.html","Emenda que previa que preso não poderá votar nas eleições já foi derrubada no PL Antifacção","723"
"4131","https://www.boatos.org/politica/o-governo-lula-decretou-sigilo-de-100-anos-sobre-o-careca-do-inss.html","Governo Lula não decretou sigilo de 100 anos sobre o Careca do INSS","514"
"4132","https://www.boatos.org/politica/o-japao-fez-homenagem-a-bolsonaro-com-um-desenho-chamado-bolsozilla-2026.html","É falso que o Japão tenha uma homenagem a Bolsonaro em um desenho chamado “Bolsozilla 2026”","581"
"4133","https://www.boatos.org/politica/o-stf-e-culpado-pela-contaminacao-de-bebidas-com-metanol-porque-cancelou-fiscalizacao-sicobe.html","Acusação de que STF é culpado de contaminação com metanol por causa de fiscalização Sicobe não se sustenta","882"
"4134","https://www.boatos.org/politica/obra-ponte-divisa-para-tocantins-embargada-lula.html","Obra da ponte na divisa de Pará e Tocantins foi embargada por Lula #boato","658"
"4135","https://www.boatos.org/politica/onibus-com-torcedores-gavioes-da-fiel-pcc-esquerdistas-esta-indo-rumo-brasilia-para-invadir-congresso-e-culpar-bolsonaro.html","Ônibus com torcedores da Gaviões da Fiel, PCC e esquerdistas está indo rumo a Brasília para invadir Congresso e culpar Bolsonaro #boato","742"
"4136","https://www.boatos.org/politica/osso-de-patinho-comecou-a-ser-embalado-pela-friboi-por-causa-do-governo-lula.html","Friboi já vendia osso de patinho antes do governo Lula","657"
"4137","https://www.boatos.org/politica/padre-e-agredido-por-bolsonaristas-na-cidade-de-candiota-rs-boato.html","Padre é agredido por bolsonaristas na cidade de Candiota (RS) #boato","487"
"4138","https://www.boatos.org/politica/pagina-cnj-destituicao-de-sergio-moro-do-facebook.html","Página CNJ – Destituição de Sérgio Moro conta votos contra juiz #boato","537"
"4139","https://www.boatos.org/politica/paralisacao-nacional-geral-em-16-01-23-pelos-patriotas-presos-vai-parar-o-brasil.html","Paralisação nacional geral em 16/01/2023 pelos “patriotas” presos vai parar o Brasil #boato","652"
"4140","https://www.boatos.org/politica/paulo-guedes-carnaval-parada-gay-marchas.html","Paulo Guedes diz que não dará dinheiro para Carnaval, Parada Gay e marchas #boato","495"
"4141","https://www.boatos.org/politica/paulo-guedes-sem-sapatos-meia-pronunciamento-bolsonaro.html","Paulo Guedes estava sem sapatos (apenas de meia) durante pronunciamento de Bolsonaro #boato","667"
"4142","https://www.boatos.org/politica/pedro-bial-redes-sociais-direitistas.html","Pedro Bial diz que redes sociais são perigosas porque dão poder a direitistas #boato","536"
"4143","https://www.boatos.org/politica/pesquisa-do-parana-pesquisas-hoje-mostra-bolsonaro-vence-todos-os-estados.html","Pesquisa do Paraná Pesquisas de hoje mostra que Bolsonaro vence em todos os estados #boato","723"
"4144","https://www.boatos.org/politica/pesquisa-eleitoral-parana-pesquisas-bolsonaro-vence-todos-estados-1o-turno.html","Pesquisa eleitoral do Paraná Pesquisas mostra que Bolsonaro vence eleições de 2022 em todos estados no 1º turno #boato","747"
"4145","https://www.boatos.org/politica/petista-aryane-campos-procurada-atentado.html","Petista Aryane Campos é procurada pelo atentado contra Bolsonaro #boato","678"
"4146","https://www.boatos.org/politica/petistas-invadiram-depredaram-restaurante-coco-bambu-em-fortaleza-vitoria-durante-festa-vitoria-lula.html","Petistas invadiram e depredaram restaurante Coco Bambu em Fortaleza (ou Vitória) durante festa da vitória de Lula #boato","647"
"4147","https://www.boatos.org/politica/pf-achou-comodo-secreto-com-ouro-na-casa-de-ex-presidente-do-inss.html","PF não encontrou quarto secreto com barras de ouro em casa de ex-INSS","711"
"4148","https://www.boatos.org/politica/pf-apreende-r-985-milhoes-destinados-a-campanha-de-lula.html","PF apreende R$ 985 milhões destinados à campanha de Lula #boato","476"
"4149","https://www.boatos.org/politica/pf-encontrou-r-4-milhoes-do-escandalo-do-inss-em-contas-de-lula.html","É falso que PF tenha encontrado R$ 4 milhões do escândalo do INSS em contas de Lula","673"
"4150","https://www.boatos.org/politica/pf-faz-operacao-na-casa-de-michelle-bolsonaro-apos-entrevista-sobre-investimentos.html","Fake news que esconde golpe fala de operação da PF na casa de Michelle Bolsonaro por causa de entrevista sobre investimentos","661"
"4151","https://www.boatos.org/politica/pgr-pediu-destituicao-e-prisao-de-alexandre-de-moraes.html","Página que só compartilha conteúdo falso inventa pedido de destituição de Alexandre de Moraes por parte da PGR","802"
"4152","https://www.boatos.org/politica/picanha-gratis-esta-sendo-distribuida-no-cras-pelo-governo-lula.html","Picanha grátis está sendo distribuída no Cras pelo governo Lula #boato","461"
"4153","https://www.boatos.org/politica/piloto-de-aviao-debocha-de-nikolas-ferreira-e-compara-voo-com-caminhada-bolsonarista.html","É falso que piloto de avião tenha debochado de Nikolas Ferreira e da caminhada bolsonarista","639"
"4154","https://www.boatos.org/politica/pipeiros-descartam-agua-sao-francisco-esquerda-ceara-sabotar-bolsonaro.html","Pipeiros descartam água tirada do São Francisco a mando da esquerda do Ceará para sabotar Bolsonaro #boato","990"
"4155","https://www.boatos.org/politica/pl-2630-das-fake-news-vai-censurar-versiculos-da-biblia-das-redes-sociais.html","PL 2630 das fake news vai censurar versículos da Bíblia das redes sociais #boato","903"
"4156","https://www.boatos.org/politica/policia-encontra-quarto-secreto-do-lula-com-dinheiro-do-inss.html","É falso que polícia tenha encontrado “quarto secreto” de Lula com dinheiro do INSS","501"
"4157","https://www.boatos.org/politica/politica-2sakamoto-diz-que-idosos-sao-inuteis.html","Leonardo Sakamoto diz que idosos são inúteis à sociedade #boato","545"
"4158","https://www.boatos.org/politica/portaria-1266-decretou-fim-todas-indenizacoes-anistiados-politicos-ditadura.html","Portaria 1266 decretou o fim de todas indenizações a anistiados políticos da Ditadura #boato","741"
"4159","https://www.boatos.org/politica/posto-ipiranga-adotou-bandeira-vermelha-e-quer-adotar-o-comunismo-no-brasil.html","Bandeira do Brasil vermelha no Posto Ipiranga é resultado de desbotamento e não tem nada a ver com comunismo","816"
"4160","https://www.boatos.org/politica/predio-localiza-em-belo-horizonte-exibe-mensagem-bolsonaro-2022.html","Prédio da Localiza em Belo Horizonte exibe mensagem Bolsonaro 2022 #boato","616"
"4161","https://www.boatos.org/politica/presidente-da-coreia-do-sul-presenteia-bolsonaro-ora-com-presidente-do-brasil.html","Presidente da Coreia do Sul presenteia Bolsonaro e ora com presidente do Brasil #boato","555"
"4162","https://www.boatos.org/politica/presos-por-atentado-tarcisio-em-paraisopolis-estiveram-com-lula-no-complexo-do-alemao.html","Presos por “atentado” a Tarcísio em Paraisópolis estiveram com Lula no Complexo do Alemão #boato","904"
"4163","https://www.boatos.org/politica/prisao-aecio-neves-virus.html","Vídeo Decretada Prisão de Aécio Neves é vírus que formata celular #boato","460"
"4164","https://www.boatos.org/politica/procurador-demetrius-tinha-frases-a-favor-de-lula-e-bolsonaro-perfil-instragram.html","Procurador Demétrius tinha frases a favor de Lula e Bolsonaro em perfil do Instagram #boato","775"
"4165","https://www.boatos.org/politica/procurador-geral-do-maranhao-foi-afastado-por-alexandre-de-moraes-apos-apresentar-provas-contra-flavio-dino.html","É falso que Procurador-Geral do Maranhão foi afastado por Alexandre de Moraes por apresentar provas contra Flávio Dino","728"
"4166","https://www.boatos.org/politica/projeto-de-lei-4674-2021-proibe-sinuca-por-ser-considerado-jogo-racista.html","Projeto de lei 4674/2021 proíbe sinuca por ser considerado um jogo racista #boato","621"
"4167","https://www.boatos.org/politica/propostas-alexandre-frota-educacao.html","10 propostas de Alexandre Frota para educação são divulgadas #boato","722"
"4168","https://www.boatos.org/politica/provas-temos-conviccao-procurador.html","“Não temos provas, mas temos convicção”, diz procurador da Lava-Jato sobre Lula #boato","642"
"4169","https://www.boatos.org/politica/pt-reservou-estadio-mane-garrincha-posse-de-lula-2023.html","PT reservou estádio Mané Garrincha para a posse de Lula em 2023 #boato","522"
"4170","https://www.boatos.org/politica/putin-agradece-bolsonaro-evitado-guerra-entre-russia-ucrania-mostra-video.html","Putin agradece Bolsonaro por ter evitado a guerra entre Rússia e Ucrânia, mostra vídeo #boato","562"
"4171","https://www.boatos.org/politica/putin-fala-sobre-fraude-nas-eleicoes-brasil-e-diz-que-vai-intervir-nosso-pais.html","Putin fala sobre fraude nas eleições do Brasil e diz que vai intervir em nosso país #boato","687"
"4172","https://www.boatos.org/politica/renan-calheiros-grava-audio-mourao-stf-armam-golpe-contra-bolsonaro.html","Renan Calheiros grava áudio em que diz que Mourão e STF armam golpe contra Bolsonaro #boato","1926"
"4173","https://www.boatos.org/politica/ricardo-amorim-grava-audio-pedindo-fim-da-quarentena-apoiando-bolsonaro.html","Ricardo Amorim grava áudio pedindo o fim da quarentena e apoiando Bolsonaro #boato","2104"
"4174","https://www.boatos.org/politica/ronaldo-caiado-audio-atacando-alexandre-moraes-doria-psdb.html","Ronaldo Caiado divulga áudio atacando Alexandre de Moraes, Doria e o PSDB #boato","1078"
"4175","https://www.boatos.org/politica/ronaldo-caiado-zerou-icms-de-combustiveis.html","Ronaldo Caiado zerou ICMS de combustíveis em Goiás #boato","566"
"4176","https://www.boatos.org/politica/roraima-petroleo-niobio-roubados.html","Roraima tem petróleo e nióbio roubados por Venezuela e Cuba #boato","939"
"4177","https://www.boatos.org/politica/rubens-paiva-era-um-terrorista-e-um-martir-que-matou-muita-gente.html","É falso que Rubens Paiva tenha sido um “terrorista” e que “matou muita gente”","1329"
"4178","https://www.boatos.org/politica/rui-costa-governador-bahia-promove-festa-luxuosa-carnaval-dinheiro-publico.html","Rui Costa, governador da Bahia, promove festa luxuosa de carnaval com dinheiro público #boato","779"
"4179","https://www.boatos.org/politica/rui-costa-ministro-de-lula-disse-que-esta-1000-com-o-hamas.html","Homem que aparece em vídeo “1000% com o Hamas” não é Rui Costa, ministro da Casa Civil de Lula","742"
"4180","https://www.boatos.org/politica/rui-costa-vendeu-10-bahia-para-chineses-construirem-china-tow-bahia.html","Rui Costa vendeu 10% da Bahia para chineses construírem China Tow Bahia #boato","889"
"4181","https://www.boatos.org/politica/se-eu-precisar-apoio-peco-um-b-pegar-bandeira-diz-bolsonaro.html","Se eu precisar de apoio, peço a um desses b… para pegar uma bandeira, diz Bolsonaro #boato","812"
"4182","https://www.boatos.org/politica/secao-eleitoral-de-miami-nao-foi-contabilizada-nas-eleicoes-e-prova-fraude-contra-bolsonaro.html","Seção eleitoral de Miami não foi contabilizada nas eleições e prova fraude contra Bolsonaro #boato","1145"
"4183","https://www.boatos.org/politica/secretario-de-guerra-dos-eua-chegou-ao-brasil-para-libertar-bolsonaro.html","Fake news sobre Secretário de Guerra dos EUA estar no Brasil para “libertar Bolsonaro” usa live lunática e vídeo em outra situação","868"
"4184","https://www.boatos.org/politica/sergio-reis-aposentadoria-salario.html","Sérgio Reis reclama de reajuste da aposentadoria e salário dos deputados #boato","991"
"4185","https://www.boatos.org/politica/sergio-reis-discutiu-com-janja-durante-programa-da-gnt.html","É falso que Sérgio Reis humilhou Janja e que ela abandonou programa na GNT","666"
"4186","https://www.boatos.org/politica/servico-inteligencia-dos-eua-descobriu-jose-dirceu-genoino-gleisi-estao-em-cuba-para-lula-tomar-tres-poderes-brasil.html","Serviço de Inteligência dos EUA descobriu que José Dirceu, Genoíno e Gleisi estão em Cuba para Lula tomar os Três Poderes no Brasil #boato","938"
"4187","https://www.boatos.org/politica/servico-inteligencia-impede-bolsonaro.html","Serviço de inteligência impede que Bolsonaro viaje para São Paulo #boato","1088"
"4188","https://www.boatos.org/politica/simone-tebet-falou-sobre-investimento-em-criptomoedas-em-entrevista-para-a-cnn.html","Golpe inventa entrevista de Simone Tebet à CNN e fala sobre investimento em criptomoedas","594"
"4189","https://www.boatos.org/politica/simone-tebet-fez-visita-secreta-a-bolsonaro-e-revelou-noticia-que-deixou-todos-espantados.html","História que aponta que Simone Tebet fez visita secreta a Bolsonaro é falsa","1056"
"4190","https://www.boatos.org/politica/simone-tebet-foi-a-casa-de-lula-e-deu-noticia-que-deixou-todos-espantados.html","É falso que Simone Tebet tenha ido à casa de Lula com notícia bombástica que “espantou a todos”","1182"
"4191","https://www.boatos.org/politica/sobrinha-da-gleisi-hoffmann-e-investigada-na-cpmi-do-inss.html","É falso que sobrinha da Gleisi Hoffmann seja médica investigada na CPMI do INSS","719"
"4192","https://www.boatos.org/politica/sobrinho-de-lula-admite-que-vai-votar-em-bolsonaro.html","Sobrinho de Lula admite que vai votar em Bolsonaro #boato","594"
"4193","https://www.boatos.org/politica/sobrinho-de-zeca-do-pt-estava-infiltrado-manifestacao-de-bolsonaristas.html","Sobrinho de Zeca do PT estava infiltrado na manifestação de bolsonaristas #boato","603"
"4194","https://www.boatos.org/politica/steve-bannon-e-mike-lindell-estao-certos-ao-dizer-que-eleicoes-com-urnas-eletronicas-no-brasil-sao-fraudadas.html","Steve Bannon e Mike Lindell estão certos ao dizer que eleições com urnas eletrônicas no Brasil são fraudadas #boato","828"
"4195","https://www.boatos.org/politica/stf-nega-suspensao-de-lula-como-ministro-boato.html","STF nega suspensão de Lula como ministro #boato","229"
"4196","https://www.boatos.org/politica/tabela-mostra-lucro-prejuizo-correios-ultimos-10-anos.html","Tabela que mostraria lucro e prejuízo nos Correios tem dados errados","501"
"4197","https://www.boatos.org/politica/tablets-doados-por-bolsonaro-para-escolas-foram-escondidos-pelo-pt.html","Caso dos tablets em Niterói não tem relação com governo Bolsonaro ou com o “PT”","605"
"4198","https://www.boatos.org/politica/tanques-russos-para-intervencao-militar-vistos-porto-de-santos.html","Tanques russos para intervenção militar são vistos no Porto de Santos #boato","565"
"4199","https://www.boatos.org/politica/tarcisio-de-freitas-bolsonaristas-vao-renunciar-aos-seus-cargos.html","Tarcísio de Freitas e bolsonaristas vão renunciar aos seus cargos #boato","673"
"4200","https://www.boatos.org/politica/tarcisio-de-freitas-esta-sob-ameaca-de-atentado-terrorista-diz-general-heleno.html","Tarcísio de Freitas está sob ameaça de atentado terrorista, diz general Heleno #boato","988"
"4201","https://www.boatos.org/politica/tarcisio-de-freitas-grava-audio-pedindo-que-pessoas-fiquem-nos-quarteis-falando-que-ha-infiltrados-e-intervencao-vai-acontecer.html","Tarcísio de Freitas grava áudio pedindo que pessoas fiquem nos quartéis, falando que há infiltrados e que intervenção vai acontecer #boato","1577"
"4202","https://www.boatos.org/politica/tarcisio-e-eduardo-leite-aprovam-pedido-de-separacao-fiscal-de-sao-paulo-e-rio-grande-do-sul.html","É falso que Tarcísio de Freitas e Eduardo Leite protocolaram pedido de separação fiscal de São Paulo e Rio Grande do Sul no STF","1213"
"4203","https://www.boatos.org/politica/tarcisio-gomes-de-freitas-dirigiu-carro-movido-a-agua-em-video.html","Governador de São Paulo Tarcísio de Freitas não testou carro movido à água em vídeo","830"
"4204","https://www.boatos.org/politica/telejornal-saiu-do-ar-porque-menino-desejou-a-prisao-de-lula-e-alexandre-de-moraes.html","Telejornal saiu do ar após menino dizer que quer ver Lula e Alexandre de Moraes presos em 2026","745"
"4205","https://www.boatos.org/politica/temer-acreditamos-poder-diabo.html","Temer disse “acreditamos no poder do diabo” durante discurso #boato","447"
"4206","https://www.boatos.org/politica/thaisa-hoffmann-que-depos-na-cpmi-do-inss-e-parente-de-gleisi-hoffmann.html","É falso que Thaisa Hoffmann, investigada na CPMI do INSS, seja parente de Gleisi Hoffmann","715"
"4207","https://www.boatos.org/politica/the-economist-escolhe-lula-como-presidente-mais-corrupto-do-mundo.html","The Economist escolhe Lula como o presidente mais corrupto do mundo #boato","522"
"4208","https://www.boatos.org/politica/the-new-york-times-colocou-charge-com-lula-como-macaco-falante-em-sua-capa.html","É falso que The New York Times tenha retratado Lula como um macaco em sua capa","545"
"4209","https://www.boatos.org/politica/tiririca-salario-deputado-federal.html","Tiririca desabafa sobre salário de deputado federal de R$ 300 mil #boato","617"
"4210","https://www.boatos.org/politica/toffoli-entrega-gravacao-de-moraes-dizendo-que-ordem-e-prender-bolsonaro.html","É falso que Toffoli tenha entregado gravação de Moraes dizendo que “ordem é prender Bolsonaro”","920"
"4211","https://www.boatos.org/politica/toffoli-gravou-video-como-garoto-propaganda-do-resort-tayaya.html","Vídeo que mostraria ministro Dias Toffoli gravando propaganda para o Resort Tayayá é fake criado por IA","657"
"4212","https://www.boatos.org/politica/tres-paises-brasil-cuba-venezuela-usam-urnas-eletronicas-eleicoes.html","Apenas três países (Brasil, Cuba e Venezuela) usam urnas eletrônicas nas eleições #boato","726"
"4213","https://www.boatos.org/politica/tribunal-constitucional-militar-acaba-de-ser-criado-por-decreto-lei-de-bolsonaro.html","Tribunal Constitucional Militar acaba de ser criado por decreto-lei de Bolsonaro #boato","855"
"4214","https://www.boatos.org/politica/tribunal-constitucional-militar-tcm-criado-decreto-lei-bolsonaro.html","Tribunal Constitucional Militar (TCM) será criado por Decreto-Lei de Bolsonaro #boato","883"
"4215","https://www.boatos.org/politica/tribunal-internacional-mandou-alexandre-de-moraes-libertar-patriotas-manifestacao-golpista-boato.html","Tribunal Internacional mandou Alexandre de Moraes libertar “patriotas” de manifestação golpista #boato","540"
"4216","https://www.boatos.org/politica/tribunal-internacional-stm-liberaram-presos-papuda.html","É falso que tribunal internacional e STM soltaram presos da Papuda pelo 08/01","913"
"4217","https://www.boatos.org/politica/trump-bolsonaro-hitler-imigrantes-indios-judeus-animais.html","Trump, Bolsonaro e Hitler compararam imigrantes, índios e judeus a animais #boato","853"
"4218","https://www.boatos.org/politica/trump-derrubou-ministro-do-governo-lula-e-desmantelou-foro-de-sp.html","É falso que Trump tenha derrubado ministro de Lula e desmantelado Foro de SP com dossiê","887"
"4219","https://www.boatos.org/politica/trump-determinou-prisao-e-deportacao-de-eduardo-bolsonaro-dos-eua.html","É falso que Trump determinou prisão e deportação de Eduardo Bolsonaro","664"
"4220","https://www.boatos.org/politica/trump-deu-72-horas-ao-brasil-para-afastar-moraes-e-soltar-bolsonaro.html","É falso que Trump deu ultimato de 72 horas para afastar Moraes e soltar Bolsonaro","670"
"4221","https://www.boatos.org/politica/trump-deu-prazo-de-24-horas-para-alexandre-de-moraes-renunciar.html","É falso que Trump deu ultimato de 24 horas para Alexandre de Moraes renunciar ao cargo no STF","688"
"4222","https://www.boatos.org/politica/trump-disse-forca-bolsonaro-e-ao-grande-povo-do-brasil-nunca-desista.html","É falso que Donald Trump tenha dito “força, Bolsonaro e, ao grande povo do Brasil, nunca desista”","592"
"4223","https://www.boatos.org/politica/trump-disse-que-vira-ao-brasil-para-visitar-bolsonaro-e-falar-com-alexandre-de-moraes.html","É falso que Trump tenha dado declaração dizendo que virá ao Brasil visitar Bolsonaro","580"
"4224","https://www.boatos.org/politica/trump-diz-que-vai-cortar-o-gps-do-brasil-como-retaliacao-ao-pais.html","É falso que Trump tenha ameaçado cortar GPS dos EUA usado pelo Brasil","1238"
"4225","https://www.boatos.org/politica/trump-enviou-mensagem-de-apoio-a-caminhada-de-nikolas-ferreira.html","É falso que Trump tenha enviado mensagem de apoio à caminhada de Nikolas Ferreira","766"
"4226","https://www.boatos.org/politica/trump-pediu-a-lula-base-de-anapolis-para-abastecer-aeronaves-dos-eua.html","É falso que Trump tenha pedido a Lula Base de Anápolis para abastecer aeronaves dos EUA","609"
"4227","https://www.boatos.org/politica/trump-proibiu-janja-de-comprar-mansao-nos-eua-com-dinheiro-publico.html","É falso que Trump tenha proibido Janja de comprar mansão nos EUA","570"
"4228","https://www.boatos.org/politica/trump-sabia-de-tentativa-de-fuga-de-bolsonaro-e-falou-sobre-plano-no-dia-anterior-a-prisao.html","Não é possível cravar que Trump tinha plano de fuga com Bolsonaro mesmo que “sabia de algo”","750"
"4229","https://www.boatos.org/politica/trump-vai-taxar-produtos-brasileiros-em-100-por-se-sentir-traido-por-lula.html","É falso que Trump tenha anunciado que vai taxar produtos brasileiros em 100% por se sentir traído por Lula","808"
"4230","https://www.boatos.org/politica/trump-vai-vir-ao-brasil-para-interferir-nas-eleicoes-de-2026.html","É falso que Trump vai vir ao Brasil interferir nas eleições de 2026 e fez Lula passar mal","651"
"4231","https://www.boatos.org/politica/tse-desativou-quase-200-mil-urnas-por-fraude-nas-eleicoes.html","Descarte de urnas por parte do TSE não tem relação com acusação (falsa) de fraude nas eleições","541"
"4232","https://www.boatos.org/politica/tse-enviou-sms-pedindo-regularizacao-de-titulo-eleitoral-e-pagamento-de-taxa.html","Golpe cita cobrança de taxa para regularização de título eleitoral por parte do TSE","544"
"4233","https://www.boatos.org/politica/tse-proibiu-censurou-comemoracoes-dia-do-medico-2022.html","TSE proibiu e censurou comemorações do Dia do Médico em 2022 #boato","939"
"4234","https://www.boatos.org/politica/tv-da-inglaterra-transmite-questions-of-truth-conta-verdade-sobre-alexandre-de-moraes-lula-infiltrados-entre-patriotas.html","TV da Inglaterra transmite Questions Of Truth e conta a verdade sobre Alexandre de Moraes, Lula e infiltrados entre patriotas #boato","1246"
"4235","https://www.boatos.org/politica/uniao-europeia-vai-aplicar-sancoes-contra-alexandre-de-moraes.html","Não é verdade que União Europeia decidiu que vai aplicar sanções contra Alexandre de Moraes","673"
"4236","https://www.boatos.org/politica/urnas-eletronicas-81-dos-votos-para-lula-apreendidas-serafina-correa-rs-carro-de-thiago-feronato.html","Urnas eletrônicas com 81% dos votos para Lula foram apreendidas em Serafina Corrêa (RS), no carro de Thiago Feronato #boato","798"
"4237","https://www.boatos.org/politica/urnas-eletronicas-votos-computados-brasilia.html","Urnas eletrônicas estão saindo de Brasília com votos já computados #boato","1169"
"4238","https://www.boatos.org/politica/video-brasilia-protesto-gaucho.html","Vídeo mostra clima em Brasília após protesto influenciado por povo gaúcho #boato","736"
"4239","https://www.boatos.org/politica/video-de-mike-benz-prova-fraude-nas-urnas-eletronicas-durante-eleicoes-de-2022.html","Vídeo com organograma de Mike Benz não prova fraude nas urnas eletrônicas durante eleições de 2022 no Brasil","747"
"4240","https://www.boatos.org/politica/video-de-professor-falando-o-que-fazer-em-assalto-e-satira-e-nao-foi-feito-por-petista.html","Vídeo de professor falando o que fazer em assalto é sátira e não foi feito por “petista”","625"
"4241","https://www.boatos.org/politica/video-intimo-nikolas-ferreira-com-homem-vazou-internet.html","Vídeo íntimo de Nikolas Ferreira com homem vazou na internet #boato","633"
"4242","https://www.boatos.org/politica/video-mostra-alexandre-de-moraes-sendo-vaiado-e-xingado-pela-torcida-do-corinthians.html","Vídeo com vaias a Alexandre de Moraes na Neo Química é falso e usa montagem com IA","692"
"4243","https://www.boatos.org/politica/video-mostra-avenida-paulista-lotada-durante-ato-a-favor-de-bolsonaro-em-abril-de-2025.html","Vídeo atribuído a ato a favor de Bolsonaro não é de abril de 2025","702"
"4244","https://www.boatos.org/politica/video-mostra-copacabana-lotada-durante-manifestacoes-1o-de-maio-2022.html","Vídeo mostra Copacabana lotada durante manifestações de 1º de maio de 2022 #boato","561"
"4245","https://www.boatos.org/politica/video-mostra-discurso-de-lula-sobre-fome-na-copa-27.html","Vídeo mostra discurso de Lula sobre fome na Cop 27 do Egito #boato","577"
"4246","https://www.boatos.org/politica/video-mostra-eduardo-paes-sendo-apoiado-pelo-comando-vermelho-no-rj.html","Vídeo não mostra Comando Vermelho apoiando Eduardo Paes e não há qualquer prova desta acusação","433"
"4247","https://www.boatos.org/politica/video-mostra-filha-de-barroso-algemada-depois-de-ser-retirada-de-carro-para-ser-deportada-dos-eua.html","Vídeo que mostra mulher algemada depois de ser retirada de carro não é de filha de Barroso nos EUA","567"
"4248","https://www.boatos.org/politica/video-mostra-lancamento-candidatura-bolsonaro-ontem-brasilia.html","Vídeo mostra lançamento da candidatura de Bolsonaro ontem em Brasília #boato","481"
"4249","https://www.boatos.org/politica/video-mostra-lula-bebado-durante-lancamento-de-sua-campanha-ontem.html","Vídeo mostra Lula bêbado durante lançamento de sua campanha ontem #boato","838"
"4250","https://www.boatos.org/politica/video-mostra-lula-saindo-de-casa-e-sendo-expulso-por-moradores-de-condominio-de-luxo.html","Vídeo mostra Lula saindo de casa e sendo expulso por moradores de condomínio de luxo #boato","511"
"4251","https://www.boatos.org/politica/video-mostra-nicolas-maduro-e-celso-amorim-se-abracando-na-venezuela.html","Vídeo que mostraria Celso Amorim e Nicolás Maduro se abraçando é fruto de criação com IA","581"
"4252","https://www.boatos.org/politica/video-mostra-o-comando-vermelho-comemorando-condenacao-de-bolsonaro.html","Vídeo de fogos de artifício não é de Comando Vermelho comemorando condenação de Bolsonaro","429"
"4253","https://www.boatos.org/politica/video-mostra-sergio-massa-candidato-a-presidencia-na-argentina-consumindo-cocaina.html","Homem que aparece em vídeo usando cocaína não é Sergio Massa, candidato à Presidência da Argentina; Vídeo é resultado de deep fake","718"
"4254","https://www.boatos.org/politica/videos-mostram-esculturas-reais-de-lula-e-bolsonaro-na-praia.html","Vídeos que mostram esculturas de Lula e Bolsonaro na praia são criações por IA","558"
"4255","https://www.boatos.org/politica/visto-do-comandante-do-exercito-tomas-paiva-foi-cancelado-pelos-eua.html","É falso que o visto do General Tomás Paiva, comandante do Exército, tenha sido cancelado","631"
"4256","https://www.boatos.org/politica/volvo-propaganda-bolsonaro-caminhoes.html","Volvo fez propaganda com Bolsonaro entre dois caminhões #boato","608"
"4257","https://www.boatos.org/politica/vorcaro-careca-do-inss-e-flavio-bolsonaro-estiveram-na-inauguracao-do-banco-master-em-2021.html","Foto de Daniel Vorcaro com Flávio Bolsonaro e Careca do INSS é fake criado por IA","547"
"4258","https://www.boatos.org/politica/vorcaro-surtou-na-cadeia-gritou-eu-contratei-moraes-e-entregou-lula-e-toffoli.html","É falso que Vorcaro tenha “surtado” na cadeia e gritado “eu contratei Moraes”","900"
"4259","https://www.boatos.org/politica/walter-braga-neto-recado-deputados-lei-abuso-autoridade.html","Walter Braga Neto, secretário de Moro, manda recado a deputados sobre Lei de abuso de autoridade #boato","984"
"4260","https://www.boatos.org/politica/willian-bonner-reuniao-lula-alckmin-como-encontro-dois-bandidos.html","Willian Bonner se confunde e cita reunião de Lula e Alckmin como “encontro de dois bandidos” #boato","473"
"4261","https://www.boatos.org/politica/xp-investimentos-emprestou-aviao-para-lula-viajar-pelo-brasil.html","XP emprestou avião para Lula viajar pelo Brasil #boato","895"
"4262","https://www.boatos.org/politica/zema-zerar-icms-combustiveis-minas-gerais.html","Zema aceita desafio de zerar o ICMS de combustíveis em Minas Gerais #boato","817"
"4263","https://www.boatos.org/religiao/22-missionarios-irma-gislaine-condenados-a-morte-afegaos-islamicos.html","22 missionários (irmã Gislaine e outros) foram condenados à morte por afegãos islâmicos #boato","531"
"4264","https://www.boatos.org/religiao/229-missionarios-cristaos-serao-mortos-afeganistao-amanha-alerta-judith-carmona.html","229 missionários cristãos serão mortos no Afeganistão amanhã, alerta Judith Carmona #boato","972"
"4265","https://www.boatos.org/religiao/7-boatos-sobre-o-chip-da-besta.html","7 boatos sobre o “chip da besta” que vocês precisam saber que é mentira","1126"
"4266","https://www.boatos.org/religiao/7-boatos-sobre-o-fim-do-mundo-que-assustam-as-pessoas-na-internet.html","7 boatos sobre o fim do mundo que assustam as pessoas na internet","681"
"4267","https://www.boatos.org/religiao/acordo-de-paz-sera-selado-em-13-de-agosto-de-2023-e-vai-resultar-em-grande-tribulacao-e.html","Acordo de paz não será assinado no dia 13 de agosto e nem vai marcar o fim dos tempos","966"
"4268","https://www.boatos.org/religiao/agua-rio-sangue-kasese-africa.html","Água de rio em Kasese (Congo), na África, virou sangue desde ontem #boato","482"
"4269","https://www.boatos.org/religiao/ana-maria-braga-interrompeu-frei-gilson-e-um-milagre-aconteceu-ao-vivo.html","É falso que Ana Maria Braga tenha interrompido Frei Gilson ao vivo na TV","628"
"4270","https://www.boatos.org/religiao/apos-a-vitoria-de-zohran-mamdani-muculmano-extremista-reivindica-nova-york-para-o-isla.html","É falso que muçulmano extremista tenha reivindicado Nova York para o islã após a vitória de Zohran Mamdani","748"
"4271","https://www.boatos.org/religiao/arvore-jesus-cresce-libano.html","Árvore com formato de Jesus Cristo cresce no Líbano #boato","469"
"4272","https://www.boatos.org/religiao/ateu-pisou-na-biblia-e-um-milagre-aconteceu-na-franca.html","História que aponta que ateu pisou na Bíblia e um milagre aconteceu na França é falsa","1289"
"4273","https://www.boatos.org/religiao/biblia-gratis-para-quem-responder-a-quiz-na-internet.html","Golpe promete Bíblia grátis após quiz, mas só busca enganar usuários","542"
"4274","https://www.boatos.org/religiao/blue-beam-nasa-vinda-jesus.html","Blue Beam: Nasa vai simular 2ª vinda de Jesus Cristo #boato","1035"
"4275","https://www.boatos.org/religiao/boato-brincadeira-da-girafa-facebook-e-armadilha-satanismo.html","Boato: brincadeira da girafa no Facebook é armadilha do satanismo","574"
"4276","https://www.boatos.org/religiao/bode-invadiu-culto-de-igreja-evangelica-e-destruiu-tudo.html","Vídeo viral de bode invadindo igreja evangélica é fake feito por IA","612"
"4277","https://www.boatos.org/religiao/bolsonaristas-organizam-excursao-vaticano-xingar-papa.html","Bolsonaristas organizam excursão ao Vaticano para xingar papa Francisco #boato","402"
"4278","https://www.boatos.org/religiao/bombeiro-deixa-coroa-flores-em-imagem-da-nossa-senhora-na-turquia-apos-terremoto.html","Bombeiro deixa coroa de flores em imagem da Nossa Senhora na Turquia após terremoto #boato","706"
"4279","https://www.boatos.org/religiao/cantor-feliciano-amaral-morreu.html","Cantor gospel Feliciano Amaral morreu aos 98 anos após ser internado #boato","648"
"4280","https://www.boatos.org/religiao/cantora-do-mst-queima-biblia-durante-ritual-em-show-satanico.html","É falso que Bíblia tenha sido queimada por cantora em show “do MST”","458"
"4281","https://www.boatos.org/religiao/cesar-tralli-fez-declaracao-ao-vivo-na-tv-sobre-o-espiritismo-e-allan-kardec.html","É falso que César Tralli fez declaração ao vivo na TV sobre o espiritismo e Allan Kardec","620"
"4282","https://www.boatos.org/religiao/charlie-charlie-e-um-demonio-mexicano-e-a-mais-nova-besteira-na-web.html","Charlie Charlie é um demônio mexicano e a mais nova besteira na web","364"
"4283","https://www.boatos.org/religiao/chico-xavier-escreveu-texto-falando-amizade-e-um-fio-de-ouro.html","Não há comprovação de que texto que fala que a amizade é um fio de ouro seja de Chico Xavier","474"
"4284","https://www.boatos.org/religiao/china-presenteou-o-brasil-com-uma-estatua-do-demonio-na-cop30.html","Estátua dada de presente pela China ao Brasil é não “do demônio”","629"
"4285","https://www.boatos.org/religiao/cidade-alerta-sergipe-audio-pt-contra-igrejas.html","Cidade Alerta Sergipe denuncia áudio de membro do PT contra igrejas #boato","709"
"4286","https://www.boatos.org/religiao/coca-cola-tem-pacto-com-diabo-sacrifica-criancas-e-usa-celulas-de-fetos.html","Teoria da conspiração falsa aponta que Coca-Cola tem pacto com o diabo, sacrifica crianças e usa células de fetos","809"
"4287","https://www.boatos.org/religiao/cristao-sao-enterrados-vivos-com-as-maos-para-cima-em-paises-da-africa.html","Vídeo que sugere que cristãos foram enterrados vivos com as mãos para cima em países da África é fake criado por IA","959"
"4288","https://www.boatos.org/religiao/cronovisor-e-uma-maquina-do-tempo-que-fotografou-jesus-cristo.html","Imagens de Jesus Cristo não foram feitas pela máquina Cronovisor e não são reais","1058"
"4289","https://www.boatos.org/religiao/diabo-porta-igreja-culto-foto.html","Diabo aparece na porta de igreja no meio do culto, mostra foto #boato","834"
"4290","https://www.boatos.org/religiao/dom-paulo-garcia-discurso-2023-ameacado-alexandre-de-moraes.html","Dom Paulo Garcia faz discurso em 2023 e é ameaçado por Alexandre de Moraes #boato","467"
"4291","https://www.boatos.org/religiao/edir-macedo-morreu-hoje-acidente.html","Edir Macedo morreu hoje em um acidente de carro em Juquitiba #boato","709"
"4292","https://www.boatos.org/religiao/espirito-andre-luiz-enviou-mensagem-em-que-preve-retorno-de-bolsonaro-a-presidencia.html","Vídeo com “revelação de André Luiz” sobre volta de Bolsonaro é criação feita por IA","740"
"4293","https://www.boatos.org/religiao/evangelica-cospe-em-frei-gilson-durante-missa-e-perde-a-voz-em-aparecida.html","É falso que Frei Gilson sofreu agressão de evangélica durante missa e ela perdeu a voz em Aparecida","1776"
"4294","https://www.boatos.org/religiao/fabio-de-melo-sera-preso-por-ameacar-a-seguranca-do-brasil-com-investimento-em-criptomoedas.html","Golpe usa nome de Fábio de Melo e cita investimento em criptomoedas","544"
"4295","https://www.boatos.org/religiao/faixa-lula-e-um-grande-filho-da-puta-estendida-na-basilica-de-aparecida.html","Faixa “Lula é um grande filho da p…” é estendida na Basílica de Aparecida #boato","540"
"4296","https://www.boatos.org/religiao/filho-de-elon-musk-cantou-musica-crista-no-americas-got-talent.html","Vídeo que mostra filho de Elon Musk cantando no America’s Got Talent é falso e feito com IA","544"
"4297","https://www.boatos.org/religiao/filme-corpus-christi-jesus-gay.html","Filme Corpus Christi mostra Jesus gay e será lançado este ano #boato","626"
"4298","https://www.boatos.org/religiao/foto-de-escultura-de-jesus-cristo-na-areia-em-praia-e-real.html","Imagem de escultura de Jesus Cristo na areia foi criada por IA","407"
"4299","https://www.boatos.org/religiao/foto-de-jesus-em-beijo-gay-nao-foi-tirada-na-parada-lgbt.html","Foto de Jesus em beijo gay não foi tirada na Parada LGBT","389"
"4300","https://www.boatos.org/religiao/foto-jesus-fantastico-milagrosa.html","Foto de Jesus divulgada no Fantástico é milagrosa e sagrada; Compartilhe! #boato","561"
"4301","https://www.boatos.org/religiao/foto-mostra-rosto-jesus-nuvem-compartilhada-todos-grupos.html","Foto mostra rosto de Jesus em nuvem e deve ser compartilhada em todos os grupos #boato","442"
"4302","https://www.boatos.org/religiao/fotos-mostram-tapetes-de-corpus-christi-feitos-alimentos-doados-em-porto-ferreira-em-2021.html","Fotos mostram tapetes de Corpus Christi feitos com alimentos doados em Porto Ferreira em 2021 #boato","510"
"4303","https://www.boatos.org/religiao/frei-gilson-foi-humilhado-por-luciano-huck-humilhou-william-bonner-e-viu-menina-interromper-a-missa-e-fazer-um-milagre.html","Fakes sobre Frei Gilson criadas por IA falam de William Bonner, Luciano Huck e milagre de menina","764"
"4304","https://www.boatos.org/religiao/frei-gilson-vende-oracao-milagrosa-do-arcanjo-rafael-para-cura-e-prosperidade.html","Golpe cita “oração milagrosa do Arcanjo Rafael” promovida por Frei Gilson","781"
"4305","https://www.boatos.org/religiao/funeral-do-papa-francisco-teve-cruz-invertida-pessoas-de-capuz-e-rituais-esotericos-satanistas.html","Vídeo que mostra cruz invertida e pessoas de capuz não é do funeral do papa Francisco e não é “satânico” ou “esotérico”","670"
"4306","https://www.boatos.org/religiao/furby-diabo-satanico-suicidio.html","Boneco Furby é do diabo, satânico e ligado ao suicídio #boato","580"
"4307","https://www.boatos.org/religiao/galinha-pintadinha-diabo-boato-fala-mensagem-subliminar-desenho.html","Galinha Pintadinha é do diabo: boato fala de mensagem subliminar em vídeo","562"
"4308","https://www.boatos.org/religiao/gandhi-disse-perco-algumas-coisas-ruins-como-orgulho-arrogancia-etc-orando-para-jesus.html","É falso que Gandhi tenha dito que “perde muitas coisas” orando para Jesus","455"
"4309","https://www.boatos.org/religiao/hello-kitty-e-diabo-lenda-fala-de-pacto-de-personagem-com-demonio.html","Hello Kitty é do diabo e tem pacto com demônio #boato","557"
"4310","https://www.boatos.org/religiao/heroi-sirio-que-desarmou-terroristas-em-ataque-na-australia-e-cristao-maronita.html","Ao contrário do que apontam mensagens, herói sírio que desarmou terroristas em ataque na Austrália não é cristão maronita","819"
"4311","https://www.boatos.org/religiao/historia-falsa-familia-enterrada-viva-sobrevive-egito.html","Família enterrada viva sobrevive no Egito #boato","330"
"4312","https://www.boatos.org/religiao/hoax-luciana-gimenez-foi-possuida-pelo-diabo-e-desmaiou-ao-vivo-na-tv.html","Hoax: Luciana Gimenez foi possuída pelo diabo e desmaiou ao vivo na TV","579"
"4313","https://www.boatos.org/religiao/hoax-menina-de-15-anos-excluiu-mensagem-de-jesus-facebook-e-morreu.html","Menina de 15 anos excluiu mensagem de Jesus e morreu #boato","471"
"4314","https://www.boatos.org/religiao/hoax-mulher-levanta-tumulo-anuncia-vinda-jesus-toraja-indonesia.html","Mulher se levanta de túmulo e anuncia vinda de Jesus em Toraja, Indonésia #boato","384"
"4315","https://www.boatos.org/religiao/homem-de-168-anos-canta-jesus-tu-e-o-unico-caminho-em-programa-ao-vivo.html","É falso que homem de 168 anos tenha cantado Jesus: Tu é o Único Caminho ao vivo no AGT","468"
"4316","https://www.boatos.org/religiao/igreja-catolica-chile-esta-sendo-transformada-bar-esquerda.html","Igreja católica no Chile está sendo transformada em bar pela esquerda #boato","600"
"4317","https://www.boatos.org/religiao/imagem-virgem-maria-encontrada-intacta-oceano-indico.html","Imagem de Virgem Maria é encontrada intacta no Oceano Índico #boato","603"
"4318","https://www.boatos.org/religiao/informacao-falsa-padre-marcelo-rossi-esta-com-cancer.html","Informação falsa: padre Marcelo Rossi está com câncer","297"
"4319","https://www.boatos.org/religiao/informacao-falsa-sylvester-stallone-vira-evangelico-e-se-entrega-a-jesus.html","Sylvester Stallone vira evangélico e se entrega a Jesus #boato","590"
"4320","https://www.boatos.org/religiao/israel-e-netanyahu-criaram-projeto-que-criminaliza-o-cristianismo.html","É falso que Israel e Netanyahu resolveram criminalizar o cristianismo","526"
"4321","https://www.boatos.org/religiao/janja-organizou-evento-da-umbanda-e-candomble-na-catedral-de-brasilia.html","Janja não organizou evento, que não foi de umbanda, dentro da Catedral de Brasília (DF)","933"
"4322","https://www.boatos.org/religiao/jared-kushner-genro-de-trump-e-o-novo-anticristo.html","Teoria que aponta que genro de Trump, Jared Kushner seria o Anticristo, não tem a mínima lógica","935"
"4323","https://www.boatos.org/religiao/jean-wyllys-filme-corpus-christi.html","Jean Wyllys vai lançar filme Corpus Christi, paródia de Jesus Gay #boato","398"
"4324","https://www.boatos.org/religiao/jesus-cristo-abre-olhos-mexico.html","Jesus Cristo abre olhos em igreja do México #boato","427"
"4325","https://www.boatos.org/religiao/lorota-xuxa-aceita-jesus-e-chora-ao-saber-que-vai-ser-batizada.html","Lorota: Xuxa aceita Jesus e chora ao saber que vai ser batizada","372"
"4326","https://www.boatos.org/religiao/luz-misteriosa-apareceu-no-ceu-do-vaticano-durante-o-velorio-do-papa-francisco.html","É falso que luz misteriosa no céu tenha aparecido no Vaticano durante o velório do papa Francisco","739"
"4327","https://www.boatos.org/religiao/madre-teresa-de-calcuta-foi-traficante-de-criancas-ligada-a-hillary-clinton-e-fauci.html","Fake news liga Madre Teresa de Calcutá a tráfico de crianças, Hillary Clinton e Anthony Fauci","860"
"4328","https://www.boatos.org/religiao/marcos-pereira-luis-celula-no-corpo.html","Marcos Pereira curou Luís, que tinha apenas uma célula no corpo #boato","442"
"4329","https://www.boatos.org/religiao/menino-na-africa-faz-boneco-de-jesus-cristo-com-palhas.html","Vídeo de menino na África fazendo boneco de Jesus Cristo com palhas é fake criado por IA","510"
"4330","https://www.boatos.org/religiao/mensagem-de-natal-do-papa-francisco-comeca-natal-costuma-ser-sempre-uma-ruidosa-festa.html","Mensagem de Natal do papa Francisco começa com “o Natal costuma ser sempre uma ruidosa festa” #boato","815"
"4331","https://www.boatos.org/religiao/mentira-para-arcebispo-sexo-oral-nao-e-pecado-se-feito-pensando-em-jesus.html","Mentira: para arcebispo, sexo oral não é pecado se for feito pensando em Jesus","442"
"4332","https://www.boatos.org/religiao/mentira-rosto-de-jesus-cristo-e-de-um-homossexual.html","Rosto de Jesus Cristo é de um homossexual #boato","523"
"4333","https://www.boatos.org/religiao/morador-de-rua-viraliza-nas-redes-sociais-com-forte-discurso-sobre-comportamento-de-cristaos.html","É falso vídeo de morador de rua viralizando com discurso sobre comportamento de cristãos","909"
"4334","https://www.boatos.org/religiao/mst-coloca-fogo-carros-de-padre-da-paroquia-de-eldorado-dos-carajas-pa.html","MST coloca fogo em carros de padre da paróquia de Eldorado dos Carajás (PA) #boato","733"
"4335","https://www.boatos.org/religiao/muculmanos-estatua-jesus-virgem.html","Muçulmanos destroem estátua de Jesus e Virgem Maria na Itália #boato","418"
"4336","https://www.boatos.org/religiao/mulher-grita-jesus-aviao-pega-fogo.html","Mulher grita Jesus no avião, é expulsa, voo atrasa e avião pega fogo #boato","742"
"4337","https://www.boatos.org/religiao/mulheres-sao-vendidas-escravas-mercado-muculmano.html","É falso que mulheres foram filmadas sendo vendidas como escravas em mercado muçulmano","609"
"4338","https://www.boatos.org/religiao/nasa-confirmou-que-estrela-de-jaco-apareceu-na-florida-eua.html","É falso que Nasa tenha confirmado aparição da Estrela de Jacó na Flórida","427"
"4339","https://www.boatos.org/religiao/noticia-falsa-fabio-de-melo-e-considerado-ex-padre-apos-criticar-maria.html","Notícia falsa: Fábio de Melo é considerado ex-padre após criticar Maria","533"
"4340","https://www.boatos.org/religiao/nuvens-jesus-cristo-anjos-venezuela.html","Nuvens de Jesus Cristo e anjos são vistas em Maracaibo, na Venezuela #boato","445"
"4341","https://www.boatos.org/religiao/o-caso-de-lily-e-o-unico-comprovado-de-reencarnacao-na-historia-humana.html","Não existe “caso comprovado” de reencarnação, como o de Lily, a espanhola do séc. XIX","785"
"4342","https://www.boatos.org/religiao/o-cristo-redentor-fechou-os-bracos-em-um-abraco-ao-rio-de-janeiro-em-2024.html","Vídeo do Cristo Redentor dando um “abraço” no Rio de Janeiro não é de 2024","548"
"4343","https://www.boatos.org/religiao/o-mundo-acaba-hoje.html","O mundo acaba hoje e Jesus vai voltar para salvar apenas cristãos #boato","579"
"4344","https://www.boatos.org/religiao/padre-caco-pede-excomunhao-bolsonaro-igreja-catolica.html","Padre Caco pede a excomunhão de Bolsonaro da Igreja Católica #boato","422"
"4345","https://www.boatos.org/religiao/padre-fabio-de-melo-decidiu-deixar-batina-esta-namorando.html","É falso que padre Fábio de Melo tenha decidido largar a batina e começado a namorar mulher","465"
"4346","https://www.boatos.org/religiao/padre-fabio-de-melo-decidiu-revelar-que-e-gay-e-comentou-sobre-namoro.html","Fake news caça-cliques mente sobre sexualidade do padre Fábio de Melo e namoro","563"
"4347","https://www.boatos.org/religiao/padre-fabio-de-melo-faz-campanha-para-menina-fatima-com-tumor-receber-doacoes-em-pix.html","Golpe usa vídeo falso do padre Fábio de Melo pedindo doações para “menina Fátima”","646"
"4348","https://www.boatos.org/religiao/padre-lutero-atacou-a-igreja-catolica-em-sua-ultima-missa.html","É falso que Padre Lutero tenha se revoltado contra a Igreja Católica em sua última missa","1085"
"4349","https://www.boatos.org/religiao/padre-lutero-teria-se-revoltado-contra-a-igreja-catolica-e-virado-destaque-no-jornal-gospel-news.html","Caso que aponta que “Padre Lutero” se revoltou contra Igreja Católica e foi notícia é distorção de episódio histórico","1381"
"4350","https://www.boatos.org/religiao/padre-marcelo-rossi-morreu.html","Padre Marcelo Rossi morreu; luto para os católicos #boato","322"
"4351","https://www.boatos.org/religiao/padre-ouro-preto-criticou-lula-camara-senado-durante-homilia-em-2023.html","Padre de Ouro Preto criticou Lula, Câmara e Senado durante homilia em 2023 #boato","885"
"4352","https://www.boatos.org/religiao/padre-pedofilo-perdoado-igreja-catolica.html","Padre pedófilo com HIV que estuprou 30 crianças é perdoado pela Igreja Católica #boato","732"
"4353","https://www.boatos.org/religiao/padre-pio-disse-que-deixar-sapatos-na-porta-atrai-pobreza.html","Vídeo falso atribui superstição sobre sapatos na porta ao Padre Pio","456"
"4354","https://www.boatos.org/religiao/padre-pio-revela-tres-pecados-sexuais-que-todo-cristao-deve-evitar.html","É falso que Padre Pio tenha feito revelação sobre “pecados sexuais proibidos”","889"
"4355","https://www.boatos.org/religiao/padre-reginaldo-manzotti-pediu-repassar-mensagem-nossa-senhora-da-medalha-milagrosa.html","Padre Reginaldo Manzotti não pediu para que se repasse mensagem sobre Nossa Senhora da Medalha Milagrosa","423"
"4356","https://www.boatos.org/religiao/papa-diz-que-jesus-fracassou-na-cruz-diz-informacao-errada.html","Papa diz que Jesus fracassou na cruz, diz informação errada","795"
"4357","https://www.boatos.org/religiao/papa-francisco-deixou-uma-ultima-carta-antes-de-morrer-em-que-se-despede-do-mundo.html","Falsa carta de despedida atribuída ao Papa Francisco viraliza após sua morte","805"
"4358","https://www.boatos.org/religiao/papa-francisco-disse-klaus-schwab-mais-importante-que-jesus-cristo.html","É falso que o papa Francisco tenha dito que Klaus Schwab seja mais importante do que Jesus Cristo atualmente","464"
"4359","https://www.boatos.org/religiao/papa-francisco-era-dono-de-uma-lamborghini-e-deixou-fortuna-milionaria-ao-morrer.html","Texto viral exagera sobre fortuna deixada pelo Papa Francisco e cita Lamborghini que já foi doada","859"
"4360","https://www.boatos.org/religiao/papa-francisco-operado-hernia.html","Papa Francisco está sendo operado; cirurgia de hérnia é a 2ª em um mês #boato","519"
"4361","https://www.boatos.org/religiao/papa-francisco-proibe-quaresma.html","Papa Francisco proíbe a quaresma (quarentena) #boato","618"
"4362","https://www.boatos.org/religiao/papa-francisco-recomendou-cinco-plantas-milagrosas-para-plantar-em-casa.html","Vídeo viral inventa lista de plantas milagrosas atribuída ao papa Francisco","526"
"4363","https://www.boatos.org/religiao/papa-francisco-substituiu-virgem-maria-por-pachamama-na-igreja-catolica.html","Não é verdade que papa Francisco resolveu substituir Virgem Maria pela Pachamama","511"
"4364","https://www.boatos.org/religiao/papa-leao-xiv-causou-um-terremoto-espiritual-no-vaticano.html","Vídeos que falam sobre terremoto no Vaticano exageram ações do Papa Leão XIV e criam narrativa fantasiosa","707"
"4365","https://www.boatos.org/religiao/papa-leao-xiv-citou-bolsonaro-em-discurso-de-ano-novo-e-enviou-recado-ao-brasil.html","Vídeo que atribui fala de Papa Leão XIV a Bolsonaro é criação de inteligência artificial","776"
"4366","https://www.boatos.org/religiao/papa-leao-xiv-citou-padre-cicero-e-fez-profecia-para-o-brasil.html","É falso que Papa Leão XIV tenha citado Padre Cícero e feito profecia para o Brasil","635"
"4367","https://www.boatos.org/religiao/papa-leao-xiv-criticou-bebes-reborn-em-discurso-no-vaticano.html","Discurso atribuído ao Papa Leão XIV sobre bebês reborn é falso","732"
"4368","https://www.boatos.org/religiao/papa-leao-xiv-desapareceu-por-72-horas-e-foi-visitado-por-maria-mae-de-jesus.html","História sobre desaparecimento do Papa Leão XIV e visita de Maria, mãe de Jesus, é falsa","506"
"4369","https://www.boatos.org/religiao/papa-leao-xiv-deu-missao-especial-ao-cardeal-robert-sarah.html","Vídeo sugere nova missão do Papa ao Cardeal Sarah, mas é mais um fake criado por IA","802"
"4370","https://www.boatos.org/religiao/papa-leao-xiv-disse-que-a-construcao-de-homem-e-mulher-e-de-deus-e-nao-cultural.html","Frase sobre homem, mulher, família, Deus e ideologias é falsamente atribuída ao Papa Leão XIV","646"
"4371","https://www.boatos.org/religiao/papa-leao-xiv-disse-que-o-brasil-esta-chorando-e-diz-que-deus-vai-restaurar-o-pais.html","É falso que o Papa Leão XIV disse que o Brasil está chorando e que Deus vai restaurar o país","2041"
"4372","https://www.boatos.org/religiao/papa-leao-xiv-enviou-carta-secreta-a-michelle-bolsonaro.html","Vídeo que diz que Papa Leão XIV entregou carta sigilosa a Michelle Bolsonaro é fake criado por IA","569"
"4373","https://www.boatos.org/religiao/papa-leao-xiv-fez-gesto-do-l-em-apoio-a-lula.html","É falso que o Papa Leão XIV tenha feito o “L” em homenagem a Lula","568"
"4374","https://www.boatos.org/religiao/papa-leao-xiv-nao-sorri-por-fraturado-a-mandibula-ao-salvar-crianca-de-atropelamento.html","É falso que Papa Leão XIV tenha fraturado a mandíbula ao salvar criança de atropelamento e, por isso, não sorri","647"
"4375","https://www.boatos.org/religiao/papa-leao-xiv-pediu-oracao-do-rosario-por-causa-da-guerra-na-ucrania-e-oriente-medio.html","Texto que fala que Papa Leão XIV pediu oração por causa de Guerra na Ucrânia e Oriente Médio é fake antigo","677"
"4376","https://www.boatos.org/religiao/papa-leao-xiv-revelou-a-prisao-de-quatro-cardeais.html","É falso que Papa Leão XIV tenha anunciado prisão de cardeais","783"
"4377","https://www.boatos.org/religiao/papa-leao-xiv-se-declara-a-lula-e-o-chama-de-salvador.html","É falso que o papa Leão XIV chamou Lula de “salvador de milhões” e se declarou ao presidente do Brasil","893"
"4378","https://www.boatos.org/religiao/pastor-afunda-no-altar-apos-falar-que-jesus-mande-para-o-inferno-tudo-que-for-de-satanas.html","É falso que pastor tenha sido “engolido” no altar após clamar “Que Jesus mande para o inferno tudo que for de satanás”","716"
"4379","https://www.boatos.org/religiao/pastor-vende-a-cueca-do-rei-salomao-por-r-900.html","É falso que pastor que esteja vendendo a cueca do rei Salomão por R$ 900","451"
"4380","https://www.boatos.org/religiao/pastora-encontrou-imagens-diabolicas-na-lata-de-coca-cola.html","Imagens encontradas por pastora em latas de Coca-Cola não são “diabólicas”","613"
"4381","https://www.boatos.org/religiao/principe-harry-elogiou-lula-e-disse-que-rainha-elizabeth-era-sua-fa.html","É falso que o príncipe Harry tenha elogiado Lula e falado que a Rainha Elizabeth era sua fã","641"
"4382","https://www.boatos.org/religiao/renata-vasconcellos-anuncia-que-governo-vai-fechar-igrejas-e-proibir-cultos-religiosos-a-partir-de-1o-de-marco.html","É falso que Renata Vasconcellos anunciou que governo vai fechar igrejas e proibir cultos religiosos a partir de 1º de março","827"
"4383","https://www.boatos.org/religiao/rosto-jesus-nuvens-dianopolis.html","Rosto de Jesus aparece nas nuvens em Dianópolis, Tocantins #boato","640"
"4384","https://www.boatos.org/religiao/silas-malafaia-chama-globo-demoniaca-alerta-nova-novela.html","Silas Malafaia chama Globo de demoníaca e alerta sobre nova novela da emissora #boato","785"
"4385","https://www.boatos.org/religiao/site-do-orfanato-irma-dulce-pede-doacoes-com-ajuda-de-frei-gilson-e-cancao-nova.html","Golpe usa falso site de Orfanato Irmã Dulce e imagem da Canção Nova e Frei Gilson para pedir doações","647"
"4386","https://www.boatos.org/religiao/som-trombetas-jerusalem-jesus.html","Som de trombetas no céu de Jerusalém anuncia volta de Jesus #boato","1472"
"4387","https://www.boatos.org/religiao/spinner-diabo-pombagira-brasil.html","Spinner é do diabo e foi trazido pela pombagira para o Brasil #boato","876"
"4388","https://www.boatos.org/religiao/stf-proibe-lives-de-frei-gilson-apos-polemica-durante-transmissao.html","É falso que o STF tenha proibido lives de Frei Gilson após polêmica em transmissão","727"
"4389","https://www.boatos.org/religiao/stf-quer-cassar-todos-candidatos-cristaos-eleitos.html","STF quer cassar todos candidatos cristãos eleitos #boato","991"
"4390","https://www.boatos.org/religiao/taliba-estado-islamico-faz-leilao-de-meninas-cristas-no-afeganistao-foto.html","Talibã (Estado Islâmico) faz leilão de meninas cristãs no Afeganistão, mostra foto #boato","639"
"4391","https://www.boatos.org/religiao/taxista-jesus-vagabundo-mentiroso-morre.html","Taxista que chamou Jesus de “vagabundo e mentiroso” morre em acidente #boato","473"
"4392","https://www.boatos.org/religiao/times-square-ficou-iluminada-com-mensagem-de-jesus-apos-vitoria-de-trump-ontem.html","Vídeo de iluminação bíblica na Times Square não é de 2024 e não tem relação com vitória de Trump","506"
"4393","https://www.boatos.org/religiao/trump-elogiou-a-congregacao-crista-no-brasil-ccb-e-chocou-o-mundo.html","Ao contrário do que aponta vídeo, Trump nunca elogiou a Congregação Cristã no Brasil (CCB) em discurso","549"
"4394","https://www.boatos.org/religiao/vaca-continuou-se-mexendo-apos-ser-morta-por-causa-de-jejum-da-carne-na-semana-santa.html","Vídeo que mostra vaca supostamente morta ainda se movendo levanta dúvidas e não tem relação com a Semana Santa","514"
"4395","https://www.boatos.org/religiao/vestidinho-branco-historia-menina-aceitou-jesus-morta-pai-ficticia.html","História de menina que aceitou Jesus e foi morta pelo pai é fictícia","367"
"4396","https://www.boatos.org/religiao/video-falso-gay-imita-jesus-e-morre-atropelado.html","Homem gay imita Jesus e morre atropelado #boato","358"
"4397","https://www.boatos.org/religiao/video-mostra-presepio-de-natal-em-desfile-de-jesus-cristo-em-nova-york.html","Vídeo de deslumbrante desfile de Jesus Cristo em Nova York no Natal de 2025 é fake criado por IA","841"
"4398","https://www.boatos.org/religiao/video-papa-dancando-samba-virusrouba-dados-celular.html","Vídeo papa dançando samba é um vírus criado por hackers que rouba dados do celular #boato","719"
"4399","https://www.boatos.org/religiao/video-que-mostra-pastor-caindo-apos-chao-se-romper-em-culto-e-real.html","Vídeo de pastor caindo após chão se romper em culto é fake gerado por IA","650"
"4400","https://www.boatos.org/saude/agua-do-rio-de-janeiro-esta-contaminada-com-virus.html","Fake news sobre água do Rio de Janeiro estar contaminada com vírus volta a circular online","1441"
"4401","https://www.boatos.org/saude/bochecho-com-agua-morna-e-sal-mata-virus-da-gripe-h1n1.html","Não há nenhuma comprovação de que água morna e sal “mate” o vírus influenza, da gripe H1N1","777"
"4402","https://www.boatos.org/saude/fabrica-de-linguica-feita-com-ratos-vai-ser-implantada-ate-2037.html","Vídeo que mostra fábrica de linguiça feita com ratos é fake criado por IA","710"
"4403","https://www.boatos.org/saude/filho-de-luis-roberto-barroso-e-socio-da-rede-dor.html","Filho de Luís Roberto Barroso é sócio da rede D’Or #boato","886"
"4404","https://www.boatos.org/saude/luana-araujo-e-contra-o-uso-de-mascaras-no-combate-covid-19.html","Luana Araújo é contra o uso de máscaras no combate à Covid-19 #boato","812"
"4405","https://www.boatos.org/saude/mulher-e-metade-negra-e-metade-branca-por-causa-de-vitiligo-na-infancia.html","Influencer “metade negra e metade branca” é personagem criada por IA para arte digital","684"
"4406","https://www.boatos.org/saude/seringas-soro-fisiologico-estao-sendo-aplicadas-idosos-brasil.html","Seringas com soro fisiológico estão sendo aplicadas em idosos no Brasil #boato","699"
"4407","https://www.boatos.org/saude/seringas-vazias-para-vender-vacinas-no-mercado-negro.html","Estão usando seringas vazias para vender vacinas no mercado negro, prova vídeo #boato","853"
"4408","https://www.boatos.org/saude/serrana-sp-aumento-mortes-covid-19-por-causa-vacina-coronavac.html","Serrana (SP) teve aumento de mortes por Covid-19 por causa da vacina Coronavac #boato","876"
"4409","https://www.boatos.org/saude/sexologa-eliza-villar-criou-spray-contra-impotencia-aprovado-pela-anvisa.html","Foto de sexóloga criada por IA é utilizada na venda de produto sem aprovação da Anvisa para tratar impotência","810"
"4410","https://www.boatos.org/saude/shampoo-video-avisa-governo-boato.html","Nunca mais irá usar shampoo depois de ver vídeo, avisa governo #boato","435"
"4411","https://www.boatos.org/saude/siemens-lancou-medidor-glicomax-que-mede-diabetes-sem-furar-o-dedo.html","Nem Siemens lançou medidor Glicomax nem Ratinho fez propaganda de medidor que não “precisa furar o dedo”","823"
"4412","https://www.boatos.org/saude/simla-mirch-verme-pimentao-ataca-humanos.html","Simla Mirch é um novo verme do pimentão que ataca os humanos e pode matar #boato","696"
"4413","https://www.boatos.org/saude/singapura-descobriu-covid-19-causada-bacteria-exposta-radiacao.html","Singapura descobriu que Covid-19 é causada por uma bactéria exposta à radiação #boato","1071"
"4414","https://www.boatos.org/saude/sinovac-pagou-propina-doria-trazer-vacina-brasil-washington-post.html","Sinovac pagou propina para Doria trazer vacina ao Brasil, mostra Washington Post #boato","1187"
"4415","https://www.boatos.org/saude/sintomas-gripe-sao-paulo-156-atendido-casa.html","Quem estiver com sintomas de gripe em São Paulo deve ligar para o 156 para ser atendido em casa #boato","884"
"4416","https://www.boatos.org/saude/sirio-libanes-vacinados-internados-vacina.html","Hospital Sírio-Libanês estar com vacinados internados prova que vacina não oferece imunização #boato","851"
"4417","https://www.boatos.org/saude/skol-causa-cancer-e-tumores-no-reto-nao-beba-diz-alerta-falso.html","Skol causa câncer e tumores no reto; Não beba, diz alerta falso","494"
"4418","https://www.boatos.org/saude/skol-causa-cancer-reto-e-falta-atividade-renal-23-pessoas.html","Skol causa câncer no reto e falta de atividade renal em 23 pessoas de SP #boato","780"
"4419","https://www.boatos.org/saude/socorrista-resgatista-avc-minuto-agua.html","Socorrista resgatista fala sobre AVC, lei do minuto e meio e horário de beber água #boato","1489"
"4420","https://www.boatos.org/saude/soro-instituto-vital-brazil-100-cura-covid-19.html","Soro do Instituto Vital Brazil tem eficácia de 100% de cura da Covid-19 #boato","1008"
"4421","https://www.boatos.org/saude/spray-israelense-citado-por-bolsonaro-e-apontado-solucao-para-pandemia-pelo-fantastico.html","Spray israelense citado por Bolsonaro é apontado como solução para pandemia pelo Fantástico #boato","770"
"4422","https://www.boatos.org/saude/stella-emanuel-verdade-hidroxicloroquina-cura-covid-mascaras-fazem-mal.html","Dra. Stella Emanuel fala a verdade ao dizer que hidroxicloroquina é a cura da Covid-19 e que máscaras fazem mal #boato","1879"
"4423","https://www.boatos.org/saude/stf-autoriza-criacao-campos-concentracao-nao-vacinados-contra-covid-19.html","STF autoriza criação de campos de concentração para não vacinados contra Covid-19 #boato","821"
"4424","https://www.boatos.org/saude/stf-proibiu-vacinacao-obrigatoria-venezuelanos-pedido-psol-2018.html","STF proibiu vacinação obrigatória para venezuelanos a pedido do PSOL em 2018 #boato","730"
"4425","https://www.boatos.org/saude/stj-vai-votar-a-favor-dos-planos-de-saude-amanha-na-vespera-do-carnaval.html","STJ vai votar a favor dos planos de saúde amanhã, na véspera do carnaval #boato","898"
"4426","https://www.boatos.org/saude/suco-beterraba-cura-cancer.html","Suco de beterraba milagroso cura câncer em 42 horas e já curou 50 mil #boato","617"
"4427","https://www.boatos.org/saude/suco-de-limao-e-caldo-de-cana-curam-a-dengue.html","Fake news sobre suco de limão com caldo de cana como cura da dengue volta a circular na internet","906"
"4428","https://www.boatos.org/saude/suco-limao-mata-virus-dengue-acaba-carga-viral.html","É falso que suco de limão mate o vírus da dengue e acabe com carga viral","1044"
"4429","https://www.boatos.org/saude/suco-tang-perigoso-cerveja.html","Suco Tang é mais perigoso do que cerveja; não beba! #boato","423"
"4430","https://www.boatos.org/saude/suica-acabou-com-a-vacinacao-contra-a-covid-19-por-causa-dos-efeitos-colaterais-boato.html","Suíça acabou com a vacinação contra a Covid-19 por causa dos efeitos colaterais #boato","475"
"4431","https://www.boatos.org/saude/suica-e-o-primeiro-pais-do-mundo-a-proibir-a-mamografia-por-causa-do-cancer-de-mama.html","É falso que a Suíça tenha proibido a mamografia por conta do risco de câncer de mama","534"
"4432","https://www.boatos.org/saude/superbacterias-podem-causar-pandemia-mundial-aponta-boato-alarmista.html","Superbactérias podem causar pandemia mundial, aponta boato alarmista","486"
"4433","https://www.boatos.org/saude/supergripe-influenza-h4n2-esta-se-espalhando-no-brasil-e-exige-alerta.html","Ao contrário do que apontam mensagens, não há registro de que supergripe influenza H4N2 esteja se espalhando no Brasil","743"
"4434","https://www.boatos.org/saude/suprema-corte-dos-eua-decidiu-que-vacinas-contra-covid-19-causam-danos-irreparaveis.html","Suprema Corte dos EUA decidiu que vacinas contra Covid-19 causam danos irreparáveis #boato","755"
"4435","https://www.boatos.org/saude/suramina-acaba-com-efeitos-vacina-contra-covid-19-e-proteina-spike.html","Suramina acaba com os efeitos da vacina contra Covid-19 e da “proteína spike” #boato","1126"
"4436","https://www.boatos.org/saude/surto-conjuntivite-america-do-sul.html","Haverá um surto de conjuntivite na América do Sul nos próximos 3 meses #boato","694"
"4437","https://www.boatos.org/saude/surto-de-sarna-em-balneario-camboriu-foi-causado-por-uso-de-kit-covid-com-ivermectina.html","Relação entre casos de sarna em Balneário Camboriú e uso de ivermectina não tem nenhuma comprovação","607"
"4438","https://www.boatos.org/saude/surto-de-tuberculose-causada-por-mosca-esta-atingindo-cidades-de-minas-gerais.html","É falso que haja um surto de tuberculose causado por mosca em cidades de MG","1198"
"4439","https://www.boatos.org/saude/surto-gripe-abril.html","Vamos ter um surto de gripe em meados de abril; Divulgue! #boato","776"
"4440","https://www.boatos.org/saude/sutia-risco-cancer-mama.html","Usar sutiã aumenta o risco de câncer de mama em mulheres #boato","451"
"4441","https://www.boatos.org/saude/tabela-cronograma-vacinacao-brasil-estados-rj-am.html","Tabela mostra cronograma de vacinação no Brasil e em estados (RJ, AM etc.) #boato","688"
"4442","https://www.boatos.org/saude/tabela-datasus-mortes-ocorridas-2020-aponta-covid-19-nao-e-grave.html","Tabela do Datasus mostra mortes ocorridas em 2020 e aponta que Covid-19 não é grave #boato","1225"
"4443","https://www.boatos.org/saude/tailandia-carne-porco-cancer.html","Tailândia descobre que carne de porco causa câncer e mata animais #boato","510"
"4444","https://www.boatos.org/saude/tailandia-vai-parar-aplicar-vacina-pfizer-princesa-bajrakitiyabha-passar-mal.html","Tailândia vai parar de aplicar vacina da Pfizer após princesa Bajrakitiyabha passar mal #boato","741"
"4445","https://www.boatos.org/saude/tamiflu-para-a-nova-gripe-esta-contido-cha-de-erva-doce-diretor-do-hc.html","Tamiflu para a nova gripe está contido no chá de erva doce, diz diretor do HC #boato","673"
"4446","https://www.boatos.org/saude/tapioca-veneno-cianeto-pode-matar.html","Tapioca é um veneno por causa do cianeto e pode matar #boato","720"
"4447","https://www.boatos.org/saude/tartarugas-sao-usadas-na-producao-de-pasta-de-dente.html","Vídeo com tartarugas virando pasta de dente é falso e feito com inteligência artificial","581"
"4448","https://www.boatos.org/saude/tasuku-honjo-diz-coronavirus-foi-criado-em-laboratorio-na-china-nao-e-natural.html","Tasuku Honjo diz que o coronavírus foi criado em laboratório na China e não é natural #boato","779"
"4449","https://www.boatos.org/saude/tasuku-honjo-professor-japones-vencedor-do-nobel-revelou-que-covid-19-nao-e-natural-boato.html","Tasuku Honjo, professor japonês vencedor do Nobel, revelou que Covid-19 não é natural #boato","772"
"4450","https://www.boatos.org/saude/tcu-50-dos-obitos-registrados-por-covid-19-nao-foram-por-covid-19.html","TCU afirma que 50% dos óbitos registrados por Covid-19 não foram por Covid-19 #boato","507"
"4451","https://www.boatos.org/saude/tedros-adhanom-ainda-nao-se-vacinou-contra-covid-19.html","Tedros Adhanom ainda não se vacinou contra Covid-19 #boato","466"
"4452","https://www.boatos.org/saude/tedros-adhanom-foi-preso-pela-interpol-crimes-contra-humanidade-oms.html","Tedros Adhanom foi preso pela Interpol por crimes contra humanidade da OMS #boato","464"
"4453","https://www.boatos.org/saude/telefone-31-99778-9305-clona-o-seu-celular-se-voce-atender-ligacao-boato.html","Telefone (31) 99778-9305 clona o seu celular se você atender ligação #boato","651"
"4454","https://www.boatos.org/saude/telefones-estao-sendo-hackeados-igacao-95004-1117-sobre-vacinacao.html","Telefones estão sendo hackeados por ligação do 95004-1117 que fala sobre vacina #boato","728"
"4455","https://www.boatos.org/saude/tempero-do-miojo-pega-fogo-e-e-inflamavel-diz-boato.html","Tempero do miojo pega fogo e é inflamável, diz boato","393"
"4456","https://www.boatos.org/saude/tenda-foi-construida-no-pacaembu-para-atendimento-de-casos-de-covid-19-apos-o-carnaval.html","Tenda foi construída no Pacaembu para atendimento de casos de Covid-19 após o carnaval #boato","770"
"4457","https://www.boatos.org/saude/termometro-infravermelho-dano-glandula-pineal-medir-temperatura-testa.html","Termômetro infravermelho causa dano à glândula pineal ao medir temperatura na testa #boato","1182"
"4458","https://www.boatos.org/saude/termometro-na-testa-raio-destruidor-da-glandula-pineal.html","Termômetro digital na testa lança um raio destruidor da glândula pineal #boato","1308"
"4459","https://www.boatos.org/saude/teste-anticorpos-feito-por-medico-prova-que-coronavac-nao-protege-contra-covid-19.html","Teste de anticorpos feito por médico prova que Coronavac não protege contra a Covid-19 #boato","1144"
"4460","https://www.boatos.org/saude/teste-covid-19-cotonete-danos-cerebro-barreira-sangue-cerebral.html","Teste de Covid-19 que utiliza cotonete causa danos no cérebro porque atinge barreira sangue-cerebral #boato","1031"
"4461","https://www.boatos.org/saude/teste-covid-19-ja-vem-infectado-com-virus-cotonete-mostra-video.html","Teste de Covid-19 já vem infectado com vírus no cotonete, mostra vídeo #boato","859"
"4462","https://www.boatos.org/saude/teste-feito-engenheiro-apos-vacinar-prova-coronavac-nao-imuniza.html","Teste de anticorpos feito por engenheiro após se vacinar prova que Coronavac não imuniza #boato","921"
"4463","https://www.boatos.org/saude/teste-para-detectar-batom-com-chumbo-usando-anel-de-ouro-e-eficaz.html","Ao contrário do que apontam mensagens, teste para detectar batom com chumbo usando anel de ouro não é eficaz","1107"
"4464","https://www.boatos.org/saude/testes-contaminados-coronavirus-enviados-china-eua.html","Testes contaminados com coronavírus foram enviados da China aos EUA #boato","894"
"4465","https://www.boatos.org/saude/texto-atribuido-ao-professor-dogma-blechstein-que-apontam-que-pes-concentram-50-do-sangue-e-nervos-esta-correto.html","Corrente com informações erradas sobre os pés atribuída a professor Dogma Blechstein circula nas redes sociais","1006"
"4466","https://www.boatos.org/saude/texto-esclarecimento-populacao-nao-enganada-lista-verdades-covid-19.html","Texto “Esclarecimento para que população não seja enganada” lista verdades sobre a Covid-19 #boato","2055"
"4467","https://www.boatos.org/saude/texto-falso-primeiro-caso-de-ebola-e-confirmado-maranhao.html","Texto falso: primeiro caso de ebola é confirmado no Maranhão","831"
"4468","https://www.boatos.org/saude/tipos-peixe-nao-pode-comer.html","Existem 9 tipos de peixe que você não pode comer de jeito nenhum #boato","724"
"4469","https://www.boatos.org/saude/todos-animais-vacina-mrna-morreram-reinfeccao.html","Todos animais que receberam vacina mRNA em estudo morreram após reinfecção #boato","766"
"4470","https://www.boatos.org/saude/todos-cadastro-sus-verba-saude-so-numero-cadastrados.html","Todos devem fazer cadastro no SUS porque verba para a saúde será definida só pelo número de cadastrados #boato","712"
"4471","https://www.boatos.org/saude/todos-os-vacinados-contra-covid-19-devem-passar-por-exame-cardiaco-para-prevenir-morte-subita.html","É falso (e criminoso) conteúdo que aponta que todos os vacinados contra Covid-19 devem passar por exame cardíaco para prevenir morte súbita","857"
"4472","https://www.boatos.org/saude/todos-tomado-ivermectina-imuniza-mais-vacina-pandemia-teria-acabado.html","Se todos tivessem tomado ivermectina, que imuniza mais do que vacina, pandemia teria acabado #boato","772"
"4473","https://www.boatos.org/saude/todos-tomaram-vacina-bivalente-estao-passando-mal-hospitais.html","Todos que tomaram vacina bivalente estão passando mal em hospitais #boato","1487"
"4474","https://www.boatos.org/saude/tomar-banho-frio-causa-derrame-avc-desmaios-banheiro.html","Tomar banho frio causa derrame (AVC) e desmaios no banheiro #boato","1048"
"4475","https://www.boatos.org/saude/tomar-banho-frio-causa-desmaios-banheiro-derrame-cerebral.html","Tomar banho frio causa desmaios no banheiro e derrame cerebral #boato","1049"
"4476","https://www.boatos.org/saude/tomar-paracetamol-causa-morte-em-dengue.html","Tomar paracetamol causa morte em pacientes com dengue #boato","644"
"4477","https://www.boatos.org/saude/tomate-com-furos-tem-veneno-porque-foi-mordido-por-cobra.html","É falso e absurdo falar que tomate com furos é perigoso porque tem veneno de cobra","423"
"4478","https://www.boatos.org/saude/torsilax-proibido-causa-infarto.html","Torsilax está proibido porque causa infarto e problemas nos rins #boato","656"
"4479","https://www.boatos.org/saude/tossir-tecnica-auto-ressuscitacao-durante-ataque-cardiaco.html","Tossir é técnica de auto-ressuscitação durante ataque cardíaco #boato","672"
"4480","https://www.boatos.org/saude/toyota-processa-vigilante-confundiu-coronavirus-corolla-virus.html","Toyota processa vigilante que confundiu coronavírus com Corolla vírus #boato","455"
"4481","https://www.boatos.org/saude/tratamento-azitromicina-ivermectina-annita-vitamina-c-recomendado-covid.html","Tratamento com azitromicina, ivermectina, Annita e vitamina C sem ida ao hospital é o recomendado contra Covid-19 #boato","1409"
"4482","https://www.boatos.org/saude/tratamento-celulas-beta-acaba-diabetes-vendido-site-noticia-g1.html","Tratamento com células beta que acaba com diabetes é vendido em site, noticia g1 #boato","1084"
"4483","https://www.boatos.org/saude/tratamento-com-ivermectina-mebendazol-e-fenbendazol-mata-o-cancer.html","É falso que tratamento com ivermectina, mebendazol e fenbendazol que mata o câncer foi aprovado","623"
"4484","https://www.boatos.org/saude/tratamento-evitar-efeitos-nocivos-vacinas-contra-covid-19.html","Tratamento para evitar efeitos nocivos das vacinas contra Covid-19 é necessário #boato","1026"
"4485","https://www.boatos.org/saude/tratamento-precoce-cloroquina-buzios-rj-zerar-casos-covid-19.html","Tratamento precoce (com cloroquina) faz Búzios (RJ) zerar casos de Covid-19 #boato","588"
"4486","https://www.boatos.org/saude/tres-nutrientes-ajudam-a-gerar-orexina-para-acabar-com-a-neuropatia-e-canibalismo-cerebral.html","Vídeo que fala sobre orexina, canibalismo cerebral, neuropatia e Dr. Aroldo não passa de propaganda de produto sem comprovação","1504"
"4487","https://www.boatos.org/saude/triplamente-vacinados-estao-desenvolvendo-aids-sindrome-imunodeficiencia-adquirida-no-reino-unido.html","Triplamente vacinados estão desenvolvendo aids (Síndrome da Imunodeficiência Adquirida) no Reino Unido #boato","894"
"4488","https://www.boatos.org/saude/trump-decretou-pena-de-morte-para-criadores-da-vacina-mrna.html","É falso que Trump tenha decretado pena de morte para criadores de vacina mRNA","934"
"4489","https://www.boatos.org/saude/truque-da-canela-cura-diabetes-e-truque-do-pepino-cura-impotencia.html","Receitas de truque da canela e truque do pepino não têm comprovação e autorização para serem vendidos como cura de doenças","575"
"4490","https://www.boatos.org/saude/truque-do-abacaxi-cura-a-diabetes.html","Truque do abacaxi não consegue curar pré-diabetes e nem diabetes do tipo 2","909"
"4491","https://www.boatos.org/saude/truque-do-po-royal-para-rejuvenescer-a-pele-funciona-mesmo.html","Não existe comprovação de que “truque do pó Royal” seja bom para a pele","696"
"4492","https://www.boatos.org/saude/tv-portuguesa-mortes-covid-19-estados-verba.html","TV portuguesa acerta ao denunciar falsas mortes por Covid-19 no Brasil para estados receberem verba federal #boato","947"
"4493","https://www.boatos.org/saude/tylenol-paracetamol-tomado-por-mulheres-gravidas-causa-autismo.html","Não há prova de que o Tylenol (paracetamol) tomado por mulheres grávidas cause autismo","767"
"4494","https://www.boatos.org/saude/ufrj-mente-covid-voltou-apenas-para-desmobilizar-manifestacoes-pro-bolsonaro.html","UFRJ mente que “covid voltou” apenas para desmobilizar manifestações pró-Bolsonaro #boato","946"
"4495","https://www.boatos.org/saude/uisque-mel-ajudam-combater-novo-coronavirus.html","Uísque e mel ajudam a combater o novo coronavírus #boato","736"
"4496","https://www.boatos.org/saude/unicamp-soro-escorpiao-telefone.html","Unicamp distribui soro para picada de escorpião no telefone (19) 99685-8936 #boato","620"
"4497","https://www.boatos.org/saude/unicamp-urgencia-engenheiros-mecanicos-manutencao-respiradores.html","Unicamp precisa, com urgência, de engenheiros mecânicos para manutenção de respiradores #boato","721"
"4498","https://www.boatos.org/saude/unicef-recomendacoes-coronavirus-celula-maior-normal.html","Unicef faz recomendações sobre coronavírus e diz que a célula é “maior do que o normal” #boato","1222"
"4499","https://www.boatos.org/saude/unimed-alerta-covid-delta-nao-tem-tosse-febre-sintomas.html","Unimed alerta que “Covid Delta” não tem tosse e febre como sintomas #boato","888"
"4500","https://www.boatos.org/saude/unimed-alerta-pico-pandemia-6-20-abril-2021.html","Unimed alerta que pico da pandemia será de 6 a 20 de abril de 2021 #boato","652"
"4501","https://www.boatos.org/saude/unimed-vai-ser-vendida-para-china-grande-plano-comunista.html","Unimed vai ser vendida para a China em um grande plano comunista #boato","591"
"4502","https://www.boatos.org/saude/universidade-da-australia-descobriu-em-abril-de-2023-que-a-ivermectina-cura-a-covid-19-em-48-horas-boato.html","Universidade da Austrália descobriu em abril de 2023 que a ivermectina cura a Covid-19 em 48 horas #boato","874"
"4503","https://www.boatos.org/saude/universidade-oxford-divulga-estudo-comprova-eficacia-ivermectina-contra-covid-19.html","Universidade de Oxford divulga estudo que comprova eficácia da ivermectina contra a Covid-19 #boato","665"
"4504","https://www.boatos.org/saude/universidade-yale-estudo-ontem-hidroxicloroquina-nivel-de-evidencia-1-tratamento-covid-19.html","Universidade de Yale publicou estudo ontem que dá a hidroxicloroquina nível de evidência 1 no tratamento da Covid-19 #boato","1017"
"4505","https://www.boatos.org/saude/urinar-de-madrugada-e-beber-agua-antes-de-dormir-previne-ataques-cardiacos-e-derrames.html","Urinar de madrugada e beber água antes de dormir previne ataques cardíacos e derrames #boato","989"
"4506","https://www.boatos.org/saude/uso-de-mascaras-nao-e-mais-obrigatorio.html","Uso de máscaras não é mais obrigatório após aprovação da Lei 14.019 #boato","884"
"4507","https://www.boatos.org/saude/uso-mascaras-voltou-ser-obrigatorio-bahia.html","É falso que haja um decreto que reestabeleceu o uso de máscaras na Bahia","448"
"4508","https://www.boatos.org/saude/uso-prolongado-mascaras-protecao-causa-hipoxia.html","Uso prolongado de máscaras de proteção causa hipóxia (baixa oxigenação) #boato","1002"
"4509","https://www.boatos.org/saude/usp-comprova-que-passe-magnetico-cura-doencas.html","USP comprova que passe magnético cura doenças #boato","880"
"4510","https://www.boatos.org/saude/usp-comprovou-pessoas-isolamento-confinamento-vulneraveis-covid.html","USP comprovou que pessoas em isolamento (confinamento) são mais vulneráveis à Covid-19 #boato","880"
"4511","https://www.boatos.org/saude/uti-do-hospital-albert-sabin-de-atibaia-foi-fechada-por-causa-de-bacteria-resistente.html","Não é verdade que UTI do Hospital Albert Sabin de Atibaia tenha sido fechada por causa de superbactéria","559"
"4512","https://www.boatos.org/saude/vacina-acwy-meningite-aplicada-jovens-11-a-14-anos-todo-brasil.html","Vacina ACWY, contra meningite, está sendo aplicada em jovens de 11 a 14 anos em todo Brasil #boato","642"
"4513","https://www.boatos.org/saude/vacina-bivalente-pfizer-aplicada-junto-vacina-da-gripe-matar-populacao-conta-medica-belo-horizonte.html","Vacina bivalente da Pfizer está sendo aplicada junto com vacina da gripe para matar população, conta médica de Belo Horizonte #boato","1143"
"4514","https://www.boatos.org/saude/vacina-causou-parada-cardiaca-em-menina-cidade-lencois-paulista.html","Vacina causou parada cardíaca em menina da cidade de Lençóis Paulista #boato","894"
"4515","https://www.boatos.org/saude/vacina-china-oxford-dna-recombinante-porcos.html","Vacina da China e de Oxford são feitas com DNA recombinante e não deram certo em porcos #boato","1256"
"4516","https://www.boatos.org/saude/vacina-chinesa-causa-dano-genetico-causou-reacoes-adversas-graves-grande-numero-voluntarios.html","Vacina chinesa causa dano genético e causou reações adversas graves em grande número de voluntários #boato","1217"
"4517","https://www.boatos.org/saude/vacina-chinesa-covid-feita-fetos-bebes-abortados.html","Vacina chinesa contra Covid-19 é feita de fetos de bebês abortados #boato","1013"
"4518","https://www.boatos.org/saude/vacina-chinesa-testada-sp-nao-aplicada-voluntaria-farsa-doria.html","Vacina chinesa testada em SP não foi aplicada em voluntária e tudo é uma farsa de Doria #boato","896"
"4519","https://www.boatos.org/saude/vacina-contra-cancer-pele-rins.html","Vacina contra o câncer de pele e rins é desenvolvida no Brasil #boato","658"
"4520","https://www.boatos.org/saude/vacina-contra-covid-19-causa-cancer-de-mama.html","Vídeo foi manipulado para dar ideia falsa de que vacina contra Covid-19 causa câncer de mama","950"
"4521","https://www.boatos.org/saude/vacina-contra-covid-19-esta-causando-nova-hepatite-criancas.html","Vacina contra Covid-19 está causando nova hepatite em crianças #boato","545"
"4522","https://www.boatos.org/saude/vacina-contra-covid-19-faz-imunidade-diminuir-chance-infeccao-aumentar.html","Vacina contra Covid-19 faz imunidade do corpo diminuir e chance de infecção aumentar #boato","980"
"4523","https://www.boatos.org/saude/vacina-contra-covid-19-mais-perigosa-virus-mostra-video.html","Vacina contra Covid-19 é mais perigosa do que vírus, mostra vídeo #boato","797"
"4524","https://www.boatos.org/saude/vacina-contra-covid-19-matou-tres-jovens-18-16-13-anos-destruiu-familia.html","Vacina contra Covid-19 matou três jovens (18, 16 e 13 anos) e destruiu família #boato","1244"
"4525","https://www.boatos.org/saude/vacina-contra-gripe-contra-covid-19-virus-cancer.html","Vacina contra gripe e contra Covid-19 vem com o vírus do câncer #boato","1990"
"4526","https://www.boatos.org/saude/vacina-contra-gripe-e-a-responsavel-pelo-aumento-das-mortes-por-influenza-no-brasil.html","É falso que a vacina contra a gripe seja responsável pelo aumento de casos e mortes por influenza","631"
"4527","https://www.boatos.org/saude/vacina-contra-h1n1-causa-narcolepsia-boato.html","Vacina contra H1N1 causa narcolepsia #boato","650"
"4528","https://www.boatos.org/saude/vacina-covid-19-libera-fibrinas-no-sangue-exames-de-laboratorio.html","Vacina contra Covid-19 libera fibrinas no sangue, mostram exames de laboratório #boato","1313"
"4529","https://www.boatos.org/saude/vacina-covid-19-vendida-camelos-madureira-rio.html","Vacina contra Covid-19 é vendida por camelôs em Madureira, no Rio #boato","849"
"4530","https://www.boatos.org/saude/vacina-covid-modificar-dna-pessoas-transformar-seres-geneticamente-modificados.html","Vacina contra a Covid-19 vai modificar o DNA das pessoas e nos transformar em seres geneticamente modificados #boato","1445"
"4531","https://www.boatos.org/saude/vacina-da-gripe-causou-aumento-de-mortes-no-interior-do-rio.html","Fake news vincula vacina da gripe a mortes de idosos no Rio de Janeiro sem qualquer base","758"
"4532","https://www.boatos.org/saude/vacina-da-gripe-h1n1-e-um-veneno-mortal.html","Vacina da gripe é um veneno mortal #boato","700"
"4533","https://www.boatos.org/saude/vacina-diabetes-anunciada.html","Vacina contra diabetes foi anunciada e vai ser usada nas pessoas #boato","620"
"4534","https://www.boatos.org/saude/vacina-febre-amarela-cegueira.html","Vacina contra febre amarela causa perda de visão (cegueira) #boato","466"
"4535","https://www.boatos.org/saude/vacina-febre-amarela-figado-sorocaba.html","Vacina contra febre amarela paralisa o fígado, diz médico de Sorocaba #boato","783"
"4536","https://www.boatos.org/saude/vacina-febre-amarela-mata.html","Vacina contra febre amarela mata em 50% dos casos #boato","955"
"4537","https://www.boatos.org/saude/vacina-h1n1-destroi-imunidade-cancer.html","Vacina do H1N1 destrói a imunidade das pessoas e dá câncer #boato","1326"
"4538","https://www.boatos.org/saude/vacina-mata-crianca-paraiba-pai-desesperado-ao-ver-filho-morto.html","Vacina mata criança na Paraíba e pai fica desesperado ao ver filho morto #boato","434"
"4539","https://www.boatos.org/saude/vacina-mrna-covid-altera-dna-dano-genetico-irreversivel.html","Vacina mRNA contra a Covid-19 altera o DNA e causa dano genético irreversível #boato","1457"
"4540","https://www.boatos.org/saude/vacina-nao-da-imunidade-nao-elimina-virus-nao-impede-morte-nao-serve-para-nada.html","Vacina não dá imunidade, não elimina vírus, não impede morte e não serve para nada #boato","1065"
"4541","https://www.boatos.org/saude/vacina-natural-organismo-imuniza-contra-covid-19.html","Vacina natural do organismo imuniza contra Covid-19 #boato","755"
"4542","https://www.boatos.org/saude/vacina-novo-coronavirus-covid-19-microchip-colher-identidade-populacao.html","Vacina do novo coronavírus (Covid-19) virá com microchip para colher identidade da população #boato","796"
"4543","https://www.boatos.org/saude/vacina-pfizer-causa-cancer-vem-sequencia-sv40-descoberta-professor-murakami.html","Vacina da Pfizer causa câncer porque vem com sequência SV40 descoberta por professor Murakami #boato","635"
"4544","https://www.boatos.org/saude/vacina-sem-agulha-sendo-aplicada-mundo-todo.html","Vacina sem agulha está sendo aplicada no mundo todo, mostra vídeo #boato","1041"
"4545","https://www.boatos.org/saude/vacinacao-em-massa-novas-variantes-covid-19.html","Vacinação em massa criará novas variantes da Covid-19, acabar com sistema imunológico e destruir a humanidade #boato","747"
"4546","https://www.boatos.org/saude/vacinacao-gripe-idosos-ordem-alfabetica-brasil.html","Vacinação contra gripe em idosos será por ordem alfabética em todo Brasil #boato","787"
"4547","https://www.boatos.org/saude/vacinacao-gripe-influenza-2022-sera-feita-ordem-alfabetica.html","Vacinação contra gripe (Influenza) em 2022 será feita por ordem alfabética #boato","715"
"4548","https://www.boatos.org/saude/vacinacao-obrigatoria-contra-covid-para-criancas-e-bebes-e-ilegal-e-nao-devemos-vacinar.html","É falso que obrigatoriedade de vacinação contra Covid-19 para crianças e bebês seja ilegal","788"
"4549","https://www.boatos.org/saude/vacinacao-universal-anulada-supremo-tribunal-estados-unidos.html","Vacinação universal é anulada por Supremo Tribunal dos Estados Unidos #boato","866"
"4550","https://www.boatos.org/saude/vacinados-contra-covid-19-nao-podem-doar-orgaos.html","É falso que Faustão não poderia receber órgãos de pessoas não vacinadas porque vacinados não podem doar órgãos","522"
"4551","https://www.boatos.org/saude/vacinados-covid-19-estao-desenvolvendo-aids-sindrome-da-imunodeficiencia-adquirida.html","Vacinados contra Covid-19 estão desenvolvendo aids (síndrome da imunodeficiência adquirida) #boato","748"
"4552","https://www.boatos.org/saude/vacinados-devem-ser-isolados-de-nao-vacinados-sob-risco-de-os-infectar.html","Vacinados devem ser isolados de não-vacinados sob risco de os infectar #boato","644"
"4553","https://www.boatos.org/saude/vacinados-nao-poderao-viajar-aviao.html","Vacinados não poderão viajar de avião #boato","863"
"4554","https://www.boatos.org/saude/vacinados-tres-vezes-mais-chances-de-morrer-com-variante-delta-covid-19.html","Vacinados têm três vezes mais chances de morrer com a variante delta da Covid-19 #boato","1061"
"4555","https://www.boatos.org/saude/vacinas-aplicadas-com-seringas-sem-agulha.html","Vacinas estão sendo aplicadas com seringas sem agulha #boato","697"
"4556","https://www.boatos.org/saude/vacinas-causam-fibrina-sangue-todos-vacinados-e-criancas-nao-devem-ser-vacinadas.html","Vacinas causam fibrina no sangue de todos vacinados e crianças não devem ser vacinadas #boato","1512"
"4557","https://www.boatos.org/saude/vacinas-causaram-92-das-mortes-por-covid-19-no-canada.html","Vacinas causaram 92% das mortes por Covid-19 no Canadá #boato","807"
"4558","https://www.boatos.org/saude/vacinas-contra-covid-19-contem-80-90-oxido-de-grafeno.html","Vacinas contra Covid-19 contêm 80% a 90% de óxido de grafeno #boato","885"
"4559","https://www.boatos.org/saude/vacinas-contra-covid-19-coronavac-causam-alzheimer-niveis-toxicos-aluminio.html","Vacinas contra Covid-19 (como a Coronavac) causam Alzheimer e têm níveis tóxicos de alumínio #boato","1255"
"4560","https://www.boatos.org/saude/vacinas-contra-covid-19-vem-citomegalovirus-epstein-barr-hiv-hpv-causar-cancer-doencas-autoimunes.html","Vacinas contra Covid-19 vem com citomegalovírus, epstein-barr, HIV e HPV para causar câncer e doenças autoimunes na população #boato","1279"
"4561","https://www.boatos.org/saude/vacinas-dadas-em-criancas-causam-autismo.html","Postagens negacionistas voltam a afirmar tese falsa sobre vacinas e autismo","626"
"4562","https://www.boatos.org/saude/vacinas-matam-mais-que-covid-19-e-a-variante-omicron.html","Vacinas matam mais que a Covid-19 (e a variante Ômicron) #boato","1144"
"4563","https://www.boatos.org/saude/vacinas-nao-serao-necessarias-porque-remedios-ivermectina-serao-aprovadas-para-terapia-covid-19.html","Vacinas não serão mais necessárias porque remédios (como a ivermectina) serão aprovadas para terapia contra Covid-19 #boato","1254"
"4564","https://www.boatos.org/saude/vacinas-que-vem-de-genebra-estao-envenenadas-para-causar-democidio.html","Vacinas não estão envenenadas e nem saíram de Genebra para causar um democídio","876"
"4565","https://www.boatos.org/saude/vacinas-reduzem-populacao-virus-cancer.html","Vacinas foram criadas para reduzir a população mundial usando o vírus do câncer #boato","1386"
"4566","https://www.boatos.org/saude/vacinas-sao-assachinas-causaram-45-mil-mortes-no-havai-32-mil-mortes-no-brasil.html","Vacinas são, na realidade, “assachinas” que causaram 45 mil mortes no Havaí e 32 mil no Brasil #boato","1364"
"4567","https://www.boatos.org/saude/vacinas-sao-projetadas-para-causar-62-milhoes-mortes-por-problemas-no-coracao-em-2022.html","Vacinas são projetadas para causar 62 milhões de mortes por problemas no coração em 2022 #boato","978"
"4568","https://www.boatos.org/saude/vanguard-vacina-covid-19-coronavirus-armacao.html","Vanguard já fabricava vacina para Covid-19 (coronavírus) e isso prova armação dos chineses #boato","1051"
"4569","https://www.boatos.org/saude/vaquinha-para-lucas-com-neuroblastoma-e-divulgada-pela-sua-mae-adriana.html","Golpe cita vaquinha falsa para Lucas, com neuroblastoma, divulgada pela sua mãe Adriana","964"
"4570","https://www.boatos.org/saude/variante-delta-covid-19-nao-causa-febre-tosse-nao-pode-ser-detectada-em-testes.html","Variante delta da Covid-19 não causa febre e tosse e não pode ser detectada em testes #boato","839"
"4571","https://www.boatos.org/saude/variante-omicron-e-mais-severa-em-pessoas-vacinadas.html","Variante Ômicron é mais severa em pessoas que já foram vacinadas #boato","965"
"4572","https://www.boatos.org/saude/variante-omicron-nao-tem-sintomas-tosse-febre-mais-mortal-que-a-delta.html","Variante Ômicron não tem sintomas como tosse e febre e é mais mortal que a Delta #boato","988"
"4573","https://www.boatos.org/saude/variante-omicron-xbb-covid-19-nao-detectada-em-testes-mais-mortal.html","Variante Ômicron XBB da Covid-19 não é detectada em testes e é mais mortal #boato","825"
"4574","https://www.boatos.org/saude/variola-dos-macacos-foi-causada-pela-vacina-contra-covid-19.html","Varíola dos macacos foi causada pela vacina contra Covid-19 #boato","841"
"4575","https://www.boatos.org/saude/venda-pacoca-proibida-brasil-cancer.html","Venda de paçoca é proibida em todo o Brasil por causa de câncer #boato","533"
"4576","https://www.boatos.org/saude/venezuela-nao-doou-oxigenio-para-amazonas-foi-white-martins.html","Venezuela não doou oxigênio para o Amazonas (foi a White Martins) #boato","821"
"4577","https://www.boatos.org/saude/verme-microscopico-que-sobrevive-ao-cozimento-foi-encontrado-no-feijao-da-america-do-sul.html","É falso que feijão da América do Sul contenha verme microscópico resistente ao calor","631"
"4578","https://www.boatos.org/saude/video-da-imprensa-mostra-que-cloroquina-e-eficaz-contra-covid-19-vacina-nao-e-bolsonaro-tem-razao.html","Vídeo da imprensa mostra que cloroquina é eficaz contra Covid-19, vacina não e Bolsonaro tem razão #boato","1253"
"4579","https://www.boatos.org/saude/video-de-homem-gravando-carne-que-parece-perna-humana-em-mercado-e-real.html","“Carne misteriosa” que aparece em vídeo de supermercado não é perna humana","838"
"4580","https://www.boatos.org/saude/video-feira-comida-animais-vivos-wuhan-china.html","Vídeo mostra feira de comida com animais vivos em Wuhan (China) #boato","670"
"4581","https://www.boatos.org/saude/video-frango-vermes-larvas-boato.html","Vídeo mostra frango com vermes (larvas) dentro #boato","403"
"4582","https://www.boatos.org/saude/video-gravado-cemiterio-barra-do-jucu-fraude-pandemia.html","Vídeo gravado no cemitério de Barra do Jucu mostra fraude da pandemia #boato","780"
"4583","https://www.boatos.org/saude/video-mostra-fabricacao-sem-higiene-do-arroz-da-india-que-sera-importado-pelo-brasil.html","Vídeo da Índia não mostra produção de arroz que será importado pelo Brasil","474"
"4584","https://www.boatos.org/saude/video-nao-devemos-ter-esperanca-vacina.html","Vídeo mostra que “não devemos ter esperança” nas vacinas #boato","1201"
"4585","https://www.boatos.org/saude/video-pedra-nos-rins-refrigerante-boato.html","Vídeo mostra cirurgia de pedra nos rins e faz alerta sobre refrigerante #boato","594"
"4586","https://www.boatos.org/saude/video-sobre-sequelas-severas-das-vacina-contra-covid-19-desinforma-sobre-protecao-e-efeitos-colaterais-dos-imunizantes.html","Vídeo sobre sequelas severas das vacina contra Covid-19 desinforma sobre proteção e efeitos colaterais dos imunizantes","650"
"4587","https://www.boatos.org/saude/video-vacuna-show-farsa-da-vacinacao-covid-19.html","Vídeo “Vacuna Show” (“Vacina Show”) mostra farsa da vacinação contra Covid-19 #boato","971"
"4588","https://www.boatos.org/saude/videos-verdade-fora-da-midia-falam-a-verdade-vacina-termometro.html","Vídeos “Verdade Fora da Mídia” falam a verdade ao alertar contra vacina e termômetro #boato","1242"
"4589","https://www.boatos.org/saude/vigilancia-sanitaria-cloro-ralos.html","Vigilância sanitária pede que pessoas coloquem cloro nos ralos da casa #boato","536"
"4590","https://www.boatos.org/saude/vinagre-de-alcool-repele-mosquito-da-dengue-boato.html","Vinagre de álcool repele o mosquito da dengue #boato","669"
"4591","https://www.boatos.org/saude/vinho-cura-previne-coronavirus-beneficia-medida-provisoria-governo.html","Vinho cura e previne o coronavírus e se beneficia de Medida Provisória do governo #boato","973"
"4592","https://www.boatos.org/saude/virology-center-moscou-russia-covid-19-imune-ph-maior-5-5.html","Virology Center de Moscou (Rússia) descobriu que Covid-19 é imune a pH maior que 5,5 #boato","1158"
"4593","https://www.boatos.org/saude/virus-chines-e-a-maior-farsa-e-nao-existe-nada-que-possa-ser-feito.html","Roger Hodkinson está certo ao dizer que “Vírus chinês” é a maior farsa #boato","1318"
"4594","https://www.boatos.org/saude/virus-covid-19-morre-vibracao-acima-de-255-hz.html","Vírus da Covid-19 tem vibração de 5,5 hz e morre acima de 25,5 hz #boato","997"
"4595","https://www.boatos.org/saude/virus-ebola-surto-leptospirose-belo-horizonte-minas-gerais.html","Vírus ebola e surto de leptospirose atingem Belo Horizonte e Minas Gerais #boato","1002"
"4596","https://www.boatos.org/saude/virus-febre-amarela-mutacao.html","Vírus da febre amarela sofreu uma mutação e vacina não protege mais #boato","704"
"4597","https://www.boatos.org/saude/virus-h2n3-matando-brasil.html","Vírus H2N3 está matando dezenas de pessoas no Brasil e vacina não protege #boato","1007"
"4598","https://www.boatos.org/saude/virus-h3n2-nao-tem-vacina-recife.html","Vírus H3N2 não tem vacina, não tem cura e já matou médico em Recife #boato","645"
"4599","https://www.boatos.org/saude/virus-marburg-chegou-brasil-tem-caso-confirmado-campo-grande-ms.html","Vírus Marburg chegou ao Brasil e tem caso confirmado em Campo Grande (MS) #boato","683"
"4600","https://www.boatos.org/saude/virus-marburg-sera-aplicado-terceira-dose-vacina-contra-covid-19.html","Vírus Marburg será aplicado na terceira dose da vacina contra a Covid-19 #boato","980"
"4601","https://www.boatos.org/saude/virus-nipah-chegou-ao-brasil-e-tem-relacao-com-o-navio-chines-que-aportou-no-rio.html","Vírus Nipah não chegou ao Brasil, não há risco iminente e não há relação com navio chinês que aportou no Rio","819"
"4602","https://www.boatos.org/saude/virus-nipah-da-india-chegou-ao-hospital-ouro-verde-em-campinas-sao-paulo.html","É falso que Vírus Nipah, da Índia, tenha chegado ao hospital Ouro Verde, em Campinas, São Paulo","807"
"4603","https://www.boatos.org/saude/vitamina-c-com-zinco-vitamina-d-curam-previnem-coronavirus.html","Vitamina C com zinco e vitamina D curam e previnem o coronavírus #boato","796"
"4604","https://www.boatos.org/saude/vladimir-zelenko-medico-hidroxicloroquina-ganhou-premio-nobel-da-paz.html","História que aponta que Vladimir Zelenko, médico da hidroxicloroquina, ganhou o prêmio Nobel da Paz é fake news antiga","773"
"4605","https://www.boatos.org/saude/vladimir-zelenko-vai-ganhar-o-premio-nobel-da-paz-2023-encontrar-cura-da-covid-19.html","Vladimir Zelenko vai ganhar o prêmio Nobel da Paz em 2023 por encontrar “cura da Covid-19″ #boato","801"
"4606","https://www.boatos.org/saude/voce-tem-que-fazer-dois-exames-d-dimero-fibrinogenio-se-tomou-vacina-na-pandemia.html","É falso que você tenha que fazer dois exames (D dimero + fibrinogênio) se tomou vacina na pandemia","847"
"4607","https://www.boatos.org/saude/voluntario-morreu-covid-vitima-vacina-oxford.html","Voluntário que morreu de Covid-19 tomou a vacina de Oxford #boato","906"
"4608","https://www.boatos.org/saude/ze-gatinha-governador-bahia-apresenta-mascote-trans-incentivar-vacinacao.html","Zé Gatinha: governador da Bahia apresenta mascote trans para incentivar vacinação #boato","524"
"4609","https://www.boatos.org/saude/zika-e-uma-farsa-microcefalia-foi-causada-por-larvicida.html","Larvicida pyriproxyfen causou microcefalia; Zika é uma farsa #boato","1473"
"4610","https://www.boatos.org/saude/zika-virus-esta-atingindo-criancas-ate-sete-anos.html","Zika vírus atinge crianças de até 7 anos de forma grave, aponta boato","722"
"4611","https://www.boatos.org/saude/zika-virus-foi-criado-para-controle-da-populacao-boato.html","Zika vírus foi criado para controle da população #boato","794"
"4612","https://www.boatos.org/saude/zoonose-foi-assaltada-e-levaram-uniformes.html","Zoonose foi assaltada e levaram uniformes de agentes da dengue #boato","530"
"4613","https://www.boatos.org/tecnologia/3-coracoes-dando-cafeteiras-graca-black-friday.html","3 Corações está dando cafeteira de graça na Black Friday #boato","446"
"4614","https://www.boatos.org/tecnologia/4-mitos-sobre-a-internet-5g.html","4 Mitos sobre a internet 5G","477"
"4615","https://www.boatos.org/tecnologia/5-boatos-sobre-a-conversao-de-word-em-pdf.html","5 boatos sobre a conversão de Word em PDF","753"
"4616","https://www.boatos.org/tecnologia/5-tipos-de-golpes-relacionados-a-criptomoedas.html","5 tipos de golpes relacionados a criptomoedas","914"
"4617","https://www.boatos.org/tecnologia/7-golpes-novas-funcionalidades-whatsapp.html","7 golpes que prometem novas funcionalidades do WhatsApp","1235"
"4618","https://www.boatos.org/tecnologia/abono-natalino-distribuido-pelcaixa-site-whatsapp.html","É falso que a Caixa esteja dando um Abono Natalino para quem compartilhar no WhatsApp","558"
"4619","https://www.boatos.org/tecnologia/adidas-doando-mascaras-reciclaveis-compartilhar-link-whatsapp.html","Adidas está doando máscaras recicláveis para quem compartilhar um link no WhatsApp #boato","442"
"4620","https://www.boatos.org/tecnologia/adidas-influenciadores-instagram.html","Adidas busca influenciadores para ganhar presentes e postar no Instagram #boato","668"
"4621","https://www.boatos.org/tecnologia/adote-cao-raca-whatsapp.html","Adote um cão de raça que foi resgatado em link no WhatsApp #boato","634"
"4622","https://www.boatos.org/tecnologia/advogada-olga-nikolaevna-golpe-mensagens-bom-dia-numeros-clonam.html","Advogada Olga Nikolaevna alerta para golpe em mensagens de bom dia e números que clonam #boato","1399"
"4623","https://www.boatos.org/tecnologia/alerta-falso-raios-cosmicos-podem-fazer-aparelhos-explodirem-essa-madrugada.html","Raios cósmicos podem fazer aparelhos explodirem essa madrugada #boato","494"
"4624","https://www.boatos.org/tecnologia/amazon-deixou-os-eua-por-causa-das-tarifas-de-trump.html","É falsa a notícia de que Amazon deixou os EUA por tarifas impostas por Trump","672"
"4625","https://www.boatos.org/tecnologia/amazon-esta-fazendo-leilao-com-lance-fixo-em-site-anunciado-em-redes-sociais.html","Golpe cita que a Amazon lançou um “leilão com lance fixo” em um site anunciado em redes sociais","493"
"4626","https://www.boatos.org/tecnologia/amazon-vende-lote-produtos-nao-reclamados-preco-baixo-brasil.html","Amazon vende lote de produtos não reclamados a preço baixo no Brasil #boato","572"
"4627","https://www.boatos.org/tecnologia/ambev-alcool-gel-de-graca-whatsapp.html","Ambev está distribuindo álcool gel de graça em site no WhatsApp #boato","685"
"4628","https://www.boatos.org/tecnologia/ambev-skol-brahma-antarctica-vagas-emprego-site-whatsapp.html","Ambev (Skol, Brahma, Antarctica) está com vagas de emprego em site no WhatsApp #boato","619"
"4629","https://www.boatos.org/tecnologia/americanas-contrata-pessoas-vendas-online-notebook-compartilhar-link-whatsapp.html","Americanas contrata pessoas para vendas online e dá notebook para quem compartilhar link no WhatsApp #boato","560"
"4630","https://www.boatos.org/tecnologia/americanas-distribui-tv-lacre.html","Americanas distribui TV Samsung sem lacre de graça #boato","325"
"4631","https://www.boatos.org/tecnologia/amostra-floratta-flores-secretas.html","O Boticário está dando amostra grátis do Floratta Flores Secretas em site #boato","500"
"4632","https://www.boatos.org/tecnologia/ana-luiza-pajeu-do-vento-precisa-cadeira-de-rodas-vai-ganhar-r-010-cada-vez-que-video-for-repassado.html","Ana Luiza, de Pajeú do Vento, que precisa de cadeira de rodas, vai ganhar R$ 0,10 por cada vez que vídeo for repassado #boato","660"
"4633","https://www.boatos.org/tecnologia/anatel-esta-dando-7-gb-internet-conscientizacao-novo-coronavirus.html","Anatel está dando 7 GB de internet em conscientização ao novo coronavírus #boato","514"
"4634","https://www.boatos.org/tecnologia/andorinha-esta-vendendo-kit-de-cinco-azeites-e-utensilios-culinarios-em-oferta-anunciada-por-marcos-mion.html","Golpe cita oferta de “kit” de azeites da Andorinha e usa imagem de Marcos Mion","466"
"4635","https://www.boatos.org/tecnologia/ankole-na-pesquisa-do-google-revela-a-ultima-foto-do-seu-celular.html","Corrente falsa sobre “digitar Ankole” no Google volta a circular na internet","468"
"4636","https://www.boatos.org/tecnologia/aperte-no-esquilo-virus.html","Link da mensagem Aperte no Esquilo no WhatsApp é um vírus espião #boato","623"
"4637","https://www.boatos.org/tecnologia/aplicativo-delivery-ifood-processa-garota-programa-salvador.html","Aplicativo de delivery iFood processa garota de programa de Salvador #boato","425"
"4638","https://www.boatos.org/tecnologia/aplicativo-e-titulo-do-tse-e-um-programa-espiao.html","Aplicativo e-Título do TSE é, na realidade, um programa espião #boato","1200"
"4639","https://www.boatos.org/tecnologia/app-modificado-netflix-desbloqueia-filmes-assinaturas-gratis.html","App modificado da Netflix desbloqueia filmes e assinaturas grátis #boato","632"
"4640","https://www.boatos.org/tecnologia/apple-lancou-seu-primeiro-carro-eletrico-mostra-video.html","Apple lançou seu primeiro carro elétrico, mostra vídeo #boato","419"
"4641","https://www.boatos.org/tecnologia/apple-vai-desbloquear-o-iphone-13-apenas-para-vacinados.html","Apple vai desbloquear o iPhone 13 apenas para vacinados #boato","377"
"4642","https://www.boatos.org/tecnologia/arezzo-esta-dando-bolsas-gratis-para-quem-responder-a-quiz-em-site-anunciado-em-redes-sociais.html","Golpe que circula em redes sociais cita nome da Arezzo e bolsas grátis em quiz","514"
"4643","https://www.boatos.org/tecnologia/argentina-esta-conseguindo-um-video-sobre-covid-19-hackeara-seu-telefone.html","“Argentina está conseguindo” é um vídeo sobre a Covid-19 que hackeará o seu telefone #boato","461"
"4644","https://www.boatos.org/tecnologia/argentina-esta-fazendo-isso-video-desliga-telefone-10-segundos-cnn.html","“Argentina está fazendo isso” é um vídeo que desliga o telefone em 10 segundos, diz CNN #boato","578"
"4645","https://www.boatos.org/tecnologia/arraia-premios-mercado-livre-presentes-em-site-no-whatsapp.html","Arraiá de prêmios do Mercado Livre dá presentes em site no WhatsApp #boato","574"
"4646","https://www.boatos.org/tecnologia/assine-peticao-fechamento-stf-compartilhando-link-no-whatsapp.html","Assine petição pelo fechamento do STF compartilhando link no WhatsApp #boato","452"
"4647","https://www.boatos.org/tecnologia/assine-peticao-impeachment-bolsonaro-compartilhando-link-whatsapp.html","Assine petição para impeachment de Bolsonaro compartilhando link no WhatsApp #boato","614"
"4648","https://www.boatos.org/tecnologia/atacadao-da-r-1-000-natal-quem-compartilhar-link-whatsapp.html","Atacadão dá R$ 1.000 de Natal para quem compartilhar link no WhatsApp #boato","543"
"4649","https://www.boatos.org/tecnologia/atacadao-doando-250-mil-cestas-basicas-coronavirus.html","Atacadão está doando 250 mil cestas básicas por causa do coronavírus #boato","591"
"4650","https://www.boatos.org/tecnologia/atacadao-esta-dando-premios-de-r-2-000-por-causa-de-aniversario-de-62-anos-em-site-no-whatsapp.html","Golpe cita aniversário de 62 anos do Atacadão e distribuição de prêmio para quem compartilhar no WhatsApp","614"
"4651","https://www.boatos.org/tecnologia/atacadao-esta-dando-presentes-de-dia-internacional-da-mulher-para-quem-compartilhar-no-whatsapp.html","Golpe cita presente do Atacadão por causa do Dia Internacional da Mulher","500"
"4652","https://www.boatos.org/tecnologia/atacadao-fans-doa-geladeiras-e-maquinas-de-lavar-de-natal-para-quem-comentar-destacar.html","Golpe de Natal cita que o Atacadão Fans está doando geladeiras e máquinas de lavar nas redes sociais","701"
"4653","https://www.boatos.org/tecnologia/atacadao-supermercados-bh-e-mateus-estao-dando-presentes-de-dia-internacional-da-mulher.html","Golpe manjado cita que Atacadão, Supermercados BH e Mateus estão dando presentes de Dia Internacional da Mulher no WhatsApp","1154"
"4654","https://www.boatos.org/tecnologia/ataque-cibernetico-grande-reset-mundial-vao-acontecer-2021.html","Ataque cibernético e grande reset mundial vão acontecer em 2021 #boato","819"
"4655","https://www.boatos.org/tecnologia/ataque-virtual-brasil-hoje.html","Ataque virtual começou há duas horas e deve atingir o Brasil hoje #boato","487"
"4656","https://www.boatos.org/tecnologia/atualizacao-do-windows-live-e-um-virus-que-queima-o-seu-computador.html","Fake news sobre vírus “Atualização do Windows Live” volta a circular na internet","672"
"4657","https://www.boatos.org/tecnologia/auxilio-alimentacao-tres-meses-dado-pelo-governo-e-maiores-atacadistas-do-brasil-boato.html","Auxílio-alimentação de três meses é dado pelo governo e atacadistas do Brasil em site no WhatsApp #boato","619"
"4658","https://www.boatos.org/tecnologia/auxilio-brasil-2022-disponivel-quem-compartilhar-link-whatsapp.html","Auxílio Brasil 2022 está disponível para quem compartilhar um link no WhatsApp #boato","641"
"4659","https://www.boatos.org/tecnologia/auxilio-brasil-r-1-200-disponivel-para-quem-compartilhar-link-no-whatsapp.html","Auxílio Brasil de R$ 1.200 está disponível para quem compartilhar link no WhatsApp #boato","709"
"4660","https://www.boatos.org/tecnologia/auxilio-reconstrucao-de-r-600-tem-consulta-liberada-para-quem-compartilhar-link-no-whatsapp.html","Golpe no WhatsApp cita Auxílio Reconstrução de R$ 600 e consulta em site russo","535"
"4661","https://www.boatos.org/tecnologia/azeite-de-oliva-com-imposto-zero-esta-sendo-vendido-em-promocao.html","Golpe cita venda de azeite de oliva com “imposto zero” em redes sociais","515"
"4662","https://www.boatos.org/tecnologia/azul-passagens-aereas-gratis-whatsapp-black-friday.html","Azul dá passagens aéreas grátis no WhatsApp por causa da Black Friday #boato","630"
"4663","https://www.boatos.org/tecnologia/bebe-cancer-compartilhar-um-real.html","Bebê com câncer no sangue vai ganhar R$1 por compartilhamento no WhatsApp #boato","468"
"4664","https://www.boatos.org/tecnologia/bebe-cancer-sangue-whatsapp-paga.html","Bebê tem câncer no sangue e WhatsApp paga um real por compartilhamento #boato","497"
"4665","https://www.boatos.org/tecnologia/bebe-cirrose-fatima-do-sul-r-1-foto.html","Bebê com cirrose em Fátima do Sul vai ganhar R$ 1 por foto compartilhada #boato","750"
"4666","https://www.boatos.org/tecnologia/bebe-dois-penis-r-1-whatsapp.html","Bebê que nasceu com dois pênis ganhará R$ 1 por foto no WhatsApp #boato","659"
"4667","https://www.boatos.org/tecnologia/bebe-leucemia-r-1-whatsapp.html","Bebê com leucemia vai ganhar R$ 1 por vídeo repassado no WhatsApp #boato","813"
"4668","https://www.boatos.org/tecnologia/bebe-morrendo-cancer-mae-pede-compartilhe-foto-cinco-grupos-facebook.html","Bebê está morrendo de câncer e mãe pede que você compartilhe foto com cinco grupos no Facebook #boato","478"
"4669","https://www.boatos.org/tecnologia/beneficiarios-bolsa-familia-ganharao-r-470-coronavirus-whatsapp.html","Beneficiários do Bolsa Família ganharão R$ 470 por causa do coronavírus em site no WhatsApp #boato","628"
"4670","https://www.boatos.org/tecnologia/bill-gates-disse-que-o-brasil-sera-a-proxima-potencia-mundial-ate-2030.html","É falso que Bill Gates previu o Brasil como “próxima potência mundial” até 2030","651"
"4671","https://www.boatos.org/tecnologia/black-friday-e-roubo-mito-verdade-descontos-falsos.html","Black Friday é roubo? O mito dos descontos falsos e o que as lojas realmente oferecem","424"
"4672","https://www.boatos.org/tecnologia/black-friday-lojas-de-varejo-principais-golpes-que-usam-o-nome-da-magalu-americanas-e-casas-bahia.html","Black Friday lojas de varejo: principais golpes que usam o nome da Magalu, Americanas e Casas Bahia","590"
"4673","https://www.boatos.org/tecnologia/black-friday-shopee-golpes-rastreamento-falso.html","Black Friday Shopee: principais golpes que usam o nome da plataforma da China","718"
"4674","https://www.boatos.org/tecnologia/boato-facebook-doara-5-centavos-compartilhamento-fotos-criancas-doentes.html","Facebook doará 5 centavos para cada compartilhamento de fotos #boato","481"
"4675","https://www.boatos.org/tecnologia/boticario-esta-dando-kit-de-produtos-de-dia-internacional-da-mulher-para-quem-responder-a-quiz.html","Golpe de Dia Internacional da Mulher cita produtos do O Boticário","488"
"4676","https://www.boatos.org/tecnologia/boticario-kit-dia-das-maes-gratis-whatsapp.html","O Boticário dá Kit Dia das Mães grátis em site no WhatsApp #boato","628"
"4677","https://www.boatos.org/tecnologia/boticario-kit-dia-das-maes-gratis.html","O Boticário está dando Kit Dia das Mães grátis para quem compartilhar link #boato","575"
"4678","https://www.boatos.org/tecnologia/brahma-chopeira-gratis-promocao-carnaval-premiado-quem-compartilhar-whatsapp.html","Brahma dá chopeira grátis em promoção Carnaval Premiado para quem compartilhar no WhatsApp #boato","585"
"4679","https://www.boatos.org/tecnologia/brasil-sem-miseria-governo-cesta-basica-compartilhar-link-whatsapp.html","Brasil sem Miséria e governo dão cesta básica para quem compartilhar link no WhatsApp #boato","595"
"4680","https://www.boatos.org/tecnologia/brasil-sofreu-15-bilhoes-de-ataques-ciberneticos-china-posts-bom-dia-boa-tarde-boa-noite.html","Brasil sofreu 15 bilhões de ataques cibernéticos da China em posts de “Bom dia! Boa tarde! Boa noite!” #boato","984"
"4681","https://www.boatos.org/tecnologia/brasil-sorridente-inscricoes-whatsapp.html","Brasil Sorridente tem inscrições abertas em site no WhatsApp #boato","622"
"4682","https://www.boatos.org/tecnologia/brastemp-tem-questionario-premiado-por-causa-de-aniversario-de-70-anos.html","Golpe cita questionário premiado da Brastemp por causa dos 70 anos da empresa","463"
"4683","https://www.boatos.org/tecnologia/brf-vagas-emprego-compartilhar-link-whatsapp.html","BRF está com vagas de emprego para quem compartilhar link no WhatsApp #boato","592"
"4684","https://www.boatos.org/tecnologia/cacau-show-da-presente-de-dia-internacional-da-mulher-para-quem-compartilhar-mensagem.html","Golpe cita que Cacau Show está dando presente de Dia Internacional de Mulher para quem compartilhar mensagem","792"
"4685","https://www.boatos.org/tecnologia/cacau-show-dando-ovos-pascoa-quem-ficar-casa-compartilhar-link-whatsapp.html","Cacau Show está dando ovos de Páscoa para quem ficar em casa e compartilhar link no WhatsApp #boato","585"
"4686","https://www.boatos.org/tecnologia/cacau-show-dando-panetone-de-natal-quem-compartilhar-link-no-whatsapp.html","Cacau Show está dando panetone de Natal para quem compartilhar link no WhatsApp #boato","351"
"4687","https://www.boatos.org/tecnologia/cacau-show-esta-dando-brinde-ursinhos-carinhosos-quem-responder-pesquisa-pagar-frete.html","Golpe cita nome da Cacau Show e fala de brinde para quem “pagar frete”","844"
"4688","https://www.boatos.org/tecnologia/cacau-show-esta-dando-ovo-de-pascoa-para-quem-concluir-jogo-da-memoria.html","Golpe cita ovos de Páscoa grátis da Cacau Show e jogo da memória","620"
"4689","https://www.boatos.org/tecnologia/cacau-show-faz-campanha-do-bem-e-vende-panetones-com-desconto-de-natal.html","Golpe cita “campanha do bem” da Cacau Show e fala de panetones de Natal","659"
"4690","https://www.boatos.org/tecnologia/cadastro-auxilio-brasil-2021-22-esta-sendo-liberado-site-whatsapp.html","Cadastro do Auxílio Brasil 2021/22 está sendo liberado em site no WhatsApp #boato","735"
"4691","https://www.boatos.org/tecnologia/cadastro-auxilio-emergencial-r-600-liberado-governo-site-whatsapp.html","Cadastro para auxílio emergencial de R$ 600 é liberado pelo governo em site no WhatsApp #boato","524"
"4692","https://www.boatos.org/tecnologia/cadastro-renda-brasil-auxilio-gas-mesa-brasil-conta-pra-mim-governo-whatsapp.html","Cadastro para o Renda Brasil, Auxílio Gás, Mesa Brasil e Conta Pra Mim é aberto pelo governo no WhatsApp #boato","824"
"4693","https://www.boatos.org/tecnologia/cadastro-vagas-de-emprego-oms-compartilhando-link-whatsapp.html","Golpe usa vagas de emprego na OMS como isca para roubar dados","632"
"4694","https://www.boatos.org/tecnologia/caixa-fgts-trabalhou-2005-2018.html","Caixa libera o saque do FGTS para quem trabalhou entre 2005 e 2018 #boato","555"
"4695","https://www.boatos.org/tecnologia/caixa-liberou-consulta-de-valores-receber-cpf-quem-compartilhar-link-whatsapp.html","Mais novo golpe do WhatsApp cita consulta de valores a receber da Caixa Econômica Federal","775"
"4696","https://www.boatos.org/tecnologia/caixa-pis-pasep-salarial.html","Caixa libera PIS/Pasep salarial para quem trabalhou de 2005 a 2018 em site #boato","552"
"4697","https://www.boatos.org/tecnologia/camisetas-outubro-rosa-gratis-whatsapp.html","Lojas dão camisetas do Outubro Rosa contra o câncer de mama grátis no WhatsApp #boato","472"
"4698","https://www.boatos.org/tecnologia/campanha-somos-todos-outubro-rosa-camisetas-gratis.html","Campanha Somos Todos Outubro Rosa oferece camisetas grátis no WhatsApp #boato","524"
"4699","https://www.boatos.org/tecnologia/campanha-somos-todos-outubro-rosa-ecobag-site-whatsapp.html","Campanha Somos Todos Outubro Rosa dá ecobag em site no WhatsApp #boato","631"
"4700","https://www.boatos.org/tecnologia/carnaval-da-copa-virus-whatsapp.html","Vídeo Carnaval da Copa é um vírus do WhatsApp que hackeia celular #boato","464"
"4701","https://www.boatos.org/tecnologia/carrefour-cupom-r-300-ajudar-populacao-pandemia-covid-19.html","Carrefour está dando cupom de R$ 300 para ajudar população na pandemia de Covid-19 #boato","591"
"4702","https://www.boatos.org/tecnologia/carrefour-da-r-2-500-dinheiro-natal-site-whatsapp.html","Carrefour dá R$ 2.500 em dinheiro de Natal em site no WhatsApp #boato","601"
"4703","https://www.boatos.org/tecnologia/carrefour-faz-liquidacao-de-90-em-produtos-eletronicos-por-causa-de-falencia.html","Golpe cita falência do Carrefour, descontos de 90% e matéria do g1","523"
"4704","https://www.boatos.org/tecnologia/cartao-de-ondas-sismicas-arquivo-fotos-combates-em-israel-vai-hackear-seu-celular-whatsapp.html","Nova versão de corrente falsa fala sobre Cartão de Ondas Sísmicas, combates em Israel e hackers no WhatsApp","587"
"4705","https://www.boatos.org/tecnologia/casa-perini-vende-balde-com-espumantes-em-oferta-em-site-anunciado-em-redes-sociais.html","Golpe cita balde de espumantes da Casa Perini sendo vendido em oferta","566"
"4706","https://www.boatos.org/tecnologia/celepar-lancou-mapa-mostra-detectados-casos-covid-19.html","Celepar lançou mapa que mostra onde foram detectados casos de Covid-19 #boato","868"
"4707","https://www.boatos.org/tecnologia/celular-explodiu-bolso-calca.html","Celular explodiu no bolso da calça e fez buraco no traseiro de uma moça #boato","620"
"4708","https://www.boatos.org/tecnologia/celular-libera-radiacao-que-faz-bombril-palha-de-aco-pegar-fogo-video.html","Celular libera radiação que faz Bombril (palha de aço) pegar fogo, mostra vídeo #boato","612"
"4709","https://www.boatos.org/tecnologia/centauro-vende-tenis-corre-4-com-desconto-em-campanha-abril-lilas.html","Golpe cita tênis Corre 4 dado pela Centauro por conta de campanha Abril Lilás","583"
"4710","https://www.boatos.org/tecnologia/china-e-toyota-lancaram-carro-com-motor-movido-a-agua.html","Vídeos enganam sobre motor de água desenvolvido por China e Toyota","579"
"4711","https://www.boatos.org/tecnologia/chip-rfid-da-riachuelo-representa-um-perigo-para-a-populacao.html","História que afirma que chip RFID, da marca Riachuelo, é perigoso para a saúde não procede","719"
"4712","https://www.boatos.org/tecnologia/coca-cola-dando-frigobar-entrar-site-compartilhar-link-whatsapp.html","Coca-Cola está dando frigobar para quem entrar em site e compartilhar link no WhatsApp #boato","517"
"4713","https://www.boatos.org/tecnologia/coca-cola-esta-dando-presente-de-aniversario-em-dinheiro-para-quem-achar-tres-iguais-e-compartilhar.html","Golpe cita que Coca-Cola está dando presente de aniversário em dinheiro para quem achar “três iguais” e compartilhar","700"
"4714","https://www.boatos.org/tecnologia/coca-cola-esta-dando-presente-de-natal-de-1000-reais-para-quem-compartilhar-link-no-whatsapp.html","Coca-Cola volta a ser alvo de golpe com promessa de R$ 1.000 no Natal de 2025","818"
"4715","https://www.boatos.org/tecnologia/compartilhe-video-bebe-com-cancer-que-danca-doacao-whatsapp.html","Compartilhe vídeo de bebê com câncer que dança para ele ganhar doação do Whatsapp #boato","632"
"4716","https://www.boatos.org/tecnologia/concurso-cultural-facebook-audi-a3-amazonaws.html","Falso concurso cultural promete Audi A3 e espalha vírus no Facebook","286"
"4717","https://www.boatos.org/tecnologia/conhecido-vende-produto-com-preco-muito-baixo-de-desapega-no-instagram-boato.html","Conhecido vende produto com preço muito baixo de “desapega” no Instagram #boato","480"
"4718","https://www.boatos.org/tecnologia/consulta-registrato-valores-a-receber-2024-esta-disponivel-compartilhar-link-whatsapp.html","Consulta a Registrato – Valores a receber 2024 está disponível para quem compartilhar link no WhatsApp #boato","887"
"4719","https://www.boatos.org/tecnologia/consulte-se-voce-tem-direito-ao-saque-do-fgts-de-r-1045-whatsapp.html","Consulte se você tem direito ao saque do FGTS de R$ 1045 em site no WhatsApp #boato","458"
"4720","https://www.boatos.org/tecnologia/copie-cole-mensagem-driblar-algoritmo-facebook-so-mostra-25-amigos.html","Copie e cole mensagem para driblar algoritmo do Facebook que só mostra 25 amigos #boato","709"
"4721","https://www.boatos.org/tecnologia/correios-2018-contrata-site-whatsapp.html","Correios, em 2018, contrata em site “Correios Vagas 2018” no WhatsApp #boato","487"
"4722","https://www.boatos.org/tecnologia/correios-estao-indenizando-vitimas-de-golpe-de-encomenda-falsa.html","Nova falcatrua em redes cita indenização dos Correios por golpes de encomenda","643"
"4723","https://www.boatos.org/tecnologia/cras-cestas-basicas-gratis-compartilhar-link-whatsapp.html","CRAS está dando cestas básicas grátis para quem compartilhar link no WhatsApp #boato","603"
"4724","https://www.boatos.org/tecnologia/crianca-que-teve-orgaos-genitais-comidos-por-porca-vai-ganhar-r-2-por-foto-compartilhada-em-redes-sociais.html","É falso (e cruel) que menino que foi atacado por uma porca vá ganhar R$ 2 por cada foto dele compartilhada em redes sociais","538"
"4725","https://www.boatos.org/tecnologia/crianca-tem-cancer-sangue-vai-ganhar-r-1-visualizacao-whatsapp.html","Criança tem câncer no sangue e vai ganhar R$ 1 por visualização no WhatsApp #boato","549"
"4726","https://www.boatos.org/tecnologia/cuidado-links-adulterados-invadem-o-facebook-e-podem-te-fazer-de-trouxa.html","Cuidado: links adulterados invadem o Facebook e podem te fazer de trouxa","380"
"4727","https://www.boatos.org/tecnologia/dacia-esta-sorteando-duster-para-quem-comentar-destacar-no-facebook.html","Golpe cita que Dacia está sorteando Duster para quem comentar ‘destacar’ no Facebook","660"
"4728","https://www.boatos.org/tecnologia/david-mckay-do-royal-bank-do-canada-quer-doar-milhoes-para-voce-via-facebook-e-mail.html","David Mckay do Royal Bank do Canáda quer doar milhões para você via Facebook/e-mail #boato","1305"
"4729","https://www.boatos.org/tecnologia/depositaram-r-680-em-novo-golpe-do-deposito-do-envelope-vazio.html","Depositaram R$ 680 em novo golpe do depósito do envelope vazio #boato","909"
"4730","https://www.boatos.org/tecnologia/descubra-direito-auxilio-emergencial-compartilhando-link-whatsapp.html","Descubra se você tem direito ao auxílio emergencial compartilhando link no WhatsApp #boato","1093"
"4731","https://www.boatos.org/tecnologia/desenrola-brasil-99-desconto-site-facebook.html","Desenrola Brasil está com 99% de desconto em site anunciado no Facebook #boato","583"
"4732","https://www.boatos.org/tecnologia/desvendamos-alguns-mitos-sobre-ciberseguranca.html","Desvendamos alguns mitos sobre cibersegurança","1103"
"4733","https://www.boatos.org/tecnologia/digitar-ankole-google-revela-ultima-foto-tirada-seu-celular.html","Digitar Ankole no Google revela a última foto tirada no seu celular #boato","562"
"4734","https://www.boatos.org/tecnologia/droga-raia-da-r-1-000-para-quem-compartilhar-link-no-whatsapp.html","Droga Raia dá R$ 1.000 para quem compartilhar link no WhatsApp #boato","561"
"4735","https://www.boatos.org/tecnologia/dubai-ai-barber-pod-maquina-que-corta-cabelo-em-30-segundos-foi-lancada-nas-ruas-de-dubai.html","Dubai AI Barber Pod: é falso que máquina que corta cabelo em 30 segundos foi lançada em Dubai","908"
"4736","https://www.boatos.org/tecnologia/e-falso-que-programas-de-remocao-de-fundo-gerem-imagens-falsas-automaticamente.html","É falso que programas de remoção de fundo gerem imagens falsas automaticamente","688"
"4737","https://www.boatos.org/tecnologia/e-impossivel-abrir-um-pdf-com-senha-boato.html","É impossível abrir um PDF com senha #boato","700"
"4738","https://www.boatos.org/tecnologia/e-impossivel-recuperar-arquivos-corrompidos-de-seu-computador-ou-celular-boato.html","É impossível recuperar arquivos corrompidos de seu computador ou celular #boato","737"
"4739","https://www.boatos.org/tecnologia/e-possivel-ganhar-muito-dinheiro-assistindo-videos-na-netflix.html","É possível ganhar muito dinheiro assistindo a vídeos na Netflix #boato","776"
"4740","https://www.boatos.org/tecnologia/e-possivel-gravar-a-tela-do-computador-facilmente-boato.html","É possível gravar a tela do computador facilmente #boato","786"
"4741","https://www.boatos.org/tecnologia/e-verdade-que-papel-aluminio-substitui-pilha-no-controle-remoto.html","Ao contrário do que apontam vídeos, truque de papel alumínio no lugar da pilha do controle remoto não funciona","680"
"4742","https://www.boatos.org/tecnologia/electrolux-vende-eletrodomesticos-de-mostruario-com-80-de-desconto-por-r129.html","Golpe cita desconto da Electrolux que teria sido noticiado pela CNN","491"
"4743","https://www.boatos.org/tecnologia/elon-musk-alerta-brasil-sobre-novo-apagao-cibernetico.html","É falso que Elon Musk tenha alertado o Brasil sobre um “novo apagão cibernético”","588"
"4744","https://www.boatos.org/tecnologia/elon-musk-apareceu-em-um-cavalo-robotico-da-tesla-que-atinge-280-km-h.html","É falso que Elon Musk tenha lançado cavalo robótico da Tesla que atinge 280 km/h","445"
"4745","https://www.boatos.org/tecnologia/elon-musk-comprou-cnn-apos-vitoria-de-trump-nos-eua.html","É falso que Elon Musk tenha comprado a CNN após vitória de Trump nos EUA","453"
"4746","https://www.boatos.org/tecnologia/elon-musk-esta-lancando-carro-da-tesla-com-motor-movido-a-agua.html","É falso que Elon Musk esteja lançando um carro da Tesla com motor movido à água","709"
"4747","https://www.boatos.org/tecnologia/elon-musk-foi-insultado-por-homem-em-primeira-classe-de-aviao.html","É falso que Elon Musk tenha sido insultado em primeira classe de avião e dado “lição de moral”","1138"
"4748","https://www.boatos.org/tecnologia/elon-musk-vai-inaugurar-torre-da-eternidade-maior-do-mundo-em-balneario-camboriu.html","É falso que Elon Musk vá inaugurar Torre da Eternidade em Balneário Camboriú","625"
"4749","https://www.boatos.org/tecnologia/elon-musk-vai-se-casar-com-noiva-robo-com-ia-chamada-katanela.html","É falso que Elon Musk tenha anunciado que vai se casar com “noiva robô”","659"
"4750","https://www.boatos.org/tecnologia/estado-islamico-domina-franca-virus.html","Vídeo Estado Islâmico domina a França é vírus que formata celular #boato","455"
"4751","https://www.boatos.org/tecnologia/eu-posso-usar-qualquer-imagem-de-qualquer-pessoa-na-internet-sem-ter-consequencias.html","Eu posso usar qualquer imagem de qualquer pessoa na internet sem ter consequências?","1026"
"4752","https://www.boatos.org/tecnologia/faber-castell-da-caixa-de-lapis-de-cor-livro-de-colorir-jardim-secreto-site-whatsapp.html","Faber-Castell dá caixa de lápis de cor e livro de colorir Jardim Secreto em site no WhatsApp #boato","519"
"4753","https://www.boatos.org/tecnologia/faber-castell-esta-dando-kit-volta-as-aulas-para-quem-participar-de-quiz-solidario-e-pagar-o-frete.html","Golpe cita nome da Faber-Castell e cita kit de volta às aulas para quem responder a quiz","649"
"4754","https://www.boatos.org/tecnologia/facebook-admitiu-errou-censurar-hidroxicloroquina.html","Facebook admitiu que errou ao “censurar” hidroxicloroquina #boato","807"
"4755","https://www.boatos.org/tecnologia/facebook-bebe-cancer-curtidas-amem.html","Facebook decidiu ajudar bebê que tem câncer e paga por curtidas e amém #boato","459"
"4756","https://www.boatos.org/tecnologia/facebook-bloqueou-video-mandetta-apagou-perfil-oficial-sergio-moro.html","Facebook bloqueou vídeo do Mandetta e apagou perfil oficial de Sérgio Moro #boato","532"
"4757","https://www.boatos.org/tecnologia/facebook-cobrar-neste-verao.html","É oficial: o Facebook vai começar a cobrar neste verão #boato","372"
"4758","https://www.boatos.org/tecnologia/facebook-nao-doara-05-compartilhamento-tratamento-yasmin.html","Facebook não doará 0,5 por compartilhamento para tratamento de Yasmin","314"
"4759","https://www.boatos.org/tecnologia/facebook-tem-acesso-todos-dados-sua-conta-bancaria.html","Facebook tem acesso a todos os dados de sua conta bancária #boato","644"
"4760","https://www.boatos.org/tecnologia/farm-rio-e-bagaggio-dao-malas-gratis-para-quem-responder-a-quiz-e-pagar-frete.html","Golpe usa oferta de malas grátis da Farm Rio e Bagaggio para roubar “valor de frete”","736"
"4761","https://www.boatos.org/tecnologia/farmacia-pague-menos-r-1-000-subsidio-compartilhar-link-whatsapp.html","Farmácia Pague Menos dá R$ 1.000 de subsídio para quem compartilhar link no WhatsApp #boato","589"
"4762","https://www.boatos.org/tecnologia/farmacia-sao-joao-presente-dia-das-maes-site-whatsapp.html","Farmácia São João dá presente de Dia das Mães em site no WhatsApp #boato","496"
"4763","https://www.boatos.org/tecnologia/farmacias-sao-joao-e-pague-menos-dao-premios-de-dia-internacional-de-mulher.html","Golpes que ainda citam o Dia Internacional da Mulher falam de prêmios das Farmácias São João e Pague Menos","758"
"4764","https://www.boatos.org/tecnologia/farmacias-sao-joao-esta-dando-premio-de-dia-do-trabalhador-no-whatsapp.html","Golpe usa nome da Farmácias São João e usa prêmio de Dia do Trabalhador como isca","457"
"4765","https://www.boatos.org/tecnologia/felca-conseguiu-derrubar-o-roblox-e-acabar-com-o-chat-de-voz.html","Fake news que relaciona Felca ao “fim do Roblox” e chat de voz volta a circular online","783"
"4766","https://www.boatos.org/tecnologia/ferrero-chocolates-gratis-de-natal-quem-compartilhar-link-whatsapp.html","Ferrero dá chocolates grátis de Natal para quem compartilhar link no WhatsApp #boato","442"
"4767","https://www.boatos.org/tecnologia/fiat-esta-dando-strada-por-causa-de-aniversario-de-35-anos-para-quem-comentar-post-em-redes-sociais.html","Golpe cita distribuição de Fiat Strada por conta de aniversário de 35 anos da empresa","543"
"4768","https://www.boatos.org/tecnologia/filho-de-elon-musk-falou-sobre-jesus-na-tv-e-deixou-todos-sem-palavras.html","Vídeo que conta história do filho de Elon Musk falando sobre Jesus na TV é invenção com IA","633"
"4769","https://www.boatos.org/tecnologia/fluminense-esta-fazendo-liquidacao-de-camisetas-uniformes-loja-anunciada-redes-sociais.html","Golpe usa página falsa do g1 e cita promoção de uniformes e camisetas do Fluminense","551"
"4770","https://www.boatos.org/tecnologia/fortune-tiger-da-bonus-gratis-pix-quem-compartilhar-whatsapp.html","Golpe no WhatsApp usa nome do Fortune Tiger e oferece “bônus grátis em Pix” para quem compartilhar link","826"
"4771","https://www.boatos.org/tecnologia/foto-que-mostra-steve-jobs-vivo-rio-de-janeiro-e-de-jornalista-americano.html","Foto que mostra Steve Jobs vivo no Rio de Janeiro é de jornalista americano","452"
"4772","https://www.boatos.org/tecnologia/fotos-terremoto-calvario-seismic-waves-card-vai-hackear-seu-celular-10-segundos.html","É falso que fotos do terremoto do Calvário, que se chama Seismic Waves Card, vai hackear o seu celular em 10 segundos","602"
"4773","https://www.boatos.org/tecnologia/fotos-vulcao-chillan-virus-hackeia-seu-celular-10-segundos.html","Fotos do vulcão Chillán têm vírus que hackeia o seu celular em 10 segundos #boato","509"
"4774","https://www.boatos.org/tecnologia/funcionario-de-posto-de-gasolina-ganhou-r-4-milhoes-com-investimento-em-bitcoins.html","Golpe cita investimento que fez funcionário do posto de gasolina ganhar R$ 4 milhões","497"
"4775","https://www.boatos.org/tecnologia/g1-noticiou-fabricante-vende-smartphone-iphone-14-com-80-desconto-link-facebook.html","História que diz que G1 anunciou que fabricante está vendendo iPhone 14 com 80% de desconto em Facebook é golpe","653"
"4776","https://www.boatos.org/tecnologia/gambarelli-e-um-novo-virus-que-sera-lancado-no-whatsapp-amanha.html","Fake news sobre “vírus Gambarelli” circula (de novo) na internet","522"
"4777","https://www.boatos.org/tecnologia/ganhadora-da-loteria-nos-eua-vai-doar-us-1-milhao-para-voce.html","Ganhadora da loteria nos EUA vai doar US$ 1 milhão para você #boato","591"
"4778","https://www.boatos.org/tecnologia/ganhe-bitcoins-gratis-site.html","Ganhe Bitcoins grátis participando de questionário em site #boato","464"
"4779","https://www.boatos.org/tecnologia/ganhe-diamantes-passes-creditos-free-fire-compartilhando-link-whatsapp.html","Ganhe diamantes, passes e créditos no Free Fire compartilhando link no WhatsApp #boato","581"
"4780","https://www.boatos.org/tecnologia/ganhe-muito-dinheiro-avaliador-de-roupas-marcas-comprando-aplicativo.html","Ganhe muito dinheiro como avaliador de roupas e marcas comprando aplicativo incrível #boato","782"
"4781","https://www.boatos.org/tecnologia/gerente-da-americanas-tem-vaga-de-emprego-para-trabalho-em-casa-no-whatsapp-boato.html","Gerente da Americanas tem vaga de emprego para trabalho em casa no WhatsApp #boato","377"
"4782","https://www.boatos.org/tecnologia/gerente-geral-sebrae-projeto-am-vaga-de-emprego-whatsapp.html","Gerente geral do Sebrae (ou projeto Am) tem vaga de emprego no WhatsApp #boato","464"
"4783","https://www.boatos.org/tecnologia/gerente-marketing-amazon-oferece-vaga-emprego-whatsapp.html","Gerente de marketing da Amazon oferece vaga de emprego no WhatsApp #boato","775"
"4784","https://www.boatos.org/tecnologia/giuliana-flores-esta-dando-flores-de-presente-e-so-cobra-o-valor-do-frete-em-maquininha-de-cartao.html","História que diz que Giuliana Flores não está dando flores de presente e apenas cobrando valor do frete em maquininha de cartão é golpe","698"
"4785","https://www.boatos.org/tecnologia/globo-alerta-whatsapp-gold-video-gambarelli-sao-virus-celular.html","Globo alerta que WhatsApp Gold e vídeo Gambarelli são vírus de celular #boato","675"
"4786","https://www.boatos.org/tecnologia/golpe-ajuda-pagamento-online-terceiros-black-friday.html","Cuidado! O golpe da ajuda no pagamento: o perigo de pedir para terceiros finalizarem sua compra online","394"
"4787","https://www.boatos.org/tecnologia/golpe-da-ligacao-silenciosa-clona-sua-voz-por-ia.html","Alerta de golpe da ligação silenciosa por IA é exagerado e não se baseia em casos reais","651"
"4788","https://www.boatos.org/tecnologia/golpe-do-pix-na-entrega-como-evitar-a-falsa-cobranca-de-frete-na-black-friday.html","Novo alerta! Golpe do Pix na entrega: a fraude que rouba seu dinheiro com falsa cobrança de frete na Black Friday","327"
"4789","https://www.boatos.org/tecnologia/golpe-mercado-livre-black-friday-pix-clonado.html","Black Friday Mercado Livre: principais golpes que usam nome do site de vendas","700"
"4790","https://www.boatos.org/tecnologia/golpe-no-whatsapp-usa-nome-da-rede-de-supermercados-bh-e-presentes-de-natal.html","Golpe no WhatsApp usa nome da rede de supermercados BH e cita presentes de Natal","478"
"4791","https://www.boatos.org/tecnologia/golpe-no-whatsapp-usa-nome-do-atacadao-para-roubar-dados-no-whatsapp.html","Golpe no WhatsApp usa nome do Atacadão para roubar dados no WhatsApp","653"
"4792","https://www.boatos.org/tecnologia/golpe-whatsapp-black-friday-links-cupons-falsos.html","Black Fraude no WhatsApp: como identificar lojas, links e cupons falsos enviados por contatos","429"
"4793","https://www.boatos.org/tecnologia/golpes-com-cupons-de-desconto-todos-os-cupons-de-desconto-na-internet-sao-reais.html","Golpes com cupons de desconto: Todos os cupons de desconto na internet são reais?","395"
"4794","https://www.boatos.org/tecnologia/google-maps-lanca-votacao-escolher-entre-israel-palestina.html","Google Maps lança votação para escolher entre Israel ou Palestina #boato","599"
"4795","https://www.boatos.org/tecnologia/google-meta-twitter-telegram-e-spotify-anunciam-que-vao-deixar-o-brasil-em-nota-oficial-brpt-boato.html","Google, Meta, Twitter, Telegram e Spotify anunciam que vão deixar o Brasil em “nota oficial BRPT” #boato","1663"
"4796","https://www.boatos.org/tecnologia/governo-aluguel-social-teve-renda-afetada-compartilhou-link-whatsapp.html","Governo está dando aluguel social para quem teve renda afetada e compartilhou link no WhatsApp #boato","547"
"4797","https://www.boatos.org/tecnologia/governo-criou-programa-vote-em-casa-para-eleicoes-de-2020.html","Governo criou programa Vote em Casa para eleições de 2020 #boato","889"
"4798","https://www.boatos.org/tecnologia/governo-da-auxilio-cesta-basica-para-quem-compartilhar-whatsapp.html","Governo dá Auxílio Cesta Básica para quem compartilhar no WhatsApp #boato","595"
"4799","https://www.boatos.org/tecnologia/governo-esta-dando-auxilio-moradia-de-r-830-para-quem-compartilhar-link-no-whatsapp.html","Golpe que circula no WhatsApp cita auxílio moradia dado pelo governo","519"
"4800","https://www.boatos.org/tecnologia/governo-inscricoes-programa-tarifa-social-whatsapp.html","Governo abre inscrições para programa tarifa social de conta de luz em site no WhatsApp #boato","615"
"4801","https://www.boatos.org/tecnologia/governo-lancou-programa-ceia-para-todos-descontos-90-ceia-de-natal.html","É falso que governo tenha lançado um programa chamado Ceia para Todos, que dá descontos de 90% na ceia de Natal","811"
"4802","https://www.boatos.org/tecnologia/governo-liberou-auxilio-cidadao-saque-fgts-suspensao-contas-agua-luz-agendamento-vacina-contra-covid-19-whatsapp.html","Governo liberou o auxílio cidadão, saque do FGTS, suspensão de contas de água e luz e agendamento de vacina contra Covid-19 no WhatsApp #boato","964"
"4803","https://www.boatos.org/tecnologia/habibs-esfihas-gratis-quem-compartilhar-link-whatsapp.html","Habibs dá esfihas grátis para quem compartilhar link no WhatsApp #boato","486"
"4804","https://www.boatos.org/tecnologia/hackers-chineses-gif-virus.html","Hackers chineses usam mensagens de bom dia em GIF para phishing #boato","495"
"4805","https://www.boatos.org/tecnologia/hackers-invadem-servidores-da-pfizer-moderna-revelam-dados-de-mortes-por-vacinas.html","Hackers invadem servidores da Pfizer e Moderna e revelam dados de mortes por vacinas #boato","568"
"4806","https://www.boatos.org/tecnologia/hackers-podem-clonar-impressao-digital-fotografada-selfies.html","Hackers podem clonar impressão digital fotografada em selfies #boato","919"
"4807","https://www.boatos.org/tecnologia/havan-cestas-basicas-coronavirus-compartilhar-link-whatsapp.html","Havan está dando cestas básicas por causa do coronavírus para quem compartilhar link no WhatsApp #boato","718"
"4808","https://www.boatos.org/tecnologia/heineken-dando-4-barris-cerveja-5-litros-whatsapp.html","Heineken está dando 4 barris de cerveja de 5 litros para quem compartilhar link no WhatsApp #boato","618"
"4809","https://www.boatos.org/tecnologia/hoax-ajude-bebe-que-nasceu-com-cranio-na-barriga-compartilhando-foto.html","Hoax: ajude bebê que nasceu com crânio na barriga compartilhando foto","405"
"4810","https://www.boatos.org/tecnologia/hoax-cnn-alerta-virus-atualizacao-windows-live.html","CNN alerta para vírus na atualização do Windows Live #boato","329"
"4811","https://www.boatos.org/tecnologia/hoax-compartilhe-imagem-de-crianca-com-cabeca-deformada-facebook.html","Hoax: compartilhe imagem de criança com cabeça deformada no Facebook","411"
"4812","https://www.boatos.org/tecnologia/hoax-diz-que-novo-whatsapp-plus-e-um-virus-que-danifica-celular.html","WhatsApp Plus é um vírus que danifica celular #boato","630"
"4813","https://www.boatos.org/tecnologia/hoax-facebook-dara-dinheiro-pai-que-teve-familia-arrasada-por-cancer.html","Hoax: Facebook dará dinheiro a pai que teve família arrasada por câncer","476"
"4814","https://www.boatos.org/tecnologia/hoax-whatsapp-vai-ser-suspenso-amanha-baixem-o-telegram.html","Hoax: WhatsApp vai ser suspenso amanhã. Baixem o Telegram!","512"
"4815","https://www.boatos.org/tecnologia/homem-morre-pokemon-go.html","Homem morre ao cair de prédio por causa de Pokémon Go #boato","490"
"4816","https://www.boatos.org/tecnologia/homem-nunca-pisou-lua-tecnologia-avancada.html","Homem nunca pisou na lua porque tem tecnologia avançada e nunca voltou lá #boato","1050"
"4817","https://www.boatos.org/tecnologia/hospital-do-cancer-faz-campanha-em-que-ganha-10-centavos-por-cada-vez-video-menina-compartilhado.html","Hospital do Câncer faz campanha em que ganha 10 centavos por cada vez que vídeo de menina for compartilhado #boato","597"
"4818","https://www.boatos.org/tecnologia/hospital-do-cancer-ganhar-1-euro-10-pessoas-repassarem-foto-flores.html","Hospital do Câncer vai ganhar 1 euro por 10 pessoas que repassarem foto de flores #boato","490"
"4819","https://www.boatos.org/tecnologia/i-doser-e-a-nova-droga-digital-que-esta-viciando-os-jovens-boato.html","I-Doser é a nova droga digital que está viciando os jovens #boato","611"
"4820","https://www.boatos.org/tecnologia/ifood-cupom-de-r-100-compartilhar-link-whatsapp.html","iFood está dando cupom de R$ 100 para quem compartilhar link no WhatsApp #boato","545"
"4821","https://www.boatos.org/tecnologia/ifood-esta-oferecendo-cupom-de-r2-000-gratis-por-sms.html","É golpe SMS que promete cupom de R$2.000 do iFood por link encurtado","434"
"4822","https://www.boatos.org/tecnologia/ifood-hackeado-dados-cartao-de-credito-sendo-roubados.html","iFood foi hackeado e dados do cartão de crédito estão sendo roubados #boato","552"
"4823","https://www.boatos.org/tecnologia/inss-liga-para-aposentado-fazer-prova-de-vida-online.html","Inss liga para aposentado fazer prova de vida online #boato","616"
"4824","https://www.boatos.org/tecnologia/insta-premium-paga-pessoas-que-respondem-pesquisas-sobre-produtos.html","Insta Premium promete dinheiro por responder pesquisas, mas é golpe","830"
"4825","https://www.boatos.org/tecnologia/instagram-censura-publicacoes-lula-genocida.html","Instagram censura publicações com as palavras “Lula genocida” #boato","861"
"4826","https://www.boatos.org/tecnologia/instituto-mauricio-de-sousa-doando-super-almanaque-turma-da-monica-whatsapp.html","Instituto Mauricio de Sousa está doando o Super Almanaque Turma da Mônica em site no WhatsApp #boato","585"
"4827","https://www.boatos.org/tecnologia/interpol-esta-enviando-uma-intimacao-ou-uma-notificacao-para-voce-por-e-mail.html","Interpol não está enviando uma intimação ou notificação para você se defender de crimes por e-mail","758"
"4828","https://www.boatos.org/tecnologia/inventor-do-zimbabue-criou-carro-eletrico-que-nao-precisa-ser-recarregado.html","Inventor do Zimbábue não criou carro elétrico que não precisa ser recarregado","718"
"4829","https://www.boatos.org/tecnologia/itau-turma-da-monica-dando-livros-gibis-whatsapp.html","Itaú e Turma da Mônica estão dando livros e gibis para quem compartilhar link no WhatsApp #boato","695"
"4830","https://www.boatos.org/tecnologia/izabely-005-centavos-mensagem-whatsapp.html","Izabely tem câncer e vai ganhar 0,05 centavos por mensagem no WhatsApp #boato","691"
"4831","https://www.boatos.org/tecnologia/jbs-friboi-seara-maturatta-vagas-compartilhar-link-whatsapp.html","JBS (Friboi, Seara e Maturatta) tem vagas para quem compartilhar link no WhatsApp #boato","521"
"4832","https://www.boatos.org/tecnologia/jogo-baleia-azul-nao-pode-sair.html","Se você tentar sair do jogo Baleia Azul, eles vão atrás da sua família #boato","957"
"4833","https://www.boatos.org/tecnologia/jogo-consciencia-cancer-da-mama-2014-espalha-boatos-facebook.html","Jogo Consciência do Câncer da Mama 2014 espalha boatos no Facebook","219"
"4834","https://www.boatos.org/tecnologia/jogo-daycare-the-story-motivou-ataque-em-creche-de-blumenau-boato.html","Jogo Daycare: The Story motivou ataque em creche de Blumenau #boato","955"
"4835","https://www.boatos.org/tecnologia/kitchenaid-vende-batedeiras-com-desconto-por-causa-do-outubro-rosa.html","Golpe cita promoção de Outubro Rosa de batedeiras da Kitchenaid","788"
"4836","https://www.boatos.org/tecnologia/kwai-dando-r-600-pix-carnaval-em-site-whatsapp.html","Kwai está dando R$ 600 no Pix de carnaval em site no WhatsApp #boato","715"
"4837","https://www.boatos.org/tecnologia/lbv-dando-cestas-basicas-kits-de-limpeza-compartilhar-link-whatsapp.html","LBV está dando cestas básicas e kits de limpeza para quem compartilhar link no WhatsApp #boato","721"
"4838","https://www.boatos.org/tecnologia/leroy-merlin-esta-dando-premios-de-natal-em-roleta-premiada.html","Mensagem que aponta que a Leroy Merlin dá prêmios e descontos de Natal em roleta premiada para quem responder a quiz é golpe","864"
"4839","https://www.boatos.org/tecnologia/ligacao-numero-136-0136-golpe-clona-whatsapp-rouba-dados-celular.html","Ligação do número 136 ou 0136 é um golpe que clona o WhatsApp e rouba dados do celular #boato","666"
"4840","https://www.boatos.org/tecnologia/ligacao-telefone-912250041117-vacina-golpe-hackear-celular.html","Ligação do telefone 912250041117 sobre vacina é golpe para hackear celular #boato","679"
"4841","https://www.boatos.org/tecnologia/link-com-virus-descobri-esse-bug-de-curtidas-facebook.html","Link com vírus: Descobri esse bug de curtidas no Facebook","520"
"4842","https://www.boatos.org/tecnologia/link-de-acidente-em-montanha-russa-espalha-nos-eua-facebook.html","Link de acidente em montanha russa nos EUA espalha vírus no Facebook","271"
"4843","https://www.boatos.org/tecnologia/link-do-cep-para-saber-onde-se-vacinar-subpav-org-clona-seu-celular.html","Link que pede CEP para saber onde se vacinar (subpav.org) clona o seu celular #boato","490"
"4844","https://www.boatos.org/tecnologia/link-emagreca-sem-sofrer-veja-como-hoje-mesmo-esconde-virus.html","Link Emagreça sem sofrer Veja como hoje mesmo esconde vírus","499"
"4845","https://www.boatos.org/tecnologia/link-ganhar-dinheiro-tiktok-golpe-virus.html","Link ganhar dinheiro com TikTok é golpe ou vírus #boato","504"
"4846","https://www.boatos.org/tecnologia/link-garotas-bebadas-na-copa-mundo-espalha-virus-facebook.html","Link garotas bêbadas na Copa do Mundo espalha vírus no Facebook","411"
"4847","https://www.boatos.org/tecnologia/link-mae-ganha-r16-000mes-espalha-virus-facebook.html","Link “Mãe Ganha R$16.000/Mês” espalha vírus no Facebook","268"
"4848","https://www.boatos.org/tecnologia/link-mico-total-olhem-essas-garotas-e-o-novo-virus-facebook.html","Link “Mico total! Olhem essas garotas” é o novo vírus do Facebook","416"
"4849","https://www.boatos.org/tecnologia/link-que-promete-mudar-cor-facebook-esconde-virus-em-programa.html","Link que promete mudar cor do Facebook esconde vírus em programa","463"
"4850","https://www.boatos.org/tecnologia/link-video-neymar-loira-misteriosa-vaza-net-esconde-virus-facebook.html","Link “vídeo de Neymar com uma loira misteriosa” esconde vírus no Facebook","290"
"4851","https://www.boatos.org/tecnologia/lucas-r-18-mil-cirurgia-whatsapp-doar-r-1-video-repassado.html","Lucas precisa de R$ 18 mil para cirurgia e WhatsApp vai doar R$ 1 por vídeo repassado #boato","748"
"4852","https://www.boatos.org/tecnologia/maculopatia-cancer-olho-causada-telefone-celular-escuro.html","Maculopatia (câncer no olho) é causada por uso de telefone celular no escuro #boato","1109"
"4853","https://www.boatos.org/tecnologia/magazine-luiza-doacao-geladeiras-facebook.html","Magazine Luiza faz doação de geladeiras em post com foto no Facebook #boato","897"
"4854","https://www.boatos.org/tecnologia/magazine-luiza-vende-galaxy-s24-ultra-e-iphone-16-por-r10-apos-cancelamento-corporativo.html","Golpe cita que Magazine Luiza está vendendo Galaxy S24 Ultra e iPhone 16 por R$10 após cancelamento","677"
"4855","https://www.boatos.org/tecnologia/mais-95-pessoas-nao-tiveram-auxilio-emergencial-nao-compartilhar-link.html","Mais de 95% das pessoas não tiveram o auxílio emergencial por não compartilhar link #boato","430"
"4856","https://www.boatos.org/tecnologia/mark-zuckerberg-bff-verificar-facebook.html","Mark Zuckerberg inventou palavra BFF para verificar conta no Facebook #boato","453"
"4857","https://www.boatos.org/tecnologia/mark-zuckerberg-criancas-compartilhamentos.html","Mark Zuckerberg ajuda crianças com câncer do mundo que tenham compartilhamentos #boato","519"
"4858","https://www.boatos.org/tecnologia/mateus-supermercados-r-1000-dia-das-criancas-12-de-outubro.html","Golpe que cita Mateus Supermercados fala sobre prêmio de R$ 1000 por causa de Dia das Crianças e 12 de outubro","794"
"4859","https://www.boatos.org/tecnologia/mcdonalds-cupom-70-promocao.html","McDonald’s dá cupom de R$ 70 grátis em promoção #boato","586"
"4860","https://www.boatos.org/tecnologia/melissa-esta-dando-sandalia-gratis-por-causa-do-outubro-rosa-no-whatsapp.html","Melissa está dando sandália grátis por causa do outubro Rosa no WhatsApp #boato","638"
"4861","https://www.boatos.org/tecnologia/melissa-sandalias-gratis-dia-das-maes-em-site-whatsapp.html","Melissa dá sandálias grátis de Dia das Mães em site no WhatsApp #boato","618"
"4862","https://www.boatos.org/tecnologia/menina-barriga-gigante-r-1-foto.html","Menina com barriga gigante vai ganhar R$ 1 por foto repassada no WhatsApp #boato","666"
"4863","https://www.boatos.org/tecnologia/menina-com-feridas-centavo-whatsapp.html","Menina com feridas no corpo vai ganhar 1 centavo por vídeo no WhatsApp #boato","839"
"4864","https://www.boatos.org/tecnologia/menina-corpo-queimado-vai-ganhar-r-1-foto-compartilhada-whatsapp.html","Menina com corpo queimado vai ganhar R$ 1 por foto compartilhada no WhatsApp #boato","751"
"4865","https://www.boatos.org/tecnologia/menina-escoliose-r-1-whatsapp.html","Menina com escoliose vai ganhar R$ 1 do WhatsApp por cada vídeo compartilhado #boato","810"
"4866","https://www.boatos.org/tecnologia/menina-escoliose-vai-ganhar-r-1-compartilhamento-video-fazer-cirurgia-r-18-mil.html","É falso que menina com escoliose vai ganhar de R$ 1 por compartilhamento de vídeo para fazer uma cirurgia de R$ 18 mil; fake news é antiga","851"
"4867","https://www.boatos.org/tecnologia/menino-entra-em-coma-por-causa-do-jogo-roblox.html","É falso que menino tenha entrado em coma por causa do jogo Roblox","929"
"4868","https://www.boatos.org/tecnologia/menino-queimado-ganhar-r1-whatsapp.html","Menino queimado vai ganhar R$1 por foto repassada no WhatsApp #boato","579"
"4869","https://www.boatos.org/tecnologia/mensagem-dos-correios-com-aviso-de-pedido-retido-na-fiscalizacao-alfandegaria-e-real.html","Golpistas usam nome dos Correios para enviar mensagem falsa sobre pedido retido na alfândega","596"
"4870","https://www.boatos.org/tecnologia/mensagem-em-zip-no-whatsapp-segue-a-lista-para-orcamento-obrigado-e-real.html","Golpe no WhatsApp: arquivo ZIP com mensagem “Segue a lista para orçamento” esconde vírus","589"
"4871","https://www.boatos.org/tecnologia/mensagem-fim-whatsapp-virus-boato.html","Mensagem sobre o fim do WhatsApp está com vírus e rouba dados #boato","969"
"4872","https://www.boatos.org/tecnologia/mensagem-no-whatsapp-informa-que-seu-mei-foi-suspenso-e-cnpj-inativado.html","Golpistas enviam mensagem no WhatsApp que informa que seu MEI foi suspenso e CNPJ inativado","463"
"4873","https://www.boatos.org/tecnologia/mensagem-voce-recebeu-uma-mensagem-mas-sua-versao-do-whatsapp-nao-e-compativel-atualizar-o-whatsapp-e-real.html","Mensagem de “WhatsApp incompatível” com link para atualizar é golpe","646"
"4874","https://www.boatos.org/tecnologia/mensagens-bom-dia-fotos-videos-criadas-hackers-alerta-olga-nikolaevnas.html","Mensagens de bom dia em fotos e vídeos foram criadas por hackers, alerta Olga Nikolaevnas #boato","1305"
"4875","https://www.boatos.org/tecnologia/mensagens-bom-dia-usadas-ataques-ciberneticos-hackers-china.html","Mensagens de bom dia são usadas em ataques cibernéticos por hackers da China #boato","662"
"4876","https://www.boatos.org/tecnologia/mensagens-de-bom-dia-tiktok-kwai-aplicativos-chineses-tem-virus.html","Mensagens de bom dia do TikTok, Kwai e aplicativos chineses têm vírus #boato","1293"
"4877","https://www.boatos.org/tecnologia/mentira-dong-nguyen-criador-flappy-bird-cometeu-suicidio.html","Mentira: Dong Nguyen, criador do Flappy Bird, cometeu suicídio","572"
"4878","https://www.boatos.org/tecnologia/mercado-livre-aniversario-de-20-anos-da-presentes-de-aniversario-whatsapp.html","Mercado Livre faz aniversário de 20 anos e dá presentes em site no WhatsApp #boato","692"
"4879","https://www.boatos.org/tecnologia/mercado-livre-esta-dando-descontos-de-95-para-quem-responder-a-questionario.html","Golpe que fala sobre descontos de 95% do Mercado Livre para quem responder questionário volta a circular na internet","940"
"4880","https://www.boatos.org/tecnologia/mercado-livre-esta-dando-escorredor-de-pratos-para-quem-responder-a-quiz-e-pagar-frete-do-produto.html","Nome do Mercado Livre é utilizado em golpe que promete “escorredor de prato grátis”","522"
"4881","https://www.boatos.org/tecnologia/mercado-livre-esta-dando-premios-no-dia-dos-pais-de-2025-para-quem-girar-roleta.html","Golpe usa nome do Mercado Livre com promessa falsa de prêmios no Dia dos Pais em roleta premiada","569"
"4882","https://www.boatos.org/tecnologia/mercado-livre-esta-dando-premios-whatsapp-semana-cliente.html","Mensagem que aponta que Mercado Livre está dando prêmios no WhatsApp na Semana do Cliente é golpe","674"
"4883","https://www.boatos.org/tecnologia/mercado-livre-lancou-programa-mercado-caixas-com-itens-devolvidos-em-site-anunciado-em-redes-sociais.html","Mercado Livre não está vendendo produtos devolvidos em programa Mercado Caixas","747"
"4884","https://www.boatos.org/tecnologia/mercado-livre-tem-vagas-trabalho-em-casa-quem-compartilhar-whatsapp.html","Mercado Livre tem vagas de trabalho em casa para quem compartilhar no WhatsApp #boato","411"
"4885","https://www.boatos.org/tecnologia/mercado-livre-vende-laptops-dell-por-r15-para-limpar-estoque-em-site-anunciado-em-redes-sociais.html","Golpe cita notebook Dell vendido pelo Mercado Livre a R$ 15","535"
"4886","https://www.boatos.org/tecnologia/mercadona-esta-sorteando-sacola-especial-no-facebook.html","Golpe no Facebook fala sobre “sorteio de sacolas” do supermercado Mercadona","507"
"4887","https://www.boatos.org/tecnologia/mexico-conseguiu-um-virus-que-entrara-seu-celular-5-segundos.html","“México conseguiu” é um vírus que entrará em seu celular em 5 segundos #boato","469"
"4888","https://www.boatos.org/tecnologia/mexico-conseguiu-um-virus-que-esta-uma-imagem-covid-19.html","México conseguiu é um vírus que está em uma imagem sobre Covid-19 #boato","469"
"4889","https://www.boatos.org/tecnologia/mexico-fez-virus-imagem-mostra-covid-19-curada.html","“México fez” é um vírus em uma imagem que mostra Covid-19 curada no país #boato","499"
"4890","https://www.boatos.org/tecnologia/michael-kors-faz-liquidacao-de-bolsas-no-brasil-em-comemoracao-ao-aniversario-da-marca.html","Golpe cita liquidação de bolsas Michael Kors por causa de aniversário","475"
"4891","https://www.boatos.org/tecnologia/micro-ondas-celular-explodir-por-causa-radiacao.html","Micro-ondas faz celular explodir por causa da radiação #boato","633"
"4892","https://www.boatos.org/tecnologia/ministerio-da-saude-pesquisa-pede-codigo-sms-whatsapp.html","Ministério da Saúde faz pesquisa e pede código SMS do WhatsApp #boato","571"
"4893","https://www.boatos.org/tecnologia/mizuno-esta-vendendo-dois-tenis-por-r-100-como-parte-do-dezembro-vermelho.html","Golpe cita venda de tênis da Mizuno por R$ 100 por causa de Dezembro Vermelho","602"
"4894","https://www.boatos.org/tecnologia/mizuno-vende-tenis-com-desconto-em-campanha-de-janeiro-branco.html","Golpe cita nome da Mizuno e fala de campanha janeiro branco","583"
"4895","https://www.boatos.org/tecnologia/momo-demonio-numero-telefone-internet.html","Momo é um demônio que divulgou número de telefone no WhatsApp #boato","1235"
"4896","https://www.boatos.org/tecnologia/mulher-dorme-com-celular-embaixo-do-travesseiro-e-morre-diz-alerta-falso.html","Mulher dorme com celular embaixo do travesseiro e morre, diz alerta falso","300"
"4897","https://www.boatos.org/tecnologia/mulher-implantou-chip-na-mao-e-fez-pagamento-em-maquininha-de-cartao.html","Não há provas que mulher implantou chip na mão e fez pagamento em máquina de cartão","1062"
"4898","https://www.boatos.org/tecnologia/nao-atenda-celular-carregando-samsung.html","Não atenda ao celular carregando, alerta técnico da Samsung #boato","1177"
"4899","https://www.boatos.org/tecnologia/nao-e-possivel-editar-videos-online-com-qualidade.html","Não é possível editar vídeos online com qualidade?","792"
"4900","https://www.boatos.org/tecnologia/nao-e-possivel-proteger-a-privacidade-em-redes-sociais-boato.html","Não é possível proteger a privacidade em redes sociais #boato","688"
"4901","https://www.boatos.org/tecnologia/nao-e-possivel-recuperar-chamadas-excluidas-do-seu-telefone.html","Não é possível recuperar chamadas excluídas do seu telefone?","770"
"4902","https://www.boatos.org/tecnologia/nao-e-possivel-saber-se-meu-whatsapp-esta-sendo-rastreado-por-alguem.html","Não é possível saber se meu Whatsapp está sendo rastreado por alguém?","469"
"4903","https://www.boatos.org/tecnologia/nao-e-possivel-trabalhar-e-investir-de-casa.html","Não é possível trabalhar e investir de casa?","438"
"4904","https://www.boatos.org/tecnologia/nao-e-possivel-usar-aplicativos-para-tarefas-universitarias.html","Não é possível usar aplicativos para tarefas universitárias?","437"
"4905","https://www.boatos.org/tecnologia/nao-existe-editor-de-video-completo-para-uso-hoje.html","Não existe editor de vídeo completo para uso hoje?","791"
"4906","https://www.boatos.org/tecnologia/nao-leve-celular-cabeca-radiacao-boato.html","Não leve o celular a cabeça na hora de atender por causa da radiação #boato","589"
"4907","https://www.boatos.org/tecnologia/nao-tem-como-recuperar-um-pdf-excluido-acidentalmente-boato.html","Não tem como recuperar um PDF excluído acidentalmente #boato","610"
"4908","https://www.boatos.org/tecnologia/nasa-vai-medir-temperatura-populacao-mundial-hoje-mapear-covid-19.html","Nasa vai medir temperatura de população mundial hoje para mapear a Covid-19 #boato","536"
"4909","https://www.boatos.org/tecnologia/natura-da-kit-do-dia-das-maes-para-quem-compartilhar-no-whatsapp-boato.html","Natura dá kit do Dia das Mães para quem compartilhar no WhatsApp #boato","551"
"4910","https://www.boatos.org/tecnologia/neo-bank-ou-nox-bank-oferece-cartao-de-credito-com-limite-alto-para-negativados.html","Liberação de cartão de crédito para negativados pelo Neo Bank (ou Nox Bank) é um golpe","1043"
"4911","https://www.boatos.org/tecnologia/nestle-doando-ovos-pascoa-compartilhar-link-site-whatsapp.html","Nestlé está doando ovos de Páscoa para quem compartilhar link de site no WhatsApp #boato","590"
"4912","https://www.boatos.org/tecnologia/netflix-liberou-acesso-gratis-periodo-de-isolamento-whatsapp.html","Netflix liberou acesso grátis durante o período de isolamento em site no WhatsApp #boato","535"
"4913","https://www.boatos.org/tecnologia/nike-faz-liquidacao-de-aniversario-de-47-anos-no-brasil-com-71-de-desconto.html","Golpe do site falso de venda cita descontos da Nike por causa de aniversário no Brasil","494"
"4914","https://www.boatos.org/tecnologia/noticia-falsa-volkswagen-lanca-1o-carro-voador-mundo-na-china.html","Volkswagen lança 1º carro voador do mundo na China #boato","577"
"4915","https://www.boatos.org/tecnologia/notificacao-extrajudicial-de-bloqueio-de-cnh-e-conta-corrente-em-sms-e-0800.html","Golpe por SMS fala de notificação extrajudicial, bloqueio de CNH e número 0800","359"
"4916","https://www.boatos.org/tecnologia/novex-creme-tratamento-cabelo-compartilhar-link-whatsapp.html","Novex está dando creme de tratamento para cabelo para quem compartilhar link no WhatsApp #boato","498"
"4917","https://www.boatos.org/tecnologia/novo-golpe-do-pix-usa-ligacao-do-95004-1117-sobre-vacinacao.html","Novo golpe do Pix usa ligação do 95004-1117 sobre vacinação #boato","814"
"4918","https://www.boatos.org/tecnologia/nubank-da-r-50-no-pix-por-causa-de-dia-das-maes.html","Nubank dá R$ 50 no Pix por causa de Dia das Mães #boato","707"
"4919","https://www.boatos.org/tecnologia/nubank-devolve-dinheiro-para-clientes-em-site-anunciado-em-redes-sociais.html","Nubank não está devolvendo dinheiro para seus clientes e site anunciado nas redes sociais é um golpe","569"
"4920","https://www.boatos.org/tecnologia/nubank-esta-dando-r-200-pix-de-natal-quem-compartilhar-whatsapp.html","É falso que a Nubank está dando um Pix de Natal para quem compartilhar no WhatsApp","635"
"4921","https://www.boatos.org/tecnologia/nubank-esta-dando-r-400-via-pix-causa-aniversario.html","Nubank está dando R$ 400 via Pix por causa de aniversário #boato","624"
"4922","https://www.boatos.org/tecnologia/nubank-esta-dando-r-500-carnaval-site-whatsapp.html","Nubank está dando R$ 500 de carnaval em site no WhatsApp #boato","635"
"4923","https://www.boatos.org/tecnologia/nubank-faz-10-anos-da-r-70-pix-promocao-nuniver-whatsapp.html","Golpe cita aniversário da Nubank e “presente” de R$ 70 no Pix no WhatsApp","518"
"4924","https://www.boatos.org/tecnologia/nubank-faz-pix-de-r-150-da-copa-em-site-no-whatsapp-boato.html","Nubank faz Pix de R$ 150 da Copa em site no WhatsApp #boato","443"
"4925","https://www.boatos.org/tecnologia/nubank-r-50-pix-dia-dos-pais-site-whatsapp.html","Nubank dá R$ 50 de Pix de Dia dos Pais em site no WhatsApp #boato","707"
"4926","https://www.boatos.org/tecnologia/o-boticario-da-mascaras-gratis-compartilhar-link-no-whatsapp.html","O Boticário dá máscaras grátis para quem compartilhar link no WhatsApp #boato","562"
"4927","https://www.boatos.org/tecnologia/o-boticario-kit-lily-dia-das-maes-whatsapp.html","O Boticário está dando kit Lily de Dia das Mães em site no WhatsApp #boato","524"
"4928","https://www.boatos.org/tecnologia/o-boticario-kits-perfumes-dia-namorados.html","O Boticário está dando kits de perfumes para o dia dos namorados em site #boato","676"
"4929","https://www.boatos.org/tecnologia/o-boticario-perfume-gratis-dia-dos-namorados-site-whatsapp.html","O Boticário está dando perfume grátis de Dia dos Namorados em site no WhatsApp #boato","656"
"4930","https://www.boatos.org/tecnologia/o-boticario-presentes-dia-internacional-da-mulher-site-whatsapp.html","O Boticário dá presentes de Dia Internacional da Mulher em site no WhatsApp #boato","574"
"4931","https://www.boatos.org/tecnologia/o-boticario-vale-presente-dia-dos-pais.html","O Boticário dá vale presente de R$ 399 para o dia dos pais #boato","515"
"4932","https://www.boatos.org/tecnologia/o-virus-gambarelli-sera-lancado-no-whatsapp-gold-amanha.html","Falso alerta sobre “vírus Gambarelli” no WhatsApp Gold continua viralizando na internet","748"
"4933","https://www.boatos.org/tecnologia/o-windows-photo-viewer-nunca-abre-as-imagens-no-seu-computador.html","O Windows Photo Viewer nunca abre as imagens no seu computador?","1158"
"4934","https://www.boatos.org/tecnologia/olga-nikolaevnas-shanghai-china-international-news-enviam-alerta-sobre-fotos-gifs-mensagens-de-bom-dia-whatsapp.html","Olga Nikolaevnas e Shanghai China International News enviam alerta sobre fotos e gifs em mensagens de bom dia no WhatsApp #boato","1273"
"4935","https://www.boatos.org/tecnologia/onibus-cibernetico-neural-foi-visto-florianopolis-hoje.html","Vídeo que mostra ônibus cibernético neural em Florianópolis é fruto de edição","451"
"4936","https://www.boatos.org/tecnologia/outubro-rosa-o-boticario-kit-lily-gratis-mulheres.html","Outubro Rosa O Boticário dá Kit Lily grátis para mulheres que compartilharem link #boato","504"
"4937","https://www.boatos.org/tecnologia/pacote-internet-3g-whatsapp.html","Site dá pacote de Internet 3G para quem compartilha no WhatsApp #boato","488"
"4938","https://www.boatos.org/tecnologia/pague-menos-esta-dando-r-1000-de-presente-de-ano-novo.html","Golpe cita presente de ano novo da Pague Menos para quem compartilhar link","523"
"4939","https://www.boatos.org/tecnologia/pampers-da-fralda-gratis-para-quem-responder-a-quiz-e-pagar-frete.html","Golpe cita nome da Pampers, fala de fraldas grátis e visa ficar com valor de frete","1004"
"4940","https://www.boatos.org/tecnologia/panini-esta-dando-album-de-figurinhas-da-copa-do-mundo-gratis-para-quem-compartilhar-link-whatsapp.html","Panini está dando álbum de figurinhas da Copa do Mundo grátis para quem compartilhar link no WhatsApp #boato","638"
"4941","https://www.boatos.org/tecnologia/passagens-a-r-200-pelo-programarasil-sao-vendidas-em-site-anunciado-no-facebook-youtube-instagram.html","Site que está vendendo passagens a R$200 pelo programa Voa Brasil no Facebook, Instagram e YouTube é falso","1065"
"4942","https://www.boatos.org/tecnologia/peticao-cassacao-rodrigo-maia-ajuda-tira-lo-camara-deputados.html","Petição pela cassação de Rodrigo Maia ajuda a tirá-lo da Câmara dos Deputados #boato","515"
"4943","https://www.boatos.org/tecnologia/peticao-publica-compartilhamento-fechamento-congresso.html","Petição pública que pede compartilhamento vai ajudar no fechamento do Congresso #boato","422"
"4944","https://www.boatos.org/tecnologia/petrobras-tres-meses-combustivel-gratis-compartilhar-link-whatsapp.html","Petrobras dá três meses de combustível grátis para quem compartilhar link no WhatsApp #boato","466"
"4945","https://www.boatos.org/tecnologia/petz-esta-dando-arranhador-para-gatos-a-quem-responder-a-quiz-e-pagar-frete.html","Golpe do frete cita arranhador para gatos como brinde da Petz","523"
"4946","https://www.boatos.org/tecnologia/pirelli-esta-vendendo-pneus-com-desconto-de-black-friday-em-site-anunciado-em-redes-sociais.html","Golpe cita descontos em pneus da Pirelli por causa de Black Friday","702"
"4947","https://www.boatos.org/tecnologia/pokemon-go-cia-espionar.html","Pokémon Go foi criado para CIA espionar as pessoas #boato","715"
"4948","https://www.boatos.org/tecnologia/preco-do-uber-sobe-quando-a-bateria-do-celular-esta-baixa.html","É falso que preço do Uber suba quando bateria do celular está baixa","765"
"4949","https://www.boatos.org/tecnologia/prefeito-parnaiba-volta-de-hospital-psiquiatrico-e-faz-declaracao-sem-sentido.html","Prefeito de Parnaíba volta de hospital psiquiátrico e faz declaração sem sentido #boato","673"
"4950","https://www.boatos.org/tecnologia/prefeitura-abre-inscricoes-programa-vale-mercado-2021-whatsapp.html","Prefeitura abre inscrições para programa Vale Mercado 2021 no WhatsApp #boato","517"
"4951","https://www.boatos.org/tecnologia/premio-messenger-facebook.html","Você ganhou um prêmio através do Messenger do Facebook #boato","354"
"4952","https://www.boatos.org/tecnologia/programa-fome-zero-cestas-basicas-compartilhar-link-whatsapp.html","Programa Fome Zero dá cestas básicas para quem compartilhar link no WhatsApp #boato","577"
"4953","https://www.boatos.org/tecnologia/programa-merenda-casa-paga-auxilio-quem-compartilhar-whatsapp.html","Programa Merenda em Casa paga auxílio para quem compartilhar no WhatsApp #boato","598"
"4954","https://www.boatos.org/tecnologia/programa-prato-cheio-cesta-basica-para-quem-compartilhar-link-no-whatsapp.html","Programa Prato Cheio dá cesta básica para quem compartilhar um link no WhatsApp #boato","452"
"4955","https://www.boatos.org/tecnologia/programa-prato-cheio-governo-dao-cesta-basica-compartilhar-link-whatsapp.html","Programa Prato Cheio e governo dão cesta básica para quem compartilhar link no WhatsApp #boato","470"
"4956","https://www.boatos.org/tecnologia/programa-renda-brasil-credito-credito-r-50-mil-lancado-site-whatsapp.html","Programa Renda Brasil +Crédito, com crédito de R$ 50 mil, é lançado em site no WhatsApp #boato","567"
"4957","https://www.boatos.org/tecnologia/programa-renda-cidada-emergencial-inscricoes-abertas-whatsapp.html","Programa Renda Cidadã Emergencial está com inscrições abertas em site no WhatsApp #boato","516"
"4958","https://www.boatos.org/tecnologia/programa-renda-familiar-mensal-inscricoes-site-whatsapp.html","Programa Renda Familiar Mensal tem inscrições abertas em site no WhatsApp #boato","669"
"4959","https://www.boatos.org/tecnologia/programa-vale-gas-inscricoes-abertas-site-whatsapp.html","Programa Vale Gás está com inscrições abertas em site no WhatsApp #boato","523"
"4960","https://www.boatos.org/tecnologia/projeto-alimento-solidario-cesta-basica-vale-compras-site-whatsapp.html","Projeto Alimento Solidário dá cesta básica e vale-compras em site no WhatsApp #boato","543"
"4961","https://www.boatos.org/tecnologia/promocao-copa-mundo-premiada-cielo-traz-virus-facebook.html","Promoção Copa do Mundo Premiada Cielo traz vírus no Facebook","407"
"4962","https://www.boatos.org/tecnologia/rafael-nunes-ministerio-publico-da-saude-agendamento-vacinacao-whatsapp.html","Rafael Nunes do Ministério Público da Saúde faz agendamento de vacinação no WhatsApp #boato","613"
"4963","https://www.boatos.org/tecnologia/raio-atingiu-pessoas-arvore-por-causa-celular-posicao-antena.html","Não é verdade que raio atingiu pessoas em árvore por causa de celular em “posição de antena”","533"
"4964","https://www.boatos.org/tecnologia/recebemos-reclamacoes-de-que-sua-conta-no-facebook-violaram-nossos-padroes.html","Mensagem que diz que sua conta no Facebook violou padrões e será bloqueada é golpe","852"
"4965","https://www.boatos.org/tecnologia/receita-federal-envia-e-mail-sobre-divergencias-no-imposto-de-renda.html","Receita Federal envia e-mail sobre “divergências no Imposto de Renda” #boato","997"
"4966","https://www.boatos.org/tecnologia/receita-federal-envia-e-mail-sobre-pendencia-no-cpf-relacionada-ao-imposto-de-renda.html","Golpe em e-mail falso da Receita Federal cita alerta de pendências falsas no CPF","758"
"4967","https://www.boatos.org/tecnologia/receita-federal-envia-intimacao-regularizacao-dados-cadastrais-site-info2010-x10-mx.html","Receita Federal envia intimação para regularização de dados cadastrais no site info2010.x10.mx #boato","636"
"4968","https://www.boatos.org/tecnologia/rede-supermarket-esta-sorteando-geladeiras-e-maquinas-de-lavar-para-quem-destacar-no-facebook.html","Rede Supermarket não está sorteando geladeiras e máquinas de lavar no Facebook","702"
"4969","https://www.boatos.org/tecnologia/rede-supermarket-esta-sorteando-premios-para-quem-comentar-no-facebook.html","Golpe usa nome da Rede Supermarket em falso sorteio no Facebook","511"
"4970","https://www.boatos.org/tecnologia/rei-bahrein-dubai-robo-guarda-costas-video.html","Rei do Bahrein chega a Dubai com robô guarda-costas incrível, mostra vídeo #boato","825"
"4971","https://www.boatos.org/tecnologia/renner-esta-doando-produtos-beleza-vai-fechar-lojas-fisicas.html","Renner está doando produtos de beleza porque vai fechar lojas físicas #boato","409"
"4972","https://www.boatos.org/tecnologia/ri-happy-dando-vale-presente-dia-das-criancas-site-whatsapp.html","Ri Happy está dando vale-presente de Dia das Crianças em site no WhatsApp #boato","918"
"4973","https://www.boatos.org/tecnologia/rihappy-presentes-dia-das-criancas-covid-19-site-whatsapp.html","Rihappy está dando presentes de Dia das Crianças por causa da Covid-19 em site no WhatsApp #boato","582"
"4974","https://www.boatos.org/tecnologia/roblox-esta-dando-robux-gratis-por-causa-de-aniversario-boato.html","Roblox está dando Robux grátis por causa de aniversário em site no WhatsApp #boato","539"
"4975","https://www.boatos.org/tecnologia/roblox-vai-ser-banido-do-brasil-em-marco-de-2026.html","É falso que Roblox vá ser banido do Brasil em março de 2026","653"
"4976","https://www.boatos.org/tecnologia/roblox-vende-5600-robux-por-r1990-em-promocao-oficial.html","Golpe promete 5600 Robux por R$19,90 em suposta promoção do Roblox","517"
"4977","https://www.boatos.org/tecnologia/rolex-comemora-100o-aniversario-da-relogios-whatsapp.html","Rolex comemora 100º aniversário e dá relógios no WhatsApp #boato","660"
"4978","https://www.boatos.org/tecnologia/sadia-dando-peru-de-natal-para-quem-compartilhar-link-whatsapp.html","Sadia está dando peru de Natal para quem compartilhar um link no WhatsApp #boato","593"
"4979","https://www.boatos.org/tecnologia/sams-club-esta-dando-r-1000-de-presente-de-natal-para-quem-compartilhar-link-no-whatsapp.html","Golpe do “presente de Natal” para quem compartilhar também usa o nome do Sam’s Club","564"
"4980","https://www.boatos.org/tecnologia/se-voce-pesquisar-ankole-google-aparece-uma-foto-sua.html","Se você pesquisar Ankole no Google aparece uma foto sua #boato","482"
"4981","https://www.boatos.org/tecnologia/se-voce-repassar-foto-de-flores-no-whatsapp-hospital-do-cancer-vai-doacao-em-euros-boato.html","Se você repassar foto de flores no WhatsApp, Hospital do Câncer vai doação em euros #boato","469"
"4982","https://www.boatos.org/tecnologia/seismic-waves-card-arquivo-fotos-terremoto-marrocos-e-virus-whatsapp.html","Corrente que aponta que arquivo com fotos do terremoto no Marrocos chamado Seismic Waves Card é falsa","514"
"4983","https://www.boatos.org/tecnologia/sem-parar-envia-sms-falando-sobre-falhas-e-pedindo-dados-pessoais.html","Mensagem em SMS em nome do Sem Parar que pede dados e pagamento é golpe","554"
"4984","https://www.boatos.org/tecnologia/sephora-vai-fechar-lojas-doar-produtos-beleza.html","Sephora vai fechar lojas e doar produtos de beleza #boato","419"
"4985","https://www.boatos.org/tecnologia/shopee-cash-e-um-aplicativo-oficial-para-voce-ganhar-dinheiro-avaliando-produtos.html","Aplicativo Shopee Cash é mais um golpe circulando na internet","790"
"4986","https://www.boatos.org/tecnologia/shopee-esta-dando-premio-r-500-por-causa-carnaval-quem-compartilhar-link-no-whatsapp.html","Shopee está dando prêmio de R$ 500 por causa do carnaval para quem compartilhar link no WhatsApp #boato","491"
"4987","https://www.boatos.org/tecnologia/silvio-santos-dando-nova-nota-r-200-jogo-compartilhar-whatsapp.html","Silvio Santos está dando nova nota de R$ 200 em jogo para quem compartilhar no WhatsApp #boato","627"
"4988","https://www.boatos.org/tecnologia/sim-swap-fraud-novo-golpe-bandidos-pressione-tecla-1-celular.html","SIM Swap Fraud é um novo golpe em que bandidos pedem que você pressione a tecla 1 no celular #boato","1049"
"4989","https://www.boatos.org/tecnologia/sistema-permite-que-voce-acerte-os-numeros-da-mega-sena-da-virada-pagando-uma-taxa.html","Golpe cita sistema para ganhar na Mega-Sena criado por Carlos Ferraz","1215"
"4990","https://www.boatos.org/tecnologia/site-da-internet-gratuita-500-gb-4g-compartilhar-link-whatsapp.html","Site dá internet gratuita 500 GB 4G para quem compartilhar link no WhatsApp #boato","569"
"4991","https://www.boatos.org/tecnologia/site-iphone-12-gratis-lancamento-telefone.html","Site dá iPhone 12 grátis por causa de lançamento do telefone #boato","418"
"4992","https://www.boatos.org/tecnologia/sites-de-apostas-nao-pagam-apostadores-boato.html","Sites de apostas não pagam apostadores #boato","588"
"4993","https://www.boatos.org/tecnologia/sites-rodapremiada-top-e-superpremios-xyz-dao-premios-no-whatsapp.html","Sites rodapremiada.top e superpremios.xyz dão prêmios no WhatsApp #boato","569"
"4994","https://www.boatos.org/tecnologia/skol-dando-geladeirinha-gratis-site-whatsapp.html","Skol está dando geladeirinha grátis em site no WhatsApp #boato","411"
"4995","https://www.boatos.org/tecnologia/sofia-compartilhamento-video-whatsapp.html","Menina Sofia vai ganhar R$ 1 por compartilhamento de vídeo no WhatsApp #boato","522"
"4996","https://www.boatos.org/tecnologia/sua-cnh-esta-vencida-e-voce-pode-entrar-com-recurso-pagando-taxa.html","Golpe por SMS fala de CNH vencida e pede pagamento de taxa em site “Gov”","677"
"4997","https://www.boatos.org/tecnologia/supermercado-drive-thru-dubai.html","Novo supermercado drive-thru será inaugurado em Dubai em 2019, mostra vídeo #boato","457"
"4998","https://www.boatos.org/tecnologia/supermercado-mateus-da-premios-de-dia-internacional-da-mulher-para-quem-compartilhar-link-no-whatsapp.html","Golpe no WhatsApp cita nome do Supermercado Mateus e fala sobre brindes de Dia Internacional da Mulher","618"
"4999","https://www.boatos.org/tecnologia/supermercados-bh-dando-premios-dia-internacional-da-mulher-2024.html","Golpe no WhatsApp cita rede Supermercados BH e Dia Internacional da Mulher","837"
"5000","https://www.boatos.org/tecnologia/supermercados-bh-esta-dando-iphone-gratis-por-causa-de-28o-aniversario.html","Golpe cita aniversário de 28 anos do Supermercados BH e iPhone grátis","610"
"5001","https://www.boatos.org/tecnologia/supermercados-bh-esta-dando-presente-de-ano-novo-para-quem-compartilhar-link-no-whatsapp.html","Nome do Supermercados BH é utilizado em “golpe do quiz” de Ano Novo no WhatsApp","438"
"5002","https://www.boatos.org/tecnologia/supermercados-pingo-doce-dao-premios-para-quem-comentar-post-no-facebook.html","Golpe cita prêmios dados pela rede de supermercados Pingo Doce","357"
"5003","https://www.boatos.org/tecnologia/tap-air-portugal-esta-dando-presente-de-ano-novo-para-quem-compartilhar-no-whatsapp.html","Golpe que cita TAP volta a circular no WhatsApp citando o ano novo","492"
"5004","https://www.boatos.org/tecnologia/tecnologia-5g-ligada-surgimento-coronavirus-china.html","Tecnologia 5G está ligada ao surgimento do novo coronavírus na China #boato","950"
"5005","https://www.boatos.org/tecnologia/tecnologia-5g-morte-passaros-radiacao.html","Tecnologia 5G causou morte de centenas de pássaros por causa da radiação #boato","708"
"5006","https://www.boatos.org/tecnologia/tecnologia-blockchain-serve-apenas-para-pagamentos-boato.html","Tecnologia Blockchain serve apenas para pagamentos #boato","622"
"5007","https://www.boatos.org/tecnologia/telefone-ninja-um-virus-dados.html","Site telefone.ninja é um vírus e rouba dados pessoais #boato","1248"
"5008","https://www.boatos.org/tecnologia/termo-como-matar-uma-mulher-sem-deixar-rastros-foi-pesquisado-163-milhoes-de-vezes-no-google-em-2025.html","É falso que termo “como MATAR uma MULHER sem deixar rastros” foi pesquisado 163 milhões de vezes no Google em 2025","686"
"5009","https://www.boatos.org/tecnologia/tesla-lanca-plataforma-bitcoin-destinada-fazer-familias-enriquecer.html","Tesla lança plataforma de Bitcoin destinada a fazer famílias a enriquecer #boato","396"
"5010","https://www.boatos.org/tecnologia/tokstok-anuncia-falencia-faz-superpromocao-site-facebook.html","Tok&Stok anuncia falência e faz superpromoção em site no Facebook #boato","580"
"5011","https://www.boatos.org/tecnologia/toyota-esta-dando-presente-de-ano-novo-para-quem-compartilhar-link-no-whatsapp.html","Outro golpe no WhatsApp fala de presente de Ano Novo da Toyota","458"
"5012","https://www.boatos.org/tecnologia/toyota-hilux-que-nao-foi-vendida-esta-sendo-distribuida-gratuitamente-em-redes-sociais.html","Golpe em redes sociais fala sobre distribuição gratuita de Toyota Hilux que “não foi vendida”","583"
"5013","https://www.boatos.org/tecnologia/tramontina-kit-completo-panelas-comentar-ok-post-facebook.html","Tramontina dá kit completo de panelas para quem comentar OK em post no Facebook #boato","407"
"5014","https://www.boatos.org/tecnologia/tribunal-de-justica-e-receita-federal-informam-que-cpf-e-cnpj-mei-constam-como-irregular.html","Mensagens de alerta sobre irregularidade no CPF e suspensão de CNPJ MEI são passam de golpes","679"
"5015","https://www.boatos.org/tecnologia/tse-esta-cancelado-titulos-de-eleitor-provisoriamente-e-pedindo-desbloqueio-em-link.html","TSE está cancelado títulos de eleitor provisoriamente e pedindo desbloqueio em link #boato","511"
"5016","https://www.boatos.org/tecnologia/uber-hackeado-assaltarem-mulheres.html","Uber foi hackeado para bandidos assaltarem mulheres #boato","788"
"5017","https://www.boatos.org/tecnologia/ultimas-palavras-steve-jobs.html","Texto retrata as últimas palavras de Steve Jobs antes de morrer #boato","731"
"5018","https://www.boatos.org/tecnologia/ultra-slim-virus-facebook-usa-produto-de-emagrecimento-como-isca.html","Ultra Slim: vírus do Facebook usa produto de emagrecimento como isca","358"
"5019","https://www.boatos.org/tecnologia/unimed-planos-saude-gratis.html","Unimed está dando planos de saúde grátis por um ano em site #boato","410"
"5020","https://www.boatos.org/tecnologia/unimed-vagas-para-pessoas-sem-experiencia-site-whatsapp.html","Unimed tem vagas disponíveis para pessoas sem experiência em site no WhatsApp #boato","564"
"5021","https://www.boatos.org/tecnologia/uninove-tratamento-odontologico-gratis-whatsapp.html","Uninove oferece tratamento odontológico grátis em site no WhatsApp #boato","543"
"5022","https://www.boatos.org/tecnologia/universidade-estacio-tratamento-odontologico-gratiswhatsapp.html","Universidade Estácio está com tratamento odontológico grátis em site no WhatsApp #boato","643"
"5023","https://www.boatos.org/tecnologia/usaflex-esta-dando-calcados-gratis-para-quem-responder-pesquisa-e-pagar-frete-do-produto.html","Golpe usa o nome da Usaflex e cita distribuição de calçados grátis para quem pagar frete","919"
"5024","https://www.boatos.org/tecnologia/vacinaja-vacinaja-sp-gov-br-um-site-fake-aplica-golpes.html","Vacinaja (vacinaja.sp.gov.br) é um site fake que aplica golpes #boato","605"
"5025","https://www.boatos.org/tecnologia/vagas-emprego-unimed-whatsapp.html","Vagas de emprego na Unimed para quem compartilhar link no WhatsApp #boato","637"
"5026","https://www.boatos.org/tecnologia/vale-da-presentes-ano-novo-quem-compartilhar-link-whatsapp.html","É falso que a Vale esteja dando presentes por causa do Ano Novo no WhatsApp","612"
"5027","https://www.boatos.org/tecnologia/vaquinha-salve-felipe-para-menino-de-12-anos-com-shua-e-real.html","Golpistas criam vaquinha falsa “Salve Felipe” para desviar doações de caso real","828"
"5028","https://www.boatos.org/tecnologia/vaquinhas-para-larinha-isaac-e-yasmin-em-sites-anunciados-em-redes-sociais-sao-reais.html","Golpes citam vaquinhas para crianças doentes que perderam o pai chamadas Larinha, Isaac e Yasmin","738"
"5029","https://www.boatos.org/tecnologia/video-a-danca-do-papa-e-virus-que-formata-celular-boato.html","Vídeo “A Dança do Papa” é vírus que formata celular #boato","343"
"5030","https://www.boatos.org/tecnologia/video-argentina-esta-fazendo-isso-hackeia-telefone-10-segundos.html","Vídeo Argentina está fazendo isso, sobre Covid-19, hackeia o telefone em 10 segundos #boato","515"
"5031","https://www.boatos.org/tecnologia/video-aviao-queda-virus.html","Vídeo do interior do avião no exato momento da queda é um vírus #boato","402"
"5032","https://www.boatos.org/tecnologia/video-carnaval-de-pipoca-hackeia.html","Vídeo Carnaval de Pipoca é um vírus que hackeia celular #boato","455"
"5033","https://www.boatos.org/tecnologia/video-danca-marcelo-careca-virus.html","Vídeo “Dança do Marcelo Careca” é um vírus muito perigoso #boato","367"
"5034","https://www.boatos.org/tecnologia/video-dance-of-the-pope-virus.html","Não cliquem no vídeo Dance of the pope; é um vírus mortal #boato","312"
"5035","https://www.boatos.org/tecnologia/video-decretada-prisao-temer-virus.html","Vídeo Decretada Prisão de Michel Temer é um vírus que formata celular #boato","466"
"5036","https://www.boatos.org/tecnologia/video-india-is-doing-it-hackeia-telefone.html","Vídeo India is doing it hackeia o seu telefone em 10 segundos #boato","524"
"5037","https://www.boatos.org/tecnologia/video-mariana-briga-com-vizinha-por-caneca-e-virus-diz-aviso-falso.html","Vídeo “Mariana briga com vizinha por caneca” é vírus, diz aviso falso","356"
"5038","https://www.boatos.org/tecnologia/video-mostra-explosao-apos-acidente-com-carro-eletrico.html","Vídeo que mostra explosão após acidente não é de carro elétrico","1167"
"5039","https://www.boatos.org/tecnologia/video-mostra-robo-que-foi-treinado-na-colheita-de-arroz-na-china.html","Vídeo que mostra robô colhendo arroz na China é uma montagem","876"
"5040","https://www.boatos.org/tecnologia/video-papa-dancando-samba-e-virus-que-vai-infectar-seu-celular-alerta-delegado-da-pf.html","Vídeo papa dançando samba é um vírus que vai infectar o seu celular, alerta delegado da PF #boato","681"
"5041","https://www.boatos.org/tecnologia/video-papa-dancando-samba-virus-delegado.html","Vídeo do papa dançando samba é um vírus e delegado da PF faz alerta #boato","703"
"5042","https://www.boatos.org/tecnologia/video-prenderam-lula-virus.html","Vídeo Prenderam o Lula é um vírus que formata celular #boato","461"
"5043","https://www.boatos.org/tecnologia/video-ventiladores-cancerigenos-virus.html","Vídeo Ventiladores Cancerígenos é um vírus que hackeia o celular #boato","390"
"5044","https://www.boatos.org/tecnologia/videos-virus-que-formata-celular.html","7 alertas falsos de vídeos “com vírus poderoso que formata celular”","701"
"5045","https://www.boatos.org/tecnologia/virus-brasileiro-idiota-pode-apagar-o-seu-hd-diz-alerta-falso.html","Vírus “brasileiro idiota” pode apagar o seu HD, diz alerta falso","557"
"5046","https://www.boatos.org/tecnologia/virus-e-mail-diz-para-usuario-hotmail-recadastrar-conta-outlook.html","Vírus: e-mail diz para usuário do Hotmail recadastrar conta no Outlook","453"
"5047","https://www.boatos.org/tecnologia/virus-em-rede-social-facefollow-ganhe-seguidores-facebook.html","Vírus em rede social: Facefollow – Ganhe seguidores no Facebook","369"
"5048","https://www.boatos.org/tecnologia/virus-facebook-ganhe-dinheiro-sem-sair-de-casa-saiba-como-aqui.html","Vírus no Facebook: ganhe dinheiro sem sair de casa – Saiba como aqui","291"
"5049","https://www.boatos.org/tecnologia/virus-facebook-o-que-os-homens-fazem-com-uma-mulher-bebada.html","Vírus no Facebook: o que os homens fazem com uma mulher bêbada","357"
"5050","https://www.boatos.org/tecnologia/virus-gambarelli-whatsapp-gold-ameacas-telefones.html","Vírus Gambarelli e WhatsApp Gold são as mais novas ameaças a telefones #boato","604"
"5051","https://www.boatos.org/tecnologia/virus-homem-teste-fidelidade-descobre-mulher-lesbica.html","Vírus: homem ao fazer teste de fidelidade descobre que mulher é lésbica","333"
"5052","https://www.boatos.org/tecnologia/virus-martinelli-whatsapp-gold-hackear-seu-celular.html","Vírus Martinelli e WhatsApp Gold vão hackear o seu celular #boato","522"
"5053","https://www.boatos.org/tecnologia/virus-mulher-descobre-traicao-marido-com-amiga-e-senta-porrada.html","Vírus: mulher descobre traição do marido com a amiga e senta a porrada","356"
"5054","https://www.boatos.org/tecnologia/vivo-esta-fazendo-leilao-de-celulares-de-mostruario-com-iphones-e-outros-smartphones-baratos.html","Anúncio de leilão da Vivo com celulares de mostruário a partir de R$133,22 é golpe","979"
"5055","https://www.boatos.org/tecnologia/voce-pode-ganhar-muito-dinheiro-com-aplicativo-google-captchas-avaliando-cadastros.html","Golpe cita trabalho em casa com aplicativo Google Captchas e ganho de “muito dinheiro”","814"
"5056","https://www.boatos.org/tecnologia/walmart-anuncia-aceitar-pagamentos-criptomoedas.html","Walmart Anuncia que vai aceitar pagamentos em criptomoedas #boato","594"
"5057","https://www.boatos.org/tecnologia/whatsapp-da-creditos-gratis-celular.html","WhatsApp completa três anos e dá créditos grátis para celular #boato","409"
"5058","https://www.boatos.org/tecnologia/whatsapp-da-r-1-por-compartilhamento-foto-de-crianca-cancer-no-sangue.html","WhatsApp dá R$ 1 por compartilhamento de foto de criança com câncer no sangue #boato","494"
"5059","https://www.boatos.org/tecnologia/whatsapp-gold-e-gambarelli-sao-virus-que-atacam-seu-telefone.html","Fake news sobre WhatsApp Gold e vírus Gambarelli volta a circular na internet","615"
"5060","https://www.boatos.org/tecnologia/whatsapp-gold-e-video-martinelli-sao-virus-que-vao-estragar-o-seu-celular-boato.html","WhatsApp Gold e vídeo Martinelli são vírus que vão estragar o seu celular #boato","507"
"5061","https://www.boatos.org/tecnologia/whatsapp-gold-video-gambarelli-sao-virus-bloqueiam-telefone-conta-bancaria.html","WhatsApp Gold e vídeo Gambarelli são vírus que bloqueiam o telefone e sua conta bancária #boato","626"
"5062","https://www.boatos.org/tecnologia/whatsapp-gold-video-martinelli-virus.html","Não atualize para o WhatsApp Gold e não veja o vídeo Martinelli; são vírus #boato","521"
"5063","https://www.boatos.org/tecnologia/whatsapp-limitou-compartilhamento-para-prejudicar-bolsonaro-ajudar-comunistas.html","WhatsApp limitou compartilhamento apenas no Brasil só para prejudicar Bolsonaro #boato","960"
"5064","https://www.boatos.org/tecnologia/whatsapp-paga-menina-cancer-medula.html","WhatsApp paga R$ 1 por foto de menina com câncer no sangue #boato","507"
"5065","https://www.boatos.org/tecnologia/whatsapp-retrospectiva-2017.html","WhatsApp liberou retrospectiva 2017 para quem compartilhar no app #boato","446"
"5066","https://www.boatos.org/tecnologia/whatsapp-vai-deixar-de-funcionar-em-todos-celulares-samsung-motorola-sony-iphone.html","WhatsApp vai deixar de funcionar em todos celulares Samsung, Motorola, Sony e iPhone #boato","462"
"5067","https://www.boatos.org/tecnologia/whatsapp-vai-ficar-entre-48-72-horas-fora-do-ar.html","WhatsApp vai ficar entre 48 e 72 horas fora do ar #boato","512"
"5068","https://www.boatos.org/tecnologia/x-supermercados-esta-dando-volkswagen-tiguan-r-line-2025-para-quem-comentar-destacar-no-facebook.html","Golpe cita que X Supermercados está dando Volkswagen Tiguan R-Line 2025 para quem comentar destacar no Facebook","643"
"5069","https://www.boatos.org/tecnologia/xiaomi-fecha-lojas-no-brasil-e-vende-aspirador-robo-com-95-de-desconto-em-site-boato.html","Xiaomi fecha lojas no Brasil e vende aspirador robô com 95% de desconto em site #boato","544"
"5070","https://www.boatos.org/tecnologia/youtuber-dom-hard-choque-celular-morre.html","Youtuber Dom Hard sofre choque com celular carregando, morre e mãe se desespera #boato","709"
"5071","https://www.boatos.org/tecnologia/ype-esta-dando-kit-gratis-para-quem-responder-a-quiz-e-pagar-frete.html","Mensagem que aponta que a Ypê está dando um kit de produtos para quem responder quiz é golpe","920"
"5072","https://www.boatos.org/tecnologia/zaffari-esta-dando-r-1000-de-dia-internacional-da-mulher-para-quem-compartilhar-link.html","É falso que o Zaffari esteja dando prêmios por causa do Dia Internacional da Mulher","806"
"5073","https://www.boatos.org/tecnologia/zaffari-esta-dando-r-1000-de-presentes-do-dia-da-independencia-no-whatsapp.html","É golpe mensagem no WhatsApp sobre Zaffari dar R$ 1000 em presentes de Dia da Independência","659"
"5074","https://www.boatos.org/tecnologia/zaffari-esta-dando-r1000-de-presente-de-natal-para-quem-compartilhar-link-no-whatsapp.html","Golpe no WhatsApp cita sorteio e presente de Natal da rede de supermercados Zaffari","632"
"5075","https://www.boatos.org/tecnologia/zara-vende-caixas-de-roupas-e-r-13-para-quem-entrar-em-site-e-responder-pesquisa.html","Mensagem que fala que Zara está vendendo caixas com roupas por R$13 após pesquisa é golpe","591"
"5076","https://www.boatos.org/tecnologia/zinzane-esta-dando-descontos-de-70-para-quem-responder-a-um-quiz.html","Golpe cita descontos da loja Zinzane para quem responder a quiz","548"
